STATE_NAME,STATE_FIPS,age_group,frac_high_risk,frac_high_risk_low,frac_high_risk_upp,n_unw
New Mexico,35,0-4,0.0567010209195449,0.017013827221874,0.0963882146172157,358
New Mexico,35,5-17,0.36513916803801,0.317335187026586,0.412943149049435,781
New Mexico,35,18-49,0.516604919576343,0.474829734846671,0.558380104306014,1046
New Mexico,35,50-64,0.549297532643547,0.497506325189696,0.601088740097399,767
New Mexico,35,65+,0.628947941356369,0.590335129504101,0.667560753208638,1407
