STATE_NAME,STATE_FIPS,age_group,frac_high_risk,frac_high_risk_low,frac_high_risk_upp,n_unw
Illinois,17,0-4,0.0496974800813718,0.0273069461465164,0.0720880140162273,429
Illinois,17,5-17,0.325947363308892,0.287623198501805,0.364271528115979,1063
Illinois,17,18-49,0.488022553480666,0.462097880650261,0.51394722631107,2452
Illinois,17,50-64,0.5457188934649,0.508160431784426,0.583277355145374,1273
Illinois,17,65+,0.599647692925084,0.563987715126262,0.635307670723907,1552
