STATE_NAME,STATE_FIPS,age_group,frac_high_risk,frac_high_risk_low,frac_high_risk_upp,n_unw
Indiana,18,0-4,0.0702235794256721,0.0390785806551329,0.101368578196211,277
Indiana,18,5-17,0.337206248900551,0.286492696182535,0.387919801618567,541
Indiana,18,18-49,0.499246771180056,0.480326082474673,0.518167459885439,3957
Indiana,18,50-64,0.599782780138656,0.578102116728907,0.621463443548405,2819
Indiana,18,65+,0.647892721395982,0.630345661915942,0.665439780876022,4212
