STATE_NAME,STATE_FIPS,age_group,frac_high_risk,frac_high_risk_low,frac_high_risk_upp,n_unw
Colorado,08,0-4,0.0535217178782974,0.0262710385520283,0.0807723972045665,454
Colorado,08,5-17,0.300526879679406,0.257731720745565,0.343322038613247,994
Colorado,08,18-49,0.561685905135614,0.542951672629876,0.580420137641352,3889
Colorado,08,50-64,0.492956057163653,0.465776193962246,0.520135920365059,2057
Colorado,08,65+,0.55696366074564,0.532223422144654,0.581703899346625,2835
