STATE_NAME,STATE_FIPS,age_group,frac_high_risk,frac_high_risk_low,frac_high_risk_upp,n_unw
Mississippi,28,0-4,0.0579891484390711,0.025788345127739,0.0901899517504032,243
Mississippi,28,5-17,0.449502139920731,0.38995074232253,0.509053537518932,503
Mississippi,28,18-49,0.489543074522714,0.460018581148373,0.519067567897055,1880
Mississippi,28,50-64,0.482674236065548,0.439931640493979,0.525416831637117,989
Mississippi,28,65+,0.559847461123686,0.519243070861881,0.600451851385492,1196
