STATE_NAME,STATE_FIPS,age_group,frac_high_risk,frac_high_risk_low,frac_high_risk_upp,n_unw
North Dakota,38,0-4,0.0788810136221195,0.0277486257428392,0.1300134015014,274
North Dakota,38,5-17,0.323858335583449,0.270655522994199,0.377061148172698,485
North Dakota,38,18-49,0.50901463090635,0.483073448923175,0.534955812889525,2003
North Dakota,38,50-64,0.494658832228642,0.463039835227816,0.526277829229467,1334
North Dakota,38,65+,0.572116269571095,0.547965832359602,0.596266706782588,2407
