STATE_NAME,STATE_FIPS,age_group,frac_high_risk,frac_high_risk_low,frac_high_risk_upp,n_unw
Vermont,50,0-4,0.0845597349023819,0.0357378554515946,0.133381614353169,284
Vermont,50,5-17,0.332492901768238,0.280031445399744,0.384954358136731,521
Vermont,50,18-49,0.519112287081637,0.492227256268845,0.545997317894429,2247
Vermont,50,50-64,0.515418197560454,0.485979646081248,0.544856749039659,2154
Vermont,50,65+,0.550470310095935,0.519431790875708,0.581508829316163,3234
