STATE_NAME,STATE_FIPS,age_group,frac_high_risk,frac_high_risk_low,frac_high_risk_upp,n_unw
Pennsylvania,42,0-4,0.0676685891093024,0.0288127331561435,0.106524445062461,426
Pennsylvania,42,5-17,0.343395647966724,0.307314946825506,0.379476349107942,1116
Pennsylvania,42,18-49,0.538578280022032,0.507711415273787,0.569445144770277,2036
Pennsylvania,42,50-64,0.479390185445654,0.43788331784103,0.520897053050279,1199
Pennsylvania,42,65+,0.569966094464522,0.53033049443219,0.609601694496855,1345
