STATE_NAME,STATE_FIPS,age_group,frac_high_risk,frac_high_risk_low,frac_high_risk_upp,n_unw
California,06,0-4,0.0537641289309167,0.0345378719396136,0.0729903859222198,1047
California,06,5-17,0.332025885839744,0.309448799893802,0.354602971785686,3646
California,06,18-49,0.49351460805057,0.474784425766233,0.512244790334907,4930
California,06,50-64,0.507794922370246,0.478321863360125,0.537267981380368,2715
California,06,65+,0.657484479643544,0.633249345715841,0.681719613571247,4325
