STATE_NAME,STATE_FIPS,age_group,frac_high_risk,frac_high_risk_low,frac_high_risk_upp,n_unw
Ohio,39,0-4,0.067597092529459,0.0363733059203995,0.0988208791385185,502
Ohio,39,5-17,0.377116610446107,0.341217551919484,0.413015668972731,1232
Ohio,39,18-49,0.512854699502282,0.492494972224887,0.533214426779676,4219
Ohio,39,50-64,0.489337696998613,0.467000901221941,0.511674492775286,3657
Ohio,39,65+,0.564948341553978,0.546440398076102,0.583456285031854,5497
