STATE_NAME,STATE_FIPS,age_group,frac_high_risk,frac_high_risk_low,frac_high_risk_upp,n_unw
Maryland,24,0-4,0.0774951858682404,0.0220197361410154,0.132970635595465,303
Maryland,24,5-17,0.356354934236571,0.301765169615083,0.410944698858059,582
Maryland,24,18-49,0.482536304201503,0.46252716221789,0.502545446185116,5373
Maryland,24,50-64,0.42340813808425,0.400950298197939,0.445865977970562,4475
Maryland,24,65+,0.531192477191467,0.512176078735649,0.550208875647285,7397
