STATE_NAME,STATE_FIPS,age_group,frac_high_risk,frac_high_risk_low,frac_high_risk_upp,n_unw
Tennessee,47,0-4,0.0595418194115452,0.0196603412868422,0.0994232975362482,335
Tennessee,47,5-17,0.388798271879578,0.339944538482039,0.437652005277118,684
Tennessee,47,18-49,0.51409910560244,0.486646387986159,0.541551823218721,2199
Tennessee,47,50-64,0.612009765947332,0.578790039349431,0.645229492545233,1499
Tennessee,47,65+,0.677918346036266,0.648251507760935,0.707585184311596,1943
