STATE_NAME,STATE_FIPS,age_group,frac_high_risk,frac_high_risk_low,frac_high_risk_upp,n_unw
Oregon,41,0-4,0.0386288718915156,0.0143607462019521,0.0628969975810792,303
Oregon,41,5-17,0.32296016774578,0.266241117586503,0.379679217905056,520
Oregon,41,18-49,0.509989489706801,0.485954616296092,0.53402436311751,2606
Oregon,41,50-64,0.508543074453433,0.473575180707852,0.543510968199014,1423
Oregon,41,65+,0.545785881630118,0.514716684448427,0.576855078811808,2205
