STATE_NAME,STATE_FIPS,age_group,frac_high_risk,frac_high_risk_low,frac_high_risk_upp,n_unw
Washington,53,0-4,0.0524666613521061,0.0159553323454618,0.0889779903587505,279
Washington,53,5-17,0.308463275148563,0.254753123614712,0.362173426682413,481
Washington,53,18-49,0.492646845172741,0.480832565496326,0.504461124849156,10293
Washington,53,50-64,0.463427339640367,0.44738568037452,0.479468998906214,6310
Washington,53,65+,0.551619842157551,0.537026066357706,0.566213617957396,9834
