STATE_NAME,STATE_FIPS,age_group,frac_high_risk,frac_high_risk_low,frac_high_risk_upp,n_unw
Virginia,51,0-4,0.0536375988673364,0.0077396508144749,0.0995355469201979,295
Virginia,51,5-17,0.28674766926579,0.237968554789611,0.335526783741969,534
Virginia,51,18-49,0.498705563202614,0.470868517724018,0.52654260868121,2128
Virginia,51,50-64,0.473534058611192,0.438221411344936,0.508846705877448,1617
Virginia,51,65+,0.567722962971321,0.542206698989972,0.59323922695267,3232
