STATE_NAME,STATE_FIPS,age_group,frac_high_risk,frac_high_risk_low,frac_high_risk_upp,n_unw
Kentucky,21,0-4,0.0603632275203349,0.0249106575391306,0.0958157975015392,259
Kentucky,21,5-17,0.364023197439625,0.306749864862811,0.421296530016438,482
Kentucky,21,18-49,0.513714163161828,0.48104827162394,0.546380054699717,1618
Kentucky,21,50-64,0.534837123521555,0.493933686088271,0.57574056095484,1101
Kentucky,21,65+,0.625297996726938,0.585956746461521,0.664639246992355,1299
