STATE_NAME,STATE_FIPS,age_group,frac_high_risk,frac_high_risk_low,frac_high_risk_upp,n_unw
Rhode Island,44,0-4,0.106954433111137,0.0476869585510195,0.166221907671255,278
Rhode Island,44,5-17,0.369425695914292,0.307979460111625,0.430871931716959,477
Rhode Island,44,18-49,0.501538452362472,0.47109414507461,0.531982759650334,1877
Rhode Island,44,50-64,0.471799703646391,0.438109444320446,0.505489962972337,1676
Rhode Island,44,65+,0.562356881611601,0.530483021344226,0.594230741878977,2227
