STATE_NAME,STATE_FIPS,age_group,frac_high_risk,frac_high_risk_low,frac_high_risk_upp,n_unw
Delaware,10,0-4,0.0989317689255955,0.0306471520350479,0.167216385816143,272
Delaware,10,5-17,0.416847392994174,0.354095795894888,0.47959899009346,470
Delaware,10,18-49,0.503762707441547,0.465563958735513,0.54196145614758,1262
Delaware,10,50-64,0.542690213704788,0.500402463782771,0.584977963626805,1061
Delaware,10,65+,0.659883730438924,0.630998356281154,0.688769104596695,1959
