STATE_NAME,STATE_FIPS,age_group,frac_high_risk,frac_high_risk_low,frac_high_risk_upp,n_unw
Nevada,32,0-4,0.0212573791151595,0.00239201103845682,0.0401227471918621,229
Nevada,32,5-17,0.346122589772685,0.288575363555393,0.403669815989977,481
Nevada,32,18-49,0.512076590456623,0.46497449014875,0.559178690764496,951
Nevada,32,50-64,0.467110026597629,0.400796013990127,0.533424039205131,609
Nevada,32,65+,0.568128255252373,0.51677777501391,0.619478735490837,1088
