STATE_NAME,STATE_FIPS,age_group,frac_high_risk,frac_high_risk_low,frac_high_risk_upp,n_unw
Maine,23,0-4,0.104007430854601,0.0417444843971818,0.16627037731202,283
Maine,23,5-17,0.405385937018614,0.348365670525599,0.462406203511629,520
Maine,23,18-49,0.552193334300673,0.528016259023792,0.576370409577553,2982
Maine,23,50-64,0.576525589598105,0.553566211055915,0.599484968140295,3092
Maine,23,65+,0.648970218784148,0.632631714336718,0.665308723231578,6179
