STATE_NAME,STATE_FIPS,age_group,frac_high_risk,frac_high_risk_low,frac_high_risk_upp,n_unw
Connecticut,09,0-4,0.0800769658686894,0.030231065653512,0.129922866083867,311
Connecticut,09,5-17,0.328001385710063,0.268758676470651,0.387244094949476,512
Connecticut,09,18-49,0.492843707593421,0.468327151541658,0.517360263645184,3347
Connecticut,09,50-64,0.453593845584872,0.423500684648461,0.483687006521283,2632
Connecticut,09,65+,0.531547263496096,0.50271007923922,0.560384447752972,3518
