STATE_NAME,STATE_FIPS,age_group,frac_high_risk,frac_high_risk_low,frac_high_risk_upp,n_unw
New Jersey,34,0-4,0.0725312348512741,0.0284422924193585,0.11662017728319,270
New Jersey,34,5-17,0.353647869906733,0.294335036073341,0.412960703740126,509
New Jersey,34,18-49,0.505386768937994,0.482295384332881,0.528478153543108,3385
New Jersey,34,50-64,0.526971420894682,0.499369326564053,0.554573515225312,2446
New Jersey,34,65+,0.632332592988339,0.60872307832056,0.655942107656117,3493
