STATE_NAME,STATE_FIPS,age_group,frac_high_risk,frac_high_risk_low,frac_high_risk_upp,n_unw
Kansas,20,0-4,0.0719084304809251,0.0492354112372597,0.0945814497245904,752
Kansas,20,5-17,0.354264727170457,0.326843659430779,0.381685794910136,2053
Kansas,20,18-49,0.498879951737624,0.478542898065155,0.519217005410092,3752
Kansas,20,50-64,0.461577140958083,0.434113966680612,0.489040315235554,2403
Kansas,20,65+,0.522792280994715,0.500790884932443,0.544793677056988,3726
