STATE_NAME,STATE_FIPS,age_group,frac_high_risk,frac_high_risk_low,frac_high_risk_upp,n_unw
Georgia,13,0-4,0.0602846741557027,0.0304965410676515,0.0900728072437539,380
Georgia,13,5-17,0.384732180294996,0.338393648800366,0.431070711789626,873
Georgia,13,18-49,0.501411542138372,0.476341763605061,0.526481320671682,2783
Georgia,13,50-64,0.529309563531225,0.497214632845258,0.561404494217193,1870
Georgia,13,65+,0.642065554153104,0.619238322970996,0.664892785335211,3569
