STATE_NAME,STATE_FIPS,age_group,frac_high_risk,frac_high_risk_low,frac_high_risk_upp,n_unw
Alabama,01,0-4,0.0962884645987076,0.0398584930017824,0.152718436195633,301
Alabama,01,5-17,0.406376466860795,0.351171790447727,0.461581143273863,552
Alabama,01,18-49,0.471304507523833,0.439637057280809,0.502971957766858,1452
Alabama,01,50-64,0.545510468403792,0.508456004618163,0.582564932189421,1132
Alabama,01,65+,0.594304392253953,0.563486724469231,0.625122060038675,1776
