STATE_NAME,STATE_FIPS,age_group,frac_high_risk,frac_high_risk_low,frac_high_risk_upp,n_unw
Missouri,29,0-4,0.0878178446502991,0.0229608757382614,0.152674813562337,287
Missouri,29,5-17,0.38642102107379,0.330721966306594,0.442120075840986,509
Missouri,29,18-49,0.529744456951592,0.504719809479552,0.554769104423633,2779
Missouri,29,50-64,0.546024791287684,0.513915676421395,0.578133906153973,1688
Missouri,29,65+,0.652147459991871,0.62712292983961,0.677171990144131,2749
