"file","n","mean_sec","median_sec","sd_sec","q05_sec","q25_sec","q75_sec","q95_sec","parent_dir","model","POP","R0","NetworkDir","NetworkSize","NetworkLabel"
"../R0_sensitivity_analysis/Network_100_Node/seatird-deterministic_POP-1M_R0-0.5/simulation_times.csv",67,1274.06812590911,1261.77516019717,33.3534454977838,1243.43515833095,1249.1937449472,1293.84645993542,1338.72012452167,"seatird-deterministic_POP-1M_R0-0.5","seatird-deterministic","1M",0.5,"Network_100_Node",100,"Nodes: 100"
"../R0_sensitivity_analysis/Network_100_Node/seatird-deterministic_POP-1M_R0-0.7/simulation_times.csv",69,1238.11367460508,1228.82511917502,30.4841722806995,1208.4002011057,1214.53947880492,1255.60810229182,1309.29344639368,"seatird-deterministic_POP-1M_R0-0.7","seatird-deterministic","1M",0.7,"Network_100_Node",100,"Nodes: 100"
"../R0_sensitivity_analysis/Network_100_Node/seatird-deterministic_POP-1M_R0-0.9/simulation_times.csv",69,1236.81866957188,1225.17108065821,35.8170286004254,1201.41109890379,1207.50912205316,1251.64692998119,1307.74732067585,"seatird-deterministic_POP-1M_R0-0.9","seatird-deterministic","1M",0.9,"Network_100_Node",100,"Nodes: 100"
"../R0_sensitivity_analysis/Network_100_Node/seatird-deterministic_POP-1M_R0-1.1/simulation_times.csv",68,1259.21016010201,1250.28838158678,33.3531881117533,1218.04123294717,1237.11385670956,1274.77529500891,1315.42544805771,"seatird-deterministic_POP-1M_R0-1.1","seatird-deterministic","1M",1.1,"Network_100_Node",100,"Nodes: 100"
"../R0_sensitivity_analysis/Network_100_Node/seatird-deterministic_POP-1M_R0-1.3/simulation_times.csv",81,1058.97639635263,1046.97792182676,45.9322772252775,1009.55991540477,1023.52879962698,1078.56115009449,1144.11160423979,"seatird-deterministic_POP-1M_R0-1.3","seatird-deterministic","1M",1.3,"Network_100_Node",100,"Nodes: 100"
"../R0_sensitivity_analysis/Network_100_Node/seatird-deterministic_POP-1M_R0-1.5/simulation_times.csv",92,938.848017348726,931.103416880593,36.3342774276893,897.141925468203,914.878743935842,958.487354482524,1016.94044719739,"seatird-deterministic_POP-1M_R0-1.5","seatird-deterministic","1M",1.5,"Network_100_Node",100,"Nodes: 100"
"../R0_sensitivity_analysis/Network_100_Node/seatird-deterministic_POP-1M_R0-1.7/simulation_times.csv",100,859.029529641587,853.04983288981,28.2321470810693,829.34209746886,838.599664106499,870.817257581744,906.983021436445,"seatird-deterministic_POP-1M_R0-1.7","seatird-deterministic","1M",1.7,"Network_100_Node",100,"Nodes: 100"
"../R0_sensitivity_analysis/Network_100_Node/seatird-deterministic_POP-1M_R0-1.9/simulation_times.csv",106,812.748293895415,802.887499708682,31.2269035860275,783.82180433441,792.844988954253,821.578522630502,862.06414349284,"seatird-deterministic_POP-1M_R0-1.9","seatird-deterministic","1M",1.9,"Network_100_Node",100,"Nodes: 100"
"../R0_sensitivity_analysis/Network_100_Node/seatird-deterministic_POP-1M_R0-2.1/simulation_times.csv",113,760.752208422738,751.679836323485,27.6234638150508,734.83506273143,742.202043298632,767.956964179873,822.969932085276,"seatird-deterministic_POP-1M_R0-2.1","seatird-deterministic","1M",2.1,"Network_100_Node",100,"Nodes: 100"
"../R0_sensitivity_analysis/Network_100_Node/seatird-deterministic_POP-1M_R0-2.3/simulation_times.csv",118,729.501197489752,721.815704511479,24.4562923652371,705.842581386398,712.654329915997,738.081603250001,777.954878350068,"seatird-deterministic_POP-1M_R0-2.3","seatird-deterministic","1M",2.3,"Network_100_Node",100,"Nodes: 100"
"../R0_sensitivity_analysis/Network_100_Node/seatird-deterministic_POP-1M_R0-2.5/simulation_times.csv",122,707.19357267358,700.535810847767,24.0479060767602,685.005653042439,691.633879482746,715.290606275667,754.229720129445,"seatird-deterministic_POP-1M_R0-2.5","seatird-deterministic","1M",2.5,"Network_100_Node",100,"Nodes: 100"
"../R0_sensitivity_analysis/Network_100_Node/seatird-deterministic_POP-1M_R0-2.7/simulation_times.csv",125,688.885867644534,682.642117030919,23.430080663026,669.591948508471,674.045359652489,694.26831908524,725.042292890325,"seatird-deterministic_POP-1M_R0-2.7","seatird-deterministic","1M",2.7,"Network_100_Node",100,"Nodes: 100"
"../R0_sensitivity_analysis/Network_100_Node/seatird-deterministic_POP-1M_R0-2.9/simulation_times.csv",126,681.268339574485,674.872466110624,20.6624568825131,660.704574344214,668.00724864006,687.711592446547,725.984677766915,"seatird-deterministic_POP-1M_R0-2.9","seatird-deterministic","1M",2.9,"Network_100_Node",100,"Nodes: 100"
"../R0_sensitivity_analysis/Network_100_Node/seatird-deterministic_POP-1M_R0-3.1/simulation_times.csv",128,671.558430907215,665.82393856626,22.7586455990729,651.629482482933,657.34483076958,676.188808174804,710.964476776309,"seatird-deterministic_POP-1M_R0-3.1","seatird-deterministic","1M",3.1,"Network_100_Node",100,"Nodes: 100"
"../R0_sensitivity_analysis/Network_100_Node/seatird-deterministic_POP-1M_R0-3.3/simulation_times.csv",131,658.647156792856,653.395101213828,21.7213008197047,640.367132076062,644.647822217084,663.122468775138,699.055834643543,"seatird-deterministic_POP-1M_R0-3.3","seatird-deterministic","1M",3.3,"Network_100_Node",100,"Nodes: 100"
"../R0_sensitivity_analysis/Network_100_Node/seatird-deterministic_POP-1M_R0-3.5/simulation_times.csv",131,654.894879396735,648.265004318208,19.4839889743037,638.21059213113,641.822108552791,659.296524254605,696.214222808369,"seatird-deterministic_POP-1M_R0-3.5","seatird-deterministic","1M",3.5,"Network_100_Node",100,"Nodes: 100"
"../R0_sensitivity_analysis/Network_100_Node/seatird-deterministic_POP-1M_R0-3.7/simulation_times.csv",133,648.63782974292,641.31006587483,20.1878473865989,631.298175198212,635.716044032946,655.207359688357,681.695905541256,"seatird-deterministic_POP-1M_R0-3.7","seatird-deterministic","1M",3.7,"Network_100_Node",100,"Nodes: 100"
"../R0_sensitivity_analysis/Network_100_Node/seatird-deterministic_POP-1M_R0-3.9/simulation_times.csv",133,645.194014407302,637.871418192983,20.6441096327452,627.210657485947,633.208953911439,649.788640636951,685.300681135803,"seatird-deterministic_POP-1M_R0-3.9","seatird-deterministic","1M",3.9,"Network_100_Node",100,"Nodes: 100"
"../R0_sensitivity_analysis/Network_100_Node/seatird-deterministic_POP-1M_R0-4.1/simulation_times.csv",132,651.313581593913,644.501473511569,20.8520202380292,635.375557487644,638.74816022208,654.929641759954,694.098703683261,"seatird-deterministic_POP-1M_R0-4.1","seatird-deterministic","1M",4.1,"Network_100_Node",100,"Nodes: 100"
"../R0_sensitivity_analysis/Network_100_Node/seatird-stochastic_POP-1M_R0-0.5/simulation_times.csv",78,1097.42251545193,1088.56900796201,30.8632416035236,1066.58887240803,1075.56258612964,1109.90959025081,1154.44186897017,"seatird-stochastic_POP-1M_R0-0.5","seatird-stochastic","1M",0.5,"Network_100_Node",100,"Nodes: 100"
"../R0_sensitivity_analysis/Network_100_Node/seatird-stochastic_POP-1M_R0-0.7/simulation_times.csv",69,1237.30260013851,1227.63321569562,32.6456627720301,1201.51705758013,1211.83670655265,1256.53670999222,1297.3814405147,"seatird-stochastic_POP-1M_R0-0.7","seatird-stochastic","1M",0.7,"Network_100_Node",100,"Nodes: 100"
"../R0_sensitivity_analysis/Network_100_Node/seatird-stochastic_POP-1M_R0-0.9/simulation_times.csv",65,1323.89190714574,1314.33652209118,30.0692982674379,1293.82529790439,1299.64055587538,1332.3659972921,1382.78526418619,"seatird-stochastic_POP-1M_R0-0.9","seatird-stochastic","1M",0.9,"Network_100_Node",100,"Nodes: 100"
"../R0_sensitivity_analysis/Network_100_Node/seatird-stochastic_POP-1M_R0-1.1/simulation_times.csv",65,1316.15915382017,1317.61943202093,61.6088754420129,1219.22991202064,1261.62475652434,1359.77831623517,1408.81465855986,"seatird-stochastic_POP-1M_R0-1.1","seatird-stochastic","1M",1.1,"Network_100_Node",100,"Nodes: 100"
"../R0_sensitivity_analysis/Network_100_Node/seatird-stochastic_POP-1M_R0-1.3/simulation_times.csv",72,1186.93929169477,1172.52410605736,63.4599974043866,1097.65157693336,1140.30007202877,1232.77326151496,1296.07199365934,"seatird-stochastic_POP-1M_R0-1.3","seatird-stochastic","1M",1.3,"Network_100_Node",100,"Nodes: 100"
"../R0_sensitivity_analysis/Network_100_Node/seatird-stochastic_POP-1M_R0-1.5/simulation_times.csv",78,1102.92183123044,1099.35577647388,55.7524944906884,1029.33413760057,1056.88339825068,1129.9164255457,1206.82948087826,"seatird-stochastic_POP-1M_R0-1.5","seatird-stochastic","1M",1.5,"Network_100_Node",100,"Nodes: 100"
"../R0_sensitivity_analysis/Network_100_Node/seatird-stochastic_POP-1M_R0-1.7/simulation_times.csv",82,1043.68715702597,1033.64604962524,51.6977985173196,979.76406829441,1008.63158941129,1069.30769781023,1127.5017508571,"seatird-stochastic_POP-1M_R0-1.7","seatird-stochastic","1M",1.7,"Network_100_Node",100,"Nodes: 100"
"../R0_sensitivity_analysis/Network_100_Node/seatird-stochastic_POP-1M_R0-1.9/simulation_times.csv",90,951.192554745637,942.751402667724,48.0738963545431,898.615520024858,921.983714331873,968.123578447383,1041.32798335832,"seatird-stochastic_POP-1M_R0-1.9","seatird-stochastic","1M",1.9,"Network_100_Node",100,"Nodes: 100"
"../R0_sensitivity_analysis/Network_100_Node/seatird-stochastic_POP-1M_R0-2.1/simulation_times.csv",94,915.293339218964,906.697788913734,45.3941111985518,854.090676664095,885.584768546745,949.159431262873,994.844854785874,"seatird-stochastic_POP-1M_R0-2.1","seatird-stochastic","1M",2.1,"Network_100_Node",100,"Nodes: 100"
"../R0_sensitivity_analysis/Network_100_Node/seatird-stochastic_POP-1M_R0-2.3/simulation_times.csv",95,908.5392087049,899.666520424187,42.1924879710838,849.393713752925,881.287672237493,934.049352915026,996.035885933787,"seatird-stochastic_POP-1M_R0-2.3","seatird-stochastic","1M",2.3,"Network_100_Node",100,"Nodes: 100"
"../R0_sensitivity_analysis/Network_100_Node/seatird-stochastic_POP-1M_R0-2.5/simulation_times.csv",96,893.149574499286,885.698943583295,37.9444500905578,845.674131644424,867.104314386379,912.332565848716,957.207688672468,"seatird-stochastic_POP-1M_R0-2.5","seatird-stochastic","1M",2.5,"Network_100_Node",100,"Nodes: 100"
"../R0_sensitivity_analysis/Network_100_Node/seatird-stochastic_POP-1M_R0-2.7/simulation_times.csv",96,890.709567319835,885.988700333051,34.0232299141915,847.927352953702,865.027607101481,910.493867249228,957.09606209537,"seatird-stochastic_POP-1M_R0-2.7","seatird-stochastic","1M",2.7,"Network_100_Node",100,"Nodes: 100"
"../R0_sensitivity_analysis/Network_100_Node/seatird-stochastic_POP-1M_R0-2.9/simulation_times.csv",94,913.773629005503,903.138517854735,46.0330776550129,862.751755282842,879.375547361095,935.871054725721,993.656832008995,"seatird-stochastic_POP-1M_R0-2.9","seatird-stochastic","1M",2.9,"Network_100_Node",100,"Nodes: 100"
"../R0_sensitivity_analysis/Network_100_Node/seatird-stochastic_POP-1M_R0-3.1/simulation_times.csv",96,897.703063268602,891.470304031856,45.2346805726196,846.519594206009,866.742930342443,913.13461104827,978.273845156189,"seatird-stochastic_POP-1M_R0-3.1","seatird-stochastic","1M",3.1,"Network_100_Node",100,"Nodes: 100"
"../R0_sensitivity_analysis/Network_100_Node/seatird-stochastic_POP-1M_R0-3.3/simulation_times.csv",95,907.468154455427,898.547900008038,48.2177887699591,851.861629597098,877.046444695443,927.064046915621,1000.26286615133,"seatird-stochastic_POP-1M_R0-3.3","seatird-stochastic","1M",3.3,"Network_100_Node",100,"Nodes: 100"
"../R0_sensitivity_analysis/Network_100_Node/seatird-stochastic_POP-1M_R0-3.5/simulation_times.csv",95,904.980873106008,896.947577768937,40.8315447815931,854.499804438278,875.921639979817,926.184394369833,976.656217961386,"seatird-stochastic_POP-1M_R0-3.5","seatird-stochastic","1M",3.5,"Network_100_Node",100,"Nodes: 100"
"../R0_sensitivity_analysis/Network_100_Node/seatird-stochastic_POP-1M_R0-3.7/simulation_times.csv",95,908.548397990159,898.002875421196,39.0617694717646,857.646621649154,879.297630267218,932.867799916305,978.319095644169,"seatird-stochastic_POP-1M_R0-3.7","seatird-stochastic","1M",3.7,"Network_100_Node",100,"Nodes: 100"
"../R0_sensitivity_analysis/Network_100_Node/seatird-stochastic_POP-1M_R0-3.9/simulation_times.csv",94,911.033745625591,903.022595706396,46.9832825670246,862.87297886489,880.269543503877,929.753490136471,991.449338338896,"seatird-stochastic_POP-1M_R0-3.9","seatird-stochastic","1M",3.9,"Network_100_Node",100,"Nodes: 100"
"../R0_sensitivity_analysis/Network_100_Node/seatird-stochastic_POP-1M_R0-4.1/simulation_times.csv",95,907.366359577132,901.650670453906,36.9329089280946,859.924925987795,878.161356152035,928.227677382529,972.263138298504,"seatird-stochastic_POP-1M_R0-4.1","seatird-stochastic","1M",4.1,"Network_100_Node",100,"Nodes: 100"
"../R0_sensitivity_analysis/Network_100_Node/seir-deterministic_POP-1M_R0-0.5/simulation_times.csv",74,1156.22321354162,1144.40234289877,30.2618885910502,1127.82545072567,1134.8163011428,1173.3620123635,1217.22843306214,"seir-deterministic_POP-1M_R0-0.5","seir-deterministic","1M",0.5,"Network_100_Node",100,"Nodes: 100"
"../R0_sensitivity_analysis/Network_100_Node/seir-deterministic_POP-1M_R0-0.7/simulation_times.csv",73,1176.10608701837,1166.03853489645,29.9807541345034,1146.21406228021,1153.02451251447,1192.58024716564,1230.87898817696,"seir-deterministic_POP-1M_R0-0.7","seir-deterministic","1M",0.7,"Network_100_Node",100,"Nodes: 100"
"../R0_sensitivity_analysis/Network_100_Node/seir-deterministic_POP-1M_R0-0.9/simulation_times.csv",74,1158.40866754675,1147.78258992359,29.7348957160466,1128.79475911688,1134.81235236349,1175.32855234249,1220.94986566948,"seir-deterministic_POP-1M_R0-0.9","seir-deterministic","1M",0.9,"Network_100_Node",100,"Nodes: 100"
"../R0_sensitivity_analysis/Network_100_Node/seir-deterministic_POP-1M_R0-1.1/simulation_times.csv",76,1123.31168850443,1120.14322976116,39.8094451767301,1068.02826251136,1089.66654782416,1143.34407039406,1207.0037911837,"seir-deterministic_POP-1M_R0-1.1","seir-deterministic","1M",1.1,"Network_100_Node",100,"Nodes: 100"
"../R0_sensitivity_analysis/Network_100_Node/seir-deterministic_POP-1M_R0-1.3/simulation_times.csv",86,1000.41341320419,993.077320080251,41.8580803858208,951.528727091849,967.784370285459,1027.264631561,1092.19802065007,"seir-deterministic_POP-1M_R0-1.3","seir-deterministic","1M",1.3,"Network_100_Node",100,"Nodes: 100"
"../R0_sensitivity_analysis/Network_100_Node/seir-deterministic_POP-1M_R0-1.5/simulation_times.csv",96,891.17609583472,882.910644801334,34.9526226337072,854.336181016639,864.754392783623,910.129218193702,961.710148430895,"seir-deterministic_POP-1M_R0-1.5","seir-deterministic","1M",1.5,"Network_100_Node",100,"Nodes: 100"
"../R0_sensitivity_analysis/Network_100_Node/seir-deterministic_POP-1M_R0-1.7/simulation_times.csv",106,814.29860081174,803.056963325478,36.3813918374694,780.841913871467,790.281248092186,825.746693140361,891.60155042354,"seir-deterministic_POP-1M_R0-1.7","seir-deterministic","1M",1.7,"Network_100_Node",100,"Nodes: 100"
"../R0_sensitivity_analysis/Network_100_Node/seir-deterministic_POP-1M_R0-1.9/simulation_times.csv",111,772.227115136546,761.684437576681,31.4239035092937,745.044296052307,751.272830584086,783.909743981436,845.838267781772,"seir-deterministic_POP-1M_R0-1.9","seir-deterministic","1M",1.9,"Network_100_Node",100,"Nodes: 100"
"../R0_sensitivity_analysis/Network_100_Node/seir-deterministic_POP-1M_R0-2.1/simulation_times.csv",117,734.54531038266,727.912361346185,24.702018162592,706.343001846224,717.870035614818,743.446222048253,779.748754413053,"seir-deterministic_POP-1M_R0-2.1","seir-deterministic","1M",2.1,"Network_100_Node",100,"Nodes: 100"
"../R0_sensitivity_analysis/Network_100_Node/seir-deterministic_POP-1M_R0-2.3/simulation_times.csv",124,696.153453861183,686.897139296867,27.1910892680828,673.676863620244,680.145931994077,701.533657731488,765.701011912431,"seir-deterministic_POP-1M_R0-2.3","seir-deterministic","1M",2.3,"Network_100_Node",100,"Nodes: 100"
"../R0_sensitivity_analysis/Network_100_Node/seir-deterministic_POP-1M_R0-2.5/simulation_times.csv",126,683.893359033199,678.39144904539,22.603743056575,663.252549433149,669.903431578539,691.184355458245,726.120318870526,"seir-deterministic_POP-1M_R0-2.5","seir-deterministic","1M",2.5,"Network_100_Node",100,"Nodes: 100"
"../R0_sensitivity_analysis/Network_100_Node/seir-deterministic_POP-1M_R0-2.7/simulation_times.csv",129,668.690583096355,662.738525519148,22.1887145956709,649.790708235279,653.766754388809,672.664718391374,706.69123089686,"seir-deterministic_POP-1M_R0-2.7","seir-deterministic","1M",2.7,"Network_100_Node",100,"Nodes: 100"
"../R0_sensitivity_analysis/Network_100_Node/seir-deterministic_POP-1M_R0-2.9/simulation_times.csv",131,654.640450522744,647.99395054765,21.1125171230973,635.359045959078,639.921304109506,661.451778331771,699.034195655026,"seir-deterministic_POP-1M_R0-2.9","seir-deterministic","1M",2.9,"Network_100_Node",100,"Nodes: 100"
"../R0_sensitivity_analysis/Network_100_Node/seir-deterministic_POP-1M_R0-3.1/simulation_times.csv",133,648.893964697572,641.189810397103,20.7981964027815,630.407489262149,635.168619764969,656.152078595012,687.428728938475,"seir-deterministic_POP-1M_R0-3.1","seir-deterministic","1M",3.1,"Network_100_Node",100,"Nodes: 100"
"../R0_sensitivity_analysis/Network_100_Node/seir-deterministic_POP-1M_R0-3.3/simulation_times.csv",134,643.781511084246,636.664801659063,21.9429440130985,624.592152718455,630.441620184109,649.975555004086,685.781994709186,"seir-deterministic_POP-1M_R0-3.3","seir-deterministic","1M",3.3,"Network_100_Node",100,"Nodes: 100"
"../R0_sensitivity_analysis/Network_100_Node/seir-deterministic_POP-1M_R0-3.5/simulation_times.csv",134,640.849373397542,634.544338939711,20.9472277955236,623.86812439831,627.203630350064,646.760523417965,679.637852721102,"seir-deterministic_POP-1M_R0-3.5","seir-deterministic","1M",3.5,"Network_100_Node",100,"Nodes: 100"
"../R0_sensitivity_analysis/Network_100_Node/seir-deterministic_POP-1M_R0-3.7/simulation_times.csv",134,640.402233668923,632.366824317724,21.3609527415997,622.794711406063,627.495976609178,643.460411819164,681.725477934163,"seir-deterministic_POP-1M_R0-3.7","seir-deterministic","1M",3.7,"Network_100_Node",100,"Nodes: 100"
"../R0_sensitivity_analysis/Network_100_Node/seir-deterministic_POP-1M_R0-3.9/simulation_times.csv",138,624.511868492255,617.221023264341,20.128445354634,606.786515292432,611.920002198312,630.298067038413,664.230979321897,"seir-deterministic_POP-1M_R0-3.9","seir-deterministic","1M",3.9,"Network_100_Node",100,"Nodes: 100"
"../R0_sensitivity_analysis/Network_100_Node/seir-deterministic_POP-1M_R0-4.1/simulation_times.csv",139,620.427085447829,613.639405485243,20.1935839143797,601.171171724051,608.308157648891,626.313855659217,658.550020522438,"seir-deterministic_POP-1M_R0-4.1","seir-deterministic","1M",4.1,"Network_100_Node",100,"Nodes: 100"
"../R0_sensitivity_analysis/Network_100_Node/seirs-deterministic_POP-1M_R0-0.5/simulation_times.csv",73,1176.64121551868,1166.75165079162,30.2891753555859,1145.86204005815,1152.51340264082,1187.53488411009,1238.75494014695,"seirs-deterministic_POP-1M_R0-0.5","seirs-deterministic","1M",0.5,"Network_100_Node",100,"Nodes: 100"
"../R0_sensitivity_analysis/Network_100_Node/seirs-deterministic_POP-1M_R0-0.7/simulation_times.csv",73,1168.15078022331,1155.31388909183,31.8117979450323,1138.02862150259,1143.38360733353,1185.37000348791,1233.82403076068,"seirs-deterministic_POP-1M_R0-0.7","seirs-deterministic","1M",0.7,"Network_100_Node",100,"Nodes: 100"
"../R0_sensitivity_analysis/Network_100_Node/seirs-deterministic_POP-1M_R0-0.9/simulation_times.csv",74,1161.77441992364,1150.26421139576,32.0476181928188,1128.41691538673,1137.38220171956,1176.94297934975,1234.47214771146,"seirs-deterministic_POP-1M_R0-0.9","seirs-deterministic","1M",0.9,"Network_100_Node",100,"Nodes: 100"
"../R0_sensitivity_analysis/Network_100_Node/seirs-deterministic_POP-1M_R0-1.1/simulation_times.csv",73,1175.50082702121,1163.48459743522,31.0765261144961,1148.57593866661,1156.04556858353,1185.2815046683,1235.14705921933,"seirs-deterministic_POP-1M_R0-1.1","seirs-deterministic","1M",1.1,"Network_100_Node",100,"Nodes: 100"
"../R0_sensitivity_analysis/Network_100_Node/seirs-deterministic_POP-1M_R0-1.3/simulation_times.csv",74,1158.04988824126,1149.57239945326,28.8614344334967,1127.86771684922,1135.64968647435,1171.10166022414,1218.81291746804,"seirs-deterministic_POP-1M_R0-1.3","seirs-deterministic","1M",1.3,"Network_100_Node",100,"Nodes: 100"
"../R0_sensitivity_analysis/Network_100_Node/seirs-deterministic_POP-1M_R0-1.5/simulation_times.csv",74,1165.75242144891,1156.46553572733,30.2399417344885,1134.6001204621,1144.00634098705,1182.63972688979,1229.04280538345,"seirs-deterministic_POP-1M_R0-1.5","seirs-deterministic","1M",1.5,"Network_100_Node",100,"Nodes: 100"
"../R0_sensitivity_analysis/Network_100_Node/seirs-deterministic_POP-1M_R0-1.7/simulation_times.csv",73,1182.40934174646,1172.01084408537,30.4421692024416,1150.58976426944,1160.5716054868,1194.11538900435,1236.05032039583,"seirs-deterministic_POP-1M_R0-1.7","seirs-deterministic","1M",1.7,"Network_100_Node",100,"Nodes: 100"
"../R0_sensitivity_analysis/Network_100_Node/seirs-deterministic_POP-1M_R0-1.9/simulation_times.csv",75,1150.2829722481,1141.68635582179,30.058842234211,1120.69491249453,1127.88726977538,1162.03724877443,1209.1416706007,"seirs-deterministic_POP-1M_R0-1.9","seirs-deterministic","1M",1.9,"Network_100_Node",100,"Nodes: 100"
"../R0_sensitivity_analysis/Network_100_Node/seirs-deterministic_POP-1M_R0-2.1/simulation_times.csv",73,1175.62385280463,1168.54616161995,29.2463398172745,1144.49218557701,1152.30376853235,1193.69958358072,1234.41766596325,"seirs-deterministic_POP-1M_R0-2.1","seirs-deterministic","1M",2.1,"Network_100_Node",100,"Nodes: 100"
"../R0_sensitivity_analysis/Network_100_Node/seirs-deterministic_POP-1M_R0-2.3/simulation_times.csv",72,1190.00023910716,1178.80656087119,31.2128005836619,1157.71368630445,1167.33340996969,1201.84166543558,1256.44115745174,"seirs-deterministic_POP-1M_R0-2.3","seirs-deterministic","1M",2.3,"Network_100_Node",100,"Nodes: 100"
"../R0_sensitivity_analysis/Network_100_Node/seirs-deterministic_POP-1M_R0-2.5/simulation_times.csv",73,1182.93385006199,1173.55802438222,30.9953600929168,1152.13058000095,1159.30892167985,1195.35681978613,1244.32874825411,"seirs-deterministic_POP-1M_R0-2.5","seirs-deterministic","1M",2.5,"Network_100_Node",100,"Nodes: 100"
"../R0_sensitivity_analysis/Network_100_Node/seirs-deterministic_POP-1M_R0-2.7/simulation_times.csv",73,1176.94287267713,1165.8007914573,30.8055794632326,1148.65614952445,1152.44190497324,1188.59956831299,1236.79988246858,"seirs-deterministic_POP-1M_R0-2.7","seirs-deterministic","1M",2.7,"Network_100_Node",100,"Nodes: 100"
"../R0_sensitivity_analysis/Network_100_Node/seirs-deterministic_POP-1M_R0-2.9/simulation_times.csv",72,1194.19994513403,1185.17456675973,31.7233830548128,1161.63341546366,1172.09929647204,1205.63556737779,1258.14559240416,"seirs-deterministic_POP-1M_R0-2.9","seirs-deterministic","1M",2.9,"Network_100_Node",100,"Nodes: 100"
"../R0_sensitivity_analysis/Network_100_Node/seirs-deterministic_POP-1M_R0-3.1/simulation_times.csv",73,1170.75155583539,1158.96798621863,31.7353551058442,1139.51515507735,1146.40619924851,1182.03674543463,1237.59526803568,"seirs-deterministic_POP-1M_R0-3.1","seirs-deterministic","1M",3.1,"Network_100_Node",100,"Nodes: 100"
"../R0_sensitivity_analysis/Network_100_Node/seirs-deterministic_POP-1M_R0-3.3/simulation_times.csv",72,1196.93594964785,1187.03900939226,28.3507518252401,1167.18870122181,1176.65967620024,1207.16183446255,1256.48050965108,"seirs-deterministic_POP-1M_R0-3.3","seirs-deterministic","1M",3.3,"Network_100_Node",100,"Nodes: 100"
"../R0_sensitivity_analysis/Network_100_Node/seirs-deterministic_POP-1M_R0-3.5/simulation_times.csv",74,1160.09070889644,1147.67913826182,31.3624264759192,1131.16569040483,1136.76727074012,1169.42900786642,1232.32411768772,"seirs-deterministic_POP-1M_R0-3.5","seirs-deterministic","1M",3.5,"Network_100_Node",100,"Nodes: 100"
"../R0_sensitivity_analysis/Network_100_Node/seirs-deterministic_POP-1M_R0-3.7/simulation_times.csv",75,1149.65134462858,1139.96878588386,32.0938733499214,1118.35298362225,1127.906745716,1158.28544502705,1220.34466626924,"seirs-deterministic_POP-1M_R0-3.7","seirs-deterministic","1M",3.7,"Network_100_Node",100,"Nodes: 100"
"../R0_sensitivity_analysis/Network_100_Node/seirs-deterministic_POP-1M_R0-3.9/simulation_times.csv",73,1168.8585336288,1158.43285610713,31.2461812391931,1139.85984138027,1144.69241020456,1183.06722739898,1235.22824236676,"seirs-deterministic_POP-1M_R0-3.9","seirs-deterministic","1M",3.9,"Network_100_Node",100,"Nodes: 100"
"../R0_sensitivity_analysis/Network_100_Node/seirs-deterministic_POP-1M_R0-4.1/simulation_times.csv",73,1182.59964741598,1171.61000189558,32.1633602343462,1153.04779597186,1161.5222611241,1193.53729026951,1248.02552717254,"seirs-deterministic_POP-1M_R0-4.1","seirs-deterministic","1M",4.1,"Network_100_Node",100,"Nodes: 100"
"../R0_sensitivity_analysis/Network_10_Node/seatird-deterministic_POP-1M_R0-0.5/simulation_times.csv",1000,30.6033889094833,27.7248951988295,9.43289361045731,22.9498694731854,24.9312809933908,31.5566280782223,54.1993808434345,"seatird-deterministic_POP-1M_R0-0.5","seatird-deterministic","1M",0.5,"Network_10_Node",10,"Nodes: 10"
"../R0_sensitivity_analysis/Network_10_Node/seatird-deterministic_POP-1M_R0-0.7/simulation_times.csv",1000,30.1701833279803,27.6622703243047,8.56018937874841,23.0293882845901,25.1456298255362,31.3223653151654,49.6398230512626,"seatird-deterministic_POP-1M_R0-0.7","seatird-deterministic","1M",0.7,"Network_10_Node",10,"Nodes: 10"
"../R0_sensitivity_analysis/Network_10_Node/seatird-deterministic_POP-1M_R0-0.9/simulation_times.csv",1000,30.7417010072805,27.749040145427,9.1411891359062,23.2840174898505,25.1656783851795,32.0947942626663,53.6488115685992,"seatird-deterministic_POP-1M_R0-0.9","seatird-deterministic","1M",0.9,"Network_10_Node",10,"Nodes: 10"
"../R0_sensitivity_analysis/Network_10_Node/seatird-deterministic_POP-1M_R0-1.1/simulation_times.csv",1000,30.5618774268646,27.4867791645229,9.55791820032239,23.0647458027117,24.9613889553584,31.679346261546,53.1435297312215,"seatird-deterministic_POP-1M_R0-1.1","seatird-deterministic","1M",1.1,"Network_10_Node",10,"Nodes: 10"
"../R0_sensitivity_analysis/Network_10_Node/seatird-deterministic_POP-1M_R0-1.3/simulation_times.csv",1000,27.5435152630396,24.5571940839291,8.92474615885819,20.4325156881474,22.1672878027894,28.5021442379802,50.0852174930274,"seatird-deterministic_POP-1M_R0-1.3","seatird-deterministic","1M",1.3,"Network_10_Node",10,"Nodes: 10"
"../R0_sensitivity_analysis/Network_10_Node/seatird-deterministic_POP-1M_R0-1.5/simulation_times.csv",1000,24.7067290669102,22.2390235681087,7.73649327785822,18.2713192160241,20.0862486343831,25.8149810647592,43.4394995893352,"seatird-deterministic_POP-1M_R0-1.5","seatird-deterministic","1M",1.5,"Network_10_Node",10,"Nodes: 10"
"../R0_sensitivity_analysis/Network_10_Node/seatird-deterministic_POP-1M_R0-1.7/simulation_times.csv",1000,22.3285599844996,20.2197609683499,6.98441526169401,16.5727807688527,18.2871754448861,23.0420906445943,40.6403070262633,"seatird-deterministic_POP-1M_R0-1.7","seatird-deterministic","1M",1.7,"Network_10_Node",10,"Nodes: 10"
"../R0_sensitivity_analysis/Network_10_Node/seatird-deterministic_POP-1M_R0-1.9/simulation_times.csv",1000,21.024877772117,18.970780769363,6.48189677424347,15.5408054752275,17.2141914726235,21.9036084054969,36.6897607352584,"seatird-deterministic_POP-1M_R0-1.9","seatird-deterministic","1M",1.9,"Network_10_Node",10,"Nodes: 10"
"../R0_sensitivity_analysis/Network_10_Node/seatird-deterministic_POP-1M_R0-2.1/simulation_times.csv",1000,19.9466412801165,17.9649142324924,6.19483215604443,14.7660422687419,16.2105773943476,21.0769196585752,35.416655997932,"seatird-deterministic_POP-1M_R0-2.1","seatird-deterministic","1M",2.1,"Network_10_Node",10,"Nodes: 10"
"../R0_sensitivity_analysis/Network_10_Node/seatird-deterministic_POP-1M_R0-2.3/simulation_times.csv",1000,19.6141976046376,17.3484118478373,6.73379381326181,13.9493525581434,15.4438145407476,20.5720370076597,35.5507315127179,"seatird-deterministic_POP-1M_R0-2.3","seatird-deterministic","1M",2.3,"Network_10_Node",10,"Nodes: 10"
"../R0_sensitivity_analysis/Network_10_Node/seatird-deterministic_POP-1M_R0-2.5/simulation_times.csv",1000,18.4832645977475,16.6860433155671,5.74188939512487,13.5621795621701,14.9261532141827,19.5851285043173,32.9217309602536,"seatird-deterministic_POP-1M_R0-2.5","seatird-deterministic","1M",2.5,"Network_10_Node",10,"Nodes: 10"
"../R0_sensitivity_analysis/Network_10_Node/seatird-deterministic_POP-1M_R0-2.7/simulation_times.csv",1000,17.9664850724339,16.1863419767469,5.73466539990772,13.1927675340325,14.4527932265773,18.8639794257469,33.1737206262536,"seatird-deterministic_POP-1M_R0-2.7","seatird-deterministic","1M",2.7,"Network_10_Node",10,"Nodes: 10"
"../R0_sensitivity_analysis/Network_10_Node/seatird-deterministic_POP-1M_R0-2.9/simulation_times.csv",1000,17.5766151875518,15.7234687218443,5.8547059303167,12.9066947969608,14.1933525027707,18.1062527592294,32.5483876552433,"seatird-deterministic_POP-1M_R0-2.9","seatird-deterministic","1M",2.9,"Network_10_Node",10,"Nodes: 10"
"../R0_sensitivity_analysis/Network_10_Node/seatird-deterministic_POP-1M_R0-3.1/simulation_times.csv",1000,17.266951924704,15.4850580357015,5.63488924163213,12.5849562844262,13.8367316988297,17.9215147709474,31.3244568713009,"seatird-deterministic_POP-1M_R0-3.1","seatird-deterministic","1M",3.1,"Network_10_Node",10,"Nodes: 10"
"../R0_sensitivity_analysis/Network_10_Node/seatird-deterministic_POP-1M_R0-3.3/simulation_times.csv",1000,17.2204077784177,15.4337476138026,5.71777807978132,12.5139736984856,13.7649613060057,18.0428346614353,31.8021243253723,"seatird-deterministic_POP-1M_R0-3.3","seatird-deterministic","1M",3.3,"Network_10_Node",10,"Nodes: 10"
"../R0_sensitivity_analysis/Network_10_Node/seatird-deterministic_POP-1M_R0-3.5/simulation_times.csv",1000,17.0467135157343,15.1925807883963,5.46281207835788,12.5143430011347,13.6059896410443,18.0369221442379,30.4253300611861,"seatird-deterministic_POP-1M_R0-3.5","seatird-deterministic","1M",3.5,"Network_10_Node",10,"Nodes: 10"
"../R0_sensitivity_analysis/Network_10_Node/seatird-deterministic_POP-1M_R0-3.7/simulation_times.csv",1000,16.9984852720536,15.2831271942705,5.51419233704202,12.4528851629235,13.7042419700883,17.7512258160859,30.6565273370594,"seatird-deterministic_POP-1M_R0-3.7","seatird-deterministic","1M",3.7,"Network_10_Node",10,"Nodes: 10"
"../R0_sensitivity_analysis/Network_10_Node/seatird-deterministic_POP-1M_R0-3.9/simulation_times.csv",1000,16.6193272671048,14.9205463659018,5.37053332216401,12.3124707754701,13.3728039222769,17.4275910980068,29.875608388707,"seatird-deterministic_POP-1M_R0-3.9","seatird-deterministic","1M",3.9,"Network_10_Node",10,"Nodes: 10"
"../R0_sensitivity_analysis/Network_10_Node/seatird-deterministic_POP-1M_R0-4.1/simulation_times.csv",1000,16.3341142088175,14.7682516872883,5.22452465971633,12.0617993570864,13.1918317368254,17.1042270921171,28.6235893568024,"seatird-deterministic_POP-1M_R0-4.1","seatird-deterministic","1M",4.1,"Network_10_Node",10,"Nodes: 10"
"../R0_sensitivity_analysis/Network_10_Node/seatird-stochastic_POP-1M_R0-0.5/simulation_times.csv",1000,30.02904400713,27.2296950928867,9.0776721816654,22.9908233514987,25.0461625317112,30.8628803230822,53.4049035144038,"seatird-stochastic_POP-1M_R0-0.5","seatird-stochastic","1M",0.5,"Network_10_Node",10,"Nodes: 10"
"../R0_sensitivity_analysis/Network_10_Node/seatird-stochastic_POP-1M_R0-0.7/simulation_times.csv",685,125.909162860864,122.065768072382,12.3943020646117,113.519226965308,116.53965510428,132.135143943131,149.028876302391,"seatird-stochastic_POP-1M_R0-0.7","seatird-stochastic","1M",0.7,"Network_10_Node",10,"Nodes: 10"
"../R0_sensitivity_analysis/Network_10_Node/seatird-stochastic_POP-1M_R0-0.9/simulation_times.csv",388,222.107930874855,214.988570864312,18.3128621875455,203.92261366928,207.57625950221,234.350670204498,256.646368467622,"seatird-stochastic_POP-1M_R0-0.9","seatird-stochastic","1M",0.9,"Network_10_Node",10,"Nodes: 10"
"../R0_sensitivity_analysis/Network_10_Node/seatird-stochastic_POP-1M_R0-1.1/simulation_times.csv",296,291.004496849174,281.99878829252,19.350762086376,272.02044325415,275.455949892756,304.878946370911,325.714767591096,"seatird-stochastic_POP-1M_R0-1.1","seatird-stochastic","1M",1.1,"Network_10_Node",10,"Nodes: 10"
"../R0_sensitivity_analysis/Network_10_Node/seatird-stochastic_POP-1M_R0-1.3/simulation_times.csv",253,341.188320502374,331.50431670621,19.8138457797509,322.211183377728,325.612724073231,356.501181706786,378.372739540786,"seatird-stochastic_POP-1M_R0-1.3","seatird-stochastic","1M",1.3,"Network_10_Node",10,"Nodes: 10"
"../R0_sensitivity_analysis/Network_10_Node/seatird-stochastic_POP-1M_R0-1.5/simulation_times.csv",223,386.223829898332,375.112652258947,21.9991129661888,365.012144940346,368.88242394384,407.182977150194,423.736730183661,"seatird-stochastic_POP-1M_R0-1.5","seatird-stochastic","1M",1.5,"Network_10_Node",10,"Nodes: 10"
"../R0_sensitivity_analysis/Network_10_Node/seatird-stochastic_POP-1M_R0-1.7/simulation_times.csv",203,423.603404267613,411.588972957805,22.9551219939418,402.315922915749,404.771829118021,445.849380616099,462.863587276451,"seatird-stochastic_POP-1M_R0-1.7","seatird-stochastic","1M",1.7,"Network_10_Node",10,"Nodes: 10"
"../R0_sensitivity_analysis/Network_10_Node/seatird-stochastic_POP-1M_R0-1.9/simulation_times.csv",192,447.370068409696,444.586322589079,11.0061092795356,438.270533792977,441.359362191521,450.200554435956,464.297677016002,"seatird-stochastic_POP-1M_R0-1.9","seatird-stochastic","1M",1.9,"Network_10_Node",10,"Nodes: 10"
"../R0_sensitivity_analysis/Network_10_Node/seatird-stochastic_POP-1M_R0-2.1/simulation_times.csv",179,482.016920395052,478.859898273833,10.6031986955585,472.288129222207,475.345830601873,485.221534572542,501.183201144077,"seatird-stochastic_POP-1M_R0-2.1","seatird-stochastic","1M",2.1,"Network_10_Node",10,"Nodes: 10"
"../R0_sensitivity_analysis/Network_10_Node/seatird-stochastic_POP-1M_R0-2.3/simulation_times.csv",167,515.137152292657,512.260090284981,10.0913569189507,506.049700984405,509.050216474338,517.230329879094,532.69726731861,"seatird-stochastic_POP-1M_R0-2.3","seatird-stochastic","1M",2.3,"Network_10_Node",10,"Nodes: 10"
"../R0_sensitivity_analysis/Network_10_Node/seatird-stochastic_POP-1M_R0-2.5/simulation_times.csv",155,556.099222012829,552.668892059941,9.95166357164007,547.047596951434,549.673928877339,559.378892461071,574.087847823184,"seatird-stochastic_POP-1M_R0-2.5","seatird-stochastic","1M",2.5,"Network_10_Node",10,"Nodes: 10"
"../R0_sensitivity_analysis/Network_10_Node/seatird-stochastic_POP-1M_R0-2.7/simulation_times.csv",146,589.800587876505,586.562301191268,10.2160940201324,580.828278202214,582.928487224272,592.578251463943,612.292750588153,"seatird-stochastic_POP-1M_R0-2.7","seatird-stochastic","1M",2.7,"Network_10_Node",10,"Nodes: 10"
"../R0_sensitivity_analysis/Network_10_Node/seatird-stochastic_POP-1M_R0-2.9/simulation_times.csv",139,620.071747540506,617.174151576124,9.99675411960994,610.499144364288,613.822664517909,624.406623123446,635.148687482672,"seatird-stochastic_POP-1M_R0-2.9","seatird-stochastic","1M",2.9,"Network_10_Node",10,"Nodes: 10"
"../R0_sensitivity_analysis/Network_10_Node/seatird-stochastic_POP-1M_R0-3.1/simulation_times.csv",131,657.191755850437,654.693692405242,8.71041670641001,649.507417864632,652.177100309636,660.107603618642,672.353411625838,"seatird-stochastic_POP-1M_R0-3.1","seatird-stochastic","1M",3.1,"Network_10_Node",10,"Nodes: 10"
"../R0_sensitivity_analysis/Network_10_Node/seatird-stochastic_POP-1M_R0-3.3/simulation_times.csv",124,691.919715279514,689.559812326916,7.98912024529986,683.00121300919,687.049374997267,695.118646306917,707.000353619317,"seatird-stochastic_POP-1M_R0-3.3","seatird-stochastic","1M",3.3,"Network_10_Node",10,"Nodes: 10"
"../R0_sensitivity_analysis/Network_10_Node/seatird-stochastic_POP-1M_R0-3.5/simulation_times.csv",119,722.061714519261,719.958929809742,9.86446335269277,712.170697684307,715.248681323137,725.503513050731,738.434806734743,"seatird-stochastic_POP-1M_R0-3.5","seatird-stochastic","1M",3.5,"Network_10_Node",10,"Nodes: 10"
"../R0_sensitivity_analysis/Network_10_Node/seatird-stochastic_POP-1M_R0-3.7/simulation_times.csv",112,770.204797186964,767.93401890574,8.05654710351826,761.171755088447,765.167647248018,772.686318732915,786.491319649992,"seatird-stochastic_POP-1M_R0-3.7","seatird-stochastic","1M",3.7,"Network_10_Node",10,"Nodes: 10"
"../R0_sensitivity_analysis/Network_10_Node/seatird-stochastic_POP-1M_R0-3.9/simulation_times.csv",107,803.156925847793,801.200448825024,9.75075036364284,793.002521394007,797.225025190506,805.351649576798,818.353552704677,"seatird-stochastic_POP-1M_R0-3.9","seatird-stochastic","1M",3.9,"Network_10_Node",10,"Nodes: 10"
"../R0_sensitivity_analysis/Network_10_Node/seatird-stochastic_POP-1M_R0-4.1/simulation_times.csv",103,835.956983147456,833.549678504933,10.286522206424,824.51805921779,828.551720635965,841.447627887828,853.201465567294,"seatird-stochastic_POP-1M_R0-4.1","seatird-stochastic","1M",4.1,"Network_10_Node",10,"Nodes: 10"
"../R0_sensitivity_analysis/Network_10_Node/seir-deterministic_POP-1M_R0-0.5/simulation_times.csv",1000,28.5685773609355,25.7871695607901,9.08632893400551,21.314571500849,23.1569448588416,29.638618836645,51.5840651241131,"seir-deterministic_POP-1M_R0-0.5","seir-deterministic","1M",0.5,"Network_10_Node",10,"Nodes: 10"
"../R0_sensitivity_analysis/Network_10_Node/seir-deterministic_POP-1M_R0-0.7/simulation_times.csv",1000,28.482066162955,25.5681496532634,9.17893115517618,21.3502823317423,23.1720280228183,29.325108949095,52.0325335928239,"seir-deterministic_POP-1M_R0-0.7","seir-deterministic","1M",0.7,"Network_10_Node",10,"Nodes: 10"
"../R0_sensitivity_analysis/Network_10_Node/seir-deterministic_POP-1M_R0-0.9/simulation_times.csv",1000,28.6797126955744,25.484122547321,9.8623008345477,21.2163575425744,23.1638132398948,29.0308335744776,55.3724613637663,"seir-deterministic_POP-1M_R0-0.9","seir-deterministic","1M",0.9,"Network_10_Node",10,"Nodes: 10"
"../R0_sensitivity_analysis/Network_10_Node/seir-deterministic_POP-1M_R0-1.1/simulation_times.csv",1000,27.7529046513997,25.0112041179091,8.91425771456459,20.9465717900544,22.8937433632091,28.5645019100048,50.7400063720532,"seir-deterministic_POP-1M_R0-1.1","seir-deterministic","1M",1.1,"Network_10_Node",10,"Nodes: 10"
"../R0_sensitivity_analysis/Network_10_Node/seir-deterministic_POP-1M_R0-1.3/simulation_times.csv",1000,25.1421145518888,22.2496655229479,8.77200780311103,18.2187715135515,20.1111546847969,26.202508173883,46.384776499588,"seir-deterministic_POP-1M_R0-1.3","seir-deterministic","1M",1.3,"Network_10_Node",10,"Nodes: 10"
"../R0_sensitivity_analysis/Network_10_Node/seir-deterministic_POP-1M_R0-1.5/simulation_times.csv",1000,22.5602921394277,20.3695952566341,7.11911114544801,16.5937611270696,18.2476976374164,23.6573832049035,40.180987833254,"seir-deterministic_POP-1M_R0-1.5","seir-deterministic","1M",1.5,"Network_10_Node",10,"Nodes: 10"
"../R0_sensitivity_analysis/Network_10_Node/seir-deterministic_POP-1M_R0-1.7/simulation_times.csv",1000,20.7230282335449,18.6844283370301,6.5806717045725,15.2355186089873,16.7853325232863,21.7368295863271,38.0011808729731,"seir-deterministic_POP-1M_R0-1.7","seir-deterministic","1M",1.7,"Network_10_Node",10,"Nodes: 10"
"../R0_sensitivity_analysis/Network_10_Node/seir-deterministic_POP-1M_R0-1.9/simulation_times.csv",1000,19.9257698760685,17.7115638544783,6.75988895764654,14.2113158723339,15.9724851045758,20.8165378049016,37.2285969611257,"seir-deterministic_POP-1M_R0-1.9","seir-deterministic","1M",1.9,"Network_10_Node",10,"Nodes: 10"
"../R0_sensitivity_analysis/Network_10_Node/seir-deterministic_POP-1M_R0-2.1/simulation_times.csv",1000,19.074205032466,16.8174178898335,6.68043850772695,13.7600920025259,15.1488108718768,19.7135283104144,37.4326003697701,"seir-deterministic_POP-1M_R0-2.1","seir-deterministic","1M",2.1,"Network_10_Node",10,"Nodes: 10"
"../R0_sensitivity_analysis/Network_10_Node/seir-deterministic_POP-1M_R0-2.3/simulation_times.csv",1000,18.1833024139684,16.2597750676796,6.23293917529022,13.1384315260686,14.5351602537557,18.7095085410401,33.8683892563917,"seir-deterministic_POP-1M_R0-2.3","seir-deterministic","1M",2.3,"Network_10_Node",10,"Nodes: 10"
"../R0_sensitivity_analysis/Network_10_Node/seir-deterministic_POP-1M_R0-2.5/simulation_times.csv",1000,17.5011098660119,15.5509233716875,6.18934249212383,12.7018837274052,13.9317052103579,18.0779242208228,33.9634426047094,"seir-deterministic_POP-1M_R0-2.5","seir-deterministic","1M",2.5,"Network_10_Node",10,"Nodes: 10"
"../R0_sensitivity_analysis/Network_10_Node/seir-deterministic_POP-1M_R0-2.7/simulation_times.csv",1000,17.289454412166,15.4307951340452,5.87992179910461,12.6417696254328,13.8981040026993,17.7734253695235,31.8632033878006,"seir-deterministic_POP-1M_R0-2.7","seir-deterministic","1M",2.7,"Network_10_Node",10,"Nodes: 10"
"../R0_sensitivity_analysis/Network_10_Node/seir-deterministic_POP-1M_R0-2.9/simulation_times.csv",1000,17.21297159064,15.2170699844137,6.22506156017024,12.3679212041199,13.5612364360131,17.7752494541928,33.6660838844255,"seir-deterministic_POP-1M_R0-2.9","seir-deterministic","1M",2.9,"Network_10_Node",10,"Nodes: 10"
"../R0_sensitivity_analysis/Network_10_Node/seir-deterministic_POP-1M_R0-3.1/simulation_times.csv",1000,16.2898046868108,14.7439305288717,5.25759513734187,11.8928364454769,13.1482404167764,17.1966757741757,28.0701347852126,"seir-deterministic_POP-1M_R0-3.1","seir-deterministic","1M",3.1,"Network_10_Node",10,"Nodes: 10"
"../R0_sensitivity_analysis/Network_10_Node/seir-deterministic_POP-1M_R0-3.3/simulation_times.csv",1000,16.540029479621,14.5102700991556,6.13220296205495,11.7482850779779,12.9644815982319,17.2027130718343,31.3995598023757,"seir-deterministic_POP-1M_R0-3.3","seir-deterministic","1M",3.3,"Network_10_Node",10,"Nodes: 10"
"../R0_sensitivity_analysis/Network_10_Node/seir-deterministic_POP-1M_R0-3.5/simulation_times.csv",1000,16.2009928852394,14.3792491676286,5.65287692119356,11.631583710108,12.8307369002141,17.0862022633664,30.3740250029601,"seir-deterministic_POP-1M_R0-3.5","seir-deterministic","1M",3.5,"Network_10_Node",10,"Nodes: 10"
"../R0_sensitivity_analysis/Network_10_Node/seir-deterministic_POP-1M_R0-3.7/simulation_times.csv",1000,16.1393056865204,14.2317730020732,5.70885527486554,11.7549772685394,12.7884367965162,16.7933976114728,30.1119294103235,"seir-deterministic_POP-1M_R0-3.7","seir-deterministic","1M",3.7,"Network_10_Node",10,"Nodes: 10"
"../R0_sensitivity_analysis/Network_10_Node/seir-deterministic_POP-1M_R0-3.9/simulation_times.csv",1000,16.0823575284593,14.1644572569057,5.73429267202695,11.6064070363529,12.6535973791033,16.715953359846,30.545733574219,"seir-deterministic_POP-1M_R0-3.9","seir-deterministic","1M",3.9,"Network_10_Node",10,"Nodes: 10"
"../R0_sensitivity_analysis/Network_10_Node/seir-deterministic_POP-1M_R0-4.1/simulation_times.csv",1000,16.039524109114,14.0743481367826,5.7204847733685,11.429482963495,12.5424369480461,16.8621376492083,30.0448230387643,"seir-deterministic_POP-1M_R0-4.1","seir-deterministic","1M",4.1,"Network_10_Node",10,"Nodes: 10"
"../R0_sensitivity_analysis/Network_10_Node/seirs-deterministic_POP-1M_R0-0.5/simulation_times.csv",1000,29.0856597747859,25.945507238619,9.29591485087414,21.8441527441144,23.6808373690583,29.7559609375894,53.1393848069012,"seirs-deterministic_POP-1M_R0-0.5","seirs-deterministic","1M",0.5,"Network_10_Node",10,"Nodes: 10"
"../R0_sensitivity_analysis/Network_10_Node/seirs-deterministic_POP-1M_R0-0.7/simulation_times.csv",1000,28.6468446067851,26.1101724496111,8.59631084907286,22.1334712834097,23.9847297524102,29.1669242097996,50.0808166939765,"seirs-deterministic_POP-1M_R0-0.7","seirs-deterministic","1M",0.7,"Network_10_Node",10,"Nodes: 10"
"../R0_sensitivity_analysis/Network_10_Node/seirs-deterministic_POP-1M_R0-0.9/simulation_times.csv",1000,28.3690447624419,25.837405802682,8.5045225981827,21.5881950615905,23.6062337444164,29.0073865335435,50.2347941484302,"seirs-deterministic_POP-1M_R0-0.9","seirs-deterministic","1M",0.9,"Network_10_Node",10,"Nodes: 10"
"../R0_sensitivity_analysis/Network_10_Node/seirs-deterministic_POP-1M_R0-1.1/simulation_times.csv",1000,29.1218198462147,26.271063930355,9.06724187497441,22.0817141813226,24.0834628259763,29.880554322619,52.1496741743758,"seirs-deterministic_POP-1M_R0-1.1","seirs-deterministic","1M",1.1,"Network_10_Node",10,"Nodes: 10"
"../R0_sensitivity_analysis/Network_10_Node/seirs-deterministic_POP-1M_R0-1.3/simulation_times.csv",1000,28.8746457736436,26.09857654199,9.24261465293773,22.053266484756,23.7479769480415,29.3384597860277,53.099802570045,"seirs-deterministic_POP-1M_R0-1.3","seirs-deterministic","1M",1.3,"Network_10_Node",10,"Nodes: 10"
"../R0_sensitivity_analysis/Network_10_Node/seirs-deterministic_POP-1M_R0-1.5/simulation_times.csv",1000,29.0381907780096,26.3885508403182,8.7754929767087,22.1027974593453,24.2970487368293,29.6950940750539,52.3012177312746,"seirs-deterministic_POP-1M_R0-1.5","seirs-deterministic","1M",1.5,"Network_10_Node",10,"Nodes: 10"
"../R0_sensitivity_analysis/Network_10_Node/seirs-deterministic_POP-1M_R0-1.7/simulation_times.csv",1000,29.0515055567697,26.0578912915662,9.65637642134572,21.9883524153382,23.7797174057923,29.4329389366321,54.2534069025889,"seirs-deterministic_POP-1M_R0-1.7","seirs-deterministic","1M",1.7,"Network_10_Node",10,"Nodes: 10"
"../R0_sensitivity_analysis/Network_10_Node/seirs-deterministic_POP-1M_R0-1.9/simulation_times.csv",1000,29.2281347746253,26.3681266298518,9.08337908140467,22.2383089297451,24.1115378155373,30.0298415529542,52.1009946938604,"seirs-deterministic_POP-1M_R0-1.9","seirs-deterministic","1M",1.9,"Network_10_Node",10,"Nodes: 10"
"../R0_sensitivity_analysis/Network_10_Node/seirs-deterministic_POP-1M_R0-2.1/simulation_times.csv",1000,28.8418499035873,25.8203228628263,9.32603862286089,21.8728735145181,23.6532431528904,29.2972714663483,53.7599995502271,"seirs-deterministic_POP-1M_R0-2.1","seirs-deterministic","1M",2.1,"Network_10_Node",10,"Nodes: 10"
"../R0_sensitivity_analysis/Network_10_Node/seirs-deterministic_POP-1M_R0-2.3/simulation_times.csv",1000,29.0075600378308,26.2806423949078,8.81136977802047,22.1556418689899,23.9886951749213,29.6193732186221,51.0115986323915,"seirs-deterministic_POP-1M_R0-2.3","seirs-deterministic","1M",2.3,"Network_10_Node",10,"Nodes: 10"
"../R0_sensitivity_analysis/Network_10_Node/seirs-deterministic_POP-1M_R0-2.5/simulation_times.csv",1000,28.4662315924931,25.971045570448,8.52729546273352,21.9433097889647,23.9513613483869,29.1963345208205,47.7986983970739,"seirs-deterministic_POP-1M_R0-2.5","seirs-deterministic","1M",2.5,"Network_10_Node",10,"Nodes: 10"
"../R0_sensitivity_analysis/Network_10_Node/seirs-deterministic_POP-1M_R0-2.7/simulation_times.csv",1000,28.3905462535378,25.9269018247724,8.39982383552006,21.8885793171823,23.8750860011205,29.3573543764651,47.693124730885,"seirs-deterministic_POP-1M_R0-2.7","seirs-deterministic","1M",2.7,"Network_10_Node",10,"Nodes: 10"
"../R0_sensitivity_analysis/Network_10_Node/seirs-deterministic_POP-1M_R0-2.9/simulation_times.csv",1000,29.3478197399136,26.3107964610681,9.40005707698574,21.9983612786978,23.9845855985768,30.0572065645829,54.3641268105246,"seirs-deterministic_POP-1M_R0-2.9","seirs-deterministic","1M",2.9,"Network_10_Node",10,"Nodes: 10"
"../R0_sensitivity_analysis/Network_10_Node/seirs-deterministic_POP-1M_R0-3.1/simulation_times.csv",1000,29.4993313089386,25.9476846214384,9.97593603231531,21.7799125259742,23.8067145636305,30.0955478111282,56.1544019981287,"seirs-deterministic_POP-1M_R0-3.1","seirs-deterministic","1M",3.1,"Network_10_Node",10,"Nodes: 10"
"../R0_sensitivity_analysis/Network_10_Node/seirs-deterministic_POP-1M_R0-3.3/simulation_times.csv",1000,29.2296540795583,26.1404005531222,9.39883411256697,21.9401660873555,23.8973777578212,29.9715265696868,54.2031538346782,"seirs-deterministic_POP-1M_R0-3.3","seirs-deterministic","1M",3.3,"Network_10_Node",10,"Nodes: 10"
"../R0_sensitivity_analysis/Network_10_Node/seirs-deterministic_POP-1M_R0-3.5/simulation_times.csv",1000,28.7586063991655,25.9095966666937,9.2984182437386,22.0411562655121,23.8052730644122,29.4969987994991,54.48546044752,"seirs-deterministic_POP-1M_R0-3.5","seirs-deterministic","1M",3.5,"Network_10_Node",10,"Nodes: 10"
"../R0_sensitivity_analysis/Network_10_Node/seirs-deterministic_POP-1M_R0-3.7/simulation_times.csv",1000,28.872591729898,25.9975818572566,9.20201756858216,22.1134943089448,23.8309038290754,29.4755105758086,52.2070048796944,"seirs-deterministic_POP-1M_R0-3.7","seirs-deterministic","1M",3.7,"Network_10_Node",10,"Nodes: 10"
"../R0_sensitivity_analysis/Network_10_Node/seirs-deterministic_POP-1M_R0-3.9/simulation_times.csv",1000,29.1636107031424,26.0653135897592,9.4464047081624,21.8929753081873,23.8936994257383,29.8387958644889,52.1116120512597,"seirs-deterministic_POP-1M_R0-3.9","seirs-deterministic","1M",3.9,"Network_10_Node",10,"Nodes: 10"
"../R0_sensitivity_analysis/Network_10_Node/seirs-deterministic_POP-1M_R0-4.1/simulation_times.csv",1000,29.0014854497928,26.2327254470438,9.03437373899044,22.2376936458983,23.9707715502009,29.6301177279092,51.2502442957833,"seirs-deterministic_POP-1M_R0-4.1","seirs-deterministic","1M",4.1,"Network_10_Node",10,"Nodes: 10"
"../R0_sensitivity_analysis/Network_1_Node/seatird-deterministic_POP-100K_R0-0.5/simulation_times.csv",10100,2.14208231215688,1.65374795999378,2.67213111775347,1.35598475178704,1.47383882058784,2.00937662227079,4.15937087610364,"seatird-deterministic_POP-100K_R0-0.5","seatird-deterministic","100K",0.5,"Network_1_Node",1,"Nodes: 1"
"../R0_sensitivity_analysis/Network_1_Node/seatird-deterministic_POP-100K_R0-0.7/simulation_times.csv",10100,2.98379040536609,2.3809924069792,3.08771421420813,1.97249509030953,2.13818663451821,2.84037452936172,5.65493630394339,"seatird-deterministic_POP-100K_R0-0.7","seatird-deterministic","100K",0.7,"Network_1_Node",1,"Nodes: 1"
"../R0_sensitivity_analysis/Network_1_Node/seatird-deterministic_POP-100K_R0-0.9/simulation_times.csv",10100,3.22688421936835,2.56937757320702,3.16063901336209,2.1306725778617,2.31378514273092,3.07215236267075,5.92793061416596,"seatird-deterministic_POP-100K_R0-0.9","seatird-deterministic","100K",0.9,"Network_1_Node",1,"Nodes: 1"
"../R0_sensitivity_analysis/Network_1_Node/seatird-deterministic_POP-100K_R0-1.1/simulation_times.csv",10100,3.27370445332868,2.59577326569706,3.24655922451965,2.14573714928702,2.32862342335284,3.08477834938094,6.14708694592118,"seatird-deterministic_POP-100K_R0-1.1","seatird-deterministic","100K",1.1,"Network_1_Node",1,"Nodes: 1"
"../R0_sensitivity_analysis/Network_1_Node/seatird-deterministic_POP-100K_R0-1.3/simulation_times.csv",10100,3.26779659368448,2.59366050362587,3.24222476010036,2.14497990831733,2.33191732177511,3.08834233647212,6.12496685506776,"seatird-deterministic_POP-100K_R0-1.3","seatird-deterministic","100K",1.3,"Network_1_Node",1,"Nodes: 1"
"../R0_sensitivity_analysis/Network_1_Node/seatird-deterministic_POP-100K_R0-1.5/simulation_times.csv",10100,3.26788057920661,2.58513236790895,3.30093389462772,2.14185895118862,2.3201131625101,3.07859367271885,6.28754610633477,"seatird-deterministic_POP-100K_R0-1.5","seatird-deterministic","100K",1.5,"Network_1_Node",1,"Nodes: 1"
"../R0_sensitivity_analysis/Network_1_Node/seatird-deterministic_POP-100K_R0-1.7/simulation_times.csv",10100,3.26260507269569,2.56606162432581,3.29136831415388,2.14614796256647,2.32315287413076,3.07383209094405,6.12834714129567,"seatird-deterministic_POP-100K_R0-1.7","seatird-deterministic","100K",1.7,"Network_1_Node",1,"Nodes: 1"
"../R0_sensitivity_analysis/Network_1_Node/seatird-deterministic_POP-100K_R0-1.9/simulation_times.csv",10100,3.29525428058211,2.59392555058002,3.37931323035152,2.15961114848033,2.33670358778909,3.101295563858,6.18236325643956,"seatird-deterministic_POP-100K_R0-1.9","seatird-deterministic","100K",1.9,"Network_1_Node",1,"Nodes: 1"
"../R0_sensitivity_analysis/Network_1_Node/seatird-deterministic_POP-100K_R0-2.1/simulation_times.csv",10100,3.00534152403105,2.39645036216825,3.05133366010428,1.9964717217721,2.16003522183746,2.86169033357874,5.64885663995519,"seatird-deterministic_POP-100K_R0-2.1","seatird-deterministic","100K",2.1,"Network_1_Node",1,"Nodes: 1"
"../R0_sensitivity_analysis/Network_1_Node/seatird-deterministic_POP-100K_R0-2.3/simulation_times.csv",10100,2.75933681137546,2.17825744114816,2.89488009832497,1.8053600968793,1.95322614395991,2.61490503000095,5.37551656588912,"seatird-deterministic_POP-100K_R0-2.3","seatird-deterministic","100K",2.3,"Network_1_Node",1,"Nodes: 1"
"../R0_sensitivity_analysis/Network_1_Node/seatird-deterministic_POP-100K_R0-2.5/simulation_times.csv",10100,2.54267116721959,2.02333640772849,2.76861595076767,1.68510190518573,1.82451107213274,2.40471541928127,4.70225085457787,"seatird-deterministic_POP-100K_R0-2.5","seatird-deterministic","100K",2.5,"Network_1_Node",1,"Nodes: 1"
"../R0_sensitivity_analysis/Network_1_Node/seatird-deterministic_POP-100K_R0-2.7/simulation_times.csv",10100,2.40196982837918,1.89789704978466,2.78445226616716,1.57351354826242,1.70050898054615,2.26423316309229,4.60737359616905,"seatird-deterministic_POP-100K_R0-2.7","seatird-deterministic","100K",2.7,"Network_1_Node",1,"Nodes: 1"
"../R0_sensitivity_analysis/Network_1_Node/seatird-deterministic_POP-100K_R0-2.9/simulation_times.csv",10100,2.29116120885375,1.79595988802612,2.69302535595762,1.47606238462031,1.60378919774666,2.154523731675,4.33513701949267,"seatird-deterministic_POP-100K_R0-2.9","seatird-deterministic","100K",2.9,"Network_1_Node",1,"Nodes: 1"
"../R0_sensitivity_analysis/Network_1_Node/seatird-deterministic_POP-100K_R0-3.1/simulation_times.csv",10100,2.21639198371255,1.72074951510876,2.79701883340449,1.41097761914134,1.53196511417627,2.08104157494381,4.23199002426117,"seatird-deterministic_POP-100K_R0-3.1","seatird-deterministic","100K",3.1,"Network_1_Node",1,"Nodes: 1"
"../R0_sensitivity_analysis/Network_1_Node/seatird-deterministic_POP-100K_R0-3.3/simulation_times.csv",10100,2.12952373926574,1.64523602835834,2.67531640849292,1.34664818709716,1.46202902728692,2.00242632534355,4.11229643737897,"seatird-deterministic_POP-100K_R0-3.3","seatird-deterministic","100K",3.3,"Network_1_Node",1,"Nodes: 1"
"../R0_sensitivity_analysis/Network_1_Node/seatird-deterministic_POP-100K_R0-3.5/simulation_times.csv",10100,2.06650981288219,1.60643648542464,2.59064621421719,1.31371108340099,1.42529829591513,1.95203098515049,3.90914747603238,"seatird-deterministic_POP-100K_R0-3.5","seatird-deterministic","100K",3.5,"Network_1_Node",1,"Nodes: 1"
"../R0_sensitivity_analysis/Network_1_Node/seatird-deterministic_POP-100K_R0-3.7/simulation_times.csv",10100,1.99635748918841,1.54544873442501,2.53015043714348,1.2590833148919,1.37247479055077,1.88241073256359,3.85062611019239,"seatird-deterministic_POP-100K_R0-3.7","seatird-deterministic","100K",3.7,"Network_1_Node",1,"Nodes: 1"
"../R0_sensitivity_analysis/Network_1_Node/seatird-deterministic_POP-100K_R0-3.9/simulation_times.csv",10100,1.95806489967086,1.50722280982882,2.50879061041221,1.22504887385294,1.32948933728039,1.8462217845954,3.79996634889394,"seatird-deterministic_POP-100K_R0-3.9","seatird-deterministic","100K",3.9,"Network_1_Node",1,"Nodes: 1"
"../R0_sensitivity_analysis/Network_1_Node/seatird-deterministic_POP-100K_R0-4.1/simulation_times.csv",10100,1.93147603481178,1.47488076612353,2.56594867450458,1.19597939206287,1.30030806874856,1.80475576827303,3.91775818904861,"seatird-deterministic_POP-100K_R0-4.1","seatird-deterministic","100K",4.1,"Network_1_Node",1,"Nodes: 1"
"../R0_sensitivity_analysis/Network_1_Node/seatird-deterministic_POP-1M_R0-0.5/simulation_times.csv",10100,2.18513020661964,1.69251520931721,2.80649040022096,1.39006467182189,1.50807815324515,2.05431162053719,4.2325558242388,"seatird-deterministic_POP-1M_R0-0.5","seatird-deterministic","1M",0.5,"Network_1_Node",1,"Nodes: 1"
"../R0_sensitivity_analysis/Network_1_Node/seatird-deterministic_POP-1M_R0-0.7/simulation_times.csv",10100,3.24001002615336,2.575992426835,3.18484884423818,2.14005161486566,2.32095442386344,3.06148313404992,6.0837858164683,"seatird-deterministic_POP-1M_R0-0.7","seatird-deterministic","1M",0.7,"Network_1_Node",1,"Nodes: 1"
"../R0_sensitivity_analysis/Network_1_Node/seatird-deterministic_POP-1M_R0-0.9/simulation_times.csv",10100,3.24697230593384,2.5776964975521,3.24866903124851,2.14089628541842,2.32137657143176,3.08279283996671,6.1155719589442,"seatird-deterministic_POP-1M_R0-0.9","seatird-deterministic","1M",0.9,"Network_1_Node",1,"Nodes: 1"
"../R0_sensitivity_analysis/Network_1_Node/seatird-deterministic_POP-1M_R0-1.1/simulation_times.csv",10100,3.26540518131568,2.58584846649319,3.30123236860029,2.14844291834161,2.3332943203859,3.08538486482576,5.98622013982385,"seatird-deterministic_POP-1M_R0-1.1","seatird-deterministic","1M",1.1,"Network_1_Node",1,"Nodes: 1"
"../R0_sensitivity_analysis/Network_1_Node/seatird-deterministic_POP-1M_R0-1.3/simulation_times.csv",10100,3.30038923860002,2.61170024704188,3.25239736475252,2.15938622970134,2.34838709840551,3.11238963901997,6.22181478487328,"seatird-deterministic_POP-1M_R0-1.3","seatird-deterministic","1M",1.3,"Network_1_Node",1,"Nodes: 1"
"../R0_sensitivity_analysis/Network_1_Node/seatird-deterministic_POP-1M_R0-1.5/simulation_times.csv",10100,3.29971256952253,2.61139181535691,3.27430866523904,2.1666425078176,2.34722262714058,3.12638495815918,6.11467788154259,"seatird-deterministic_POP-1M_R0-1.5","seatird-deterministic","1M",1.5,"Network_1_Node",1,"Nodes: 1"
"../R0_sensitivity_analysis/Network_1_Node/seatird-deterministic_POP-1M_R0-1.7/simulation_times.csv",10100,3.31420375426069,2.6131124868989,3.29991859484049,2.16993959611282,2.35171098960564,3.1204471825622,6.30062789777293,"seatird-deterministic_POP-1M_R0-1.7","seatird-deterministic","1M",1.7,"Network_1_Node",1,"Nodes: 1"
"../R0_sensitivity_analysis/Network_1_Node/seatird-deterministic_POP-1M_R0-1.9/simulation_times.csv",10100,3.27459124033496,2.60705650318414,3.27865327397729,2.15423206789419,2.33972612116486,3.10512050846592,6.02498302664607,"seatird-deterministic_POP-1M_R0-1.9","seatird-deterministic","1M",1.9,"Network_1_Node",1,"Nodes: 1"
"../R0_sensitivity_analysis/Network_1_Node/seatird-deterministic_POP-1M_R0-2.1/simulation_times.csv",10100,3.34300907210419,2.62689826916903,3.32839489726483,2.17047532573342,2.35928109521046,3.15691343927756,6.40049112318084,"seatird-deterministic_POP-1M_R0-2.1","seatird-deterministic","1M",2.1,"Network_1_Node",1,"Nodes: 1"
"../R0_sensitivity_analysis/Network_1_Node/seatird-deterministic_POP-1M_R0-2.3/simulation_times.csv",10100,3.25670002181839,2.58523463457823,3.25739936807094,2.14500212753192,2.32371863024309,3.08118129661307,6.08686206033452,"seatird-deterministic_POP-1M_R0-2.3","seatird-deterministic","1M",2.3,"Network_1_Node",1,"Nodes: 1"
"../R0_sensitivity_analysis/Network_1_Node/seatird-deterministic_POP-1M_R0-2.5/simulation_times.csv",10100,3.16434636819886,2.53783005941659,3.1058924517793,2.10497133182362,2.28068943042308,3.01469267345965,5.8319574904628,"seatird-deterministic_POP-1M_R0-2.5","seatird-deterministic","1M",2.5,"Network_1_Node",1,"Nodes: 1"
"../R0_sensitivity_analysis/Network_1_Node/seatird-deterministic_POP-1M_R0-2.7/simulation_times.csv",10100,2.92443120490815,2.33215059246868,3.01182168287059,1.93913923995569,2.10294249979779,2.79702476738021,5.53013102654368,"seatird-deterministic_POP-1M_R0-2.7","seatird-deterministic","1M",2.7,"Network_1_Node",1,"Nodes: 1"
"../R0_sensitivity_analysis/Network_1_Node/seatird-deterministic_POP-1M_R0-2.9/simulation_times.csv",10100,2.79675414076739,2.20911729335785,3.01288165055937,1.83514134008437,1.9854702539742,2.64937221817672,5.23054139614105,"seatird-deterministic_POP-1M_R0-2.9","seatird-deterministic","1M",2.9,"Network_1_Node",1,"Nodes: 1"
"../R0_sensitivity_analysis/Network_1_Node/seatird-deterministic_POP-1M_R0-3.1/simulation_times.csv",10100,3.47542657250741,2.29172160662711,4.31326936862351,1.75350831691176,1.96620455617085,2.94610928697512,10.3360625978559,"seatird-deterministic_POP-1M_R0-3.1","seatird-deterministic","1M",3.1,"Network_1_Node",1,"Nodes: 1"
"../R0_sensitivity_analysis/Network_1_Node/seatird-deterministic_POP-1M_R0-3.3/simulation_times.csv",10100,3.22575067816118,2.17509090993553,3.84557434696714,1.67150028478354,1.87065135315061,2.78231358481571,9.04005474094301,"seatird-deterministic_POP-1M_R0-3.3","seatird-deterministic","1M",3.3,"Network_1_Node",1,"Nodes: 1"
"../R0_sensitivity_analysis/Network_1_Node/seatird-deterministic_POP-1M_R0-3.5/simulation_times.csv",10100,3.18077485530204,2.11397705320269,3.74665063529239,1.61458130059764,1.81750385463238,2.70058052428067,9.76022909879684,"seatird-deterministic_POP-1M_R0-3.5","seatird-deterministic","1M",3.5,"Network_1_Node",1,"Nodes: 1"
"../R0_sensitivity_analysis/Network_1_Node/seatird-deterministic_POP-1M_R0-3.7/simulation_times.csv",10100,3.04533877975575,2.00983520317823,3.69110741432524,1.53698493633419,1.72171383257955,2.57191687403247,9.6960742351599,"seatird-deterministic_POP-1M_R0-3.7","seatird-deterministic","1M",3.7,"Network_1_Node",1,"Nodes: 1"
"../R0_sensitivity_analysis/Network_1_Node/seatird-deterministic_POP-1M_R0-3.9/simulation_times.csv",10100,2.94659930874529,1.96974191162735,3.4401908850788,1.50994420554489,1.68745919270441,2.53049197886139,9.00926503380758,"seatird-deterministic_POP-1M_R0-3.9","seatird-deterministic","1M",3.9,"Network_1_Node",1,"Nodes: 1"
"../R0_sensitivity_analysis/Network_1_Node/seatird-deterministic_POP-1M_R0-4.1/simulation_times.csv",10100,2.85308413360342,1.9129626294598,3.34446174664527,1.46607499010861,1.64631610736251,2.44533579377457,8.47883794885129,"seatird-deterministic_POP-1M_R0-4.1","seatird-deterministic","1M",4.1,"Network_1_Node",1,"Nodes: 1"
"../R0_sensitivity_analysis/Network_1_Node/seatird-deterministic_POP-500_R0-0.5/simulation_times.csv",10100,0.74245549829769,0.533389966003597,1.16182588566216,0.434069172292948,0.468529267702252,0.699049848131835,1.54647875735536,"seatird-deterministic_POP-500_R0-0.5","seatird-deterministic","500",0.5,"Network_1_Node",1,"Nodes: 1"
"../R0_sensitivity_analysis/Network_1_Node/seatird-deterministic_POP-500_R0-0.7/simulation_times.csv",10100,1.10129666382484,0.782603153027594,1.72251697624648,0.620759227592498,0.679627215024084,1.00943041173741,2.41222029021009,"seatird-deterministic_POP-500_R0-0.7","seatird-deterministic","500",0.7,"Network_1_Node",1,"Nodes: 1"
"../R0_sensitivity_analysis/Network_1_Node/seatird-deterministic_POP-500_R0-0.9/simulation_times.csv",10100,2.22174435176048,1.50736854039133,2.62623024510454,1.14873434724286,1.28701931703836,1.95153366914019,6.74737913189455,"seatird-deterministic_POP-500_R0-0.9","seatird-deterministic","500",0.9,"Network_1_Node",1,"Nodes: 1"
"../R0_sensitivity_analysis/Network_1_Node/seatird-deterministic_POP-500_R0-1.1/simulation_times.csv",10100,4.82483173753882,2.72403287142515,7.11635929493367,2.10714199366048,2.3642597659491,3.40306179737672,21.9447983445599,"seatird-deterministic_POP-500_R0-1.1","seatird-deterministic","500",1.1,"Network_1_Node",1,"Nodes: 1"
"../R0_sensitivity_analysis/Network_1_Node/seatird-deterministic_POP-500_R0-1.3/simulation_times.csv",10100,4.89332217570818,2.74746060650796,7.24025118985579,2.08952228948474,2.37265836074948,3.46985360933468,23.4852855272591,"seatird-deterministic_POP-500_R0-1.3","seatird-deterministic","500",1.3,"Network_1_Node",1,"Nodes: 1"
"../R0_sensitivity_analysis/Network_1_Node/seatird-deterministic_POP-500_R0-1.5/simulation_times.csv",10100,4.94302280676265,2.74545894376934,7.22870792073298,2.13333453061059,2.38408151408657,3.436628729105,25.2325700367801,"seatird-deterministic_POP-500_R0-1.5","seatird-deterministic","500",1.5,"Network_1_Node",1,"Nodes: 1"
"../R0_sensitivity_analysis/Network_1_Node/seatird-deterministic_POP-500_R0-1.7/simulation_times.csv",10100,5.17613731630589,2.76745629869401,7.60532363658335,2.14089934332296,2.39964934065938,3.48389068897814,27.4076552237384,"seatird-deterministic_POP-500_R0-1.7","seatird-deterministic","500",1.7,"Network_1_Node",1,"Nodes: 1"
"../R0_sensitivity_analysis/Network_1_Node/seatird-deterministic_POP-500_R0-1.9/simulation_times.csv",10100,4.51514377999073,2.4293424449861,6.6328224711059,1.85570390271023,2.10271693998948,3.08949563931674,24.4901947713457,"seatird-deterministic_POP-500_R0-1.9","seatird-deterministic","500",1.9,"Network_1_Node",1,"Nodes: 1"
"../R0_sensitivity_analysis/Network_1_Node/seatird-deterministic_POP-500_R0-2.1/simulation_times.csv",10100,3.95541050837864,2.15870611090213,5.70226322482095,1.66486257379875,1.87206662911922,2.7928735408932,19.4317630873993,"seatird-deterministic_POP-500_R0-2.1","seatird-deterministic","500",2.1,"Network_1_Node",1,"Nodes: 1"
"../R0_sensitivity_analysis/Network_1_Node/seatird-deterministic_POP-500_R0-2.3/simulation_times.csv",10100,3.66306870566238,1.98159150313586,5.21608329139934,1.49308442017064,1.69606438232586,2.59871085779741,17.9374255388043,"seatird-deterministic_POP-500_R0-2.3","seatird-deterministic","500",2.3,"Network_1_Node",1,"Nodes: 1"
"../R0_sensitivity_analysis/Network_1_Node/seatird-deterministic_POP-500_R0-2.5/simulation_times.csv",10100,3.35854538419109,1.85329947061837,4.74741878194662,1.39050424844027,1.58689931407571,2.44998118188232,15.3783565116115,"seatird-deterministic_POP-500_R0-2.5","seatird-deterministic","500",2.5,"Network_1_Node",1,"Nodes: 1"
"../R0_sensitivity_analysis/Network_1_Node/seatird-deterministic_POP-500_R0-2.7/simulation_times.csv",10100,3.17593146229255,1.72109979204834,4.56903082491638,1.27284536045045,1.45875620329753,2.27351925428957,15.6039961728267,"seatird-deterministic_POP-500_R0-2.7","seatird-deterministic","500",2.7,"Network_1_Node",1,"Nodes: 1"
"../R0_sensitivity_analysis/Network_1_Node/seatird-deterministic_POP-500_R0-2.9/simulation_times.csv",10100,3.03723700630967,1.65313907340169,4.26118024466365,1.20815341332927,1.39259889069945,2.22643633419648,14.5066807116382,"seatird-deterministic_POP-500_R0-2.9","seatird-deterministic","500",2.9,"Network_1_Node",1,"Nodes: 1"
"../R0_sensitivity_analysis/Network_1_Node/seatird-deterministic_POP-500_R0-3.1/simulation_times.csv",10100,2.81089454138781,1.59581256192178,3.87543955859568,1.15083173606545,1.34507464431226,2.12759077874944,12.1692806744017,"seatird-deterministic_POP-500_R0-3.1","seatird-deterministic","500",3.1,"Network_1_Node",1,"Nodes: 1"
"../R0_sensitivity_analysis/Network_1_Node/seatird-deterministic_POP-500_R0-3.3/simulation_times.csv",10100,2.76269853708214,1.55023082438856,3.72563633015224,1.12381356563419,1.30327867716551,2.09690685430542,12.5802162158303,"seatird-deterministic_POP-500_R0-3.3","seatird-deterministic","500",3.3,"Network_1_Node",1,"Nodes: 1"
"../R0_sensitivity_analysis/Network_1_Node/seatird-deterministic_POP-500_R0-3.5/simulation_times.csv",10100,2.64552602722448,1.48970568273216,3.52211176773755,1.06220494657755,1.23940405342728,2.06277366727591,11.2275256847962,"seatird-deterministic_POP-500_R0-3.5","seatird-deterministic","500",3.5,"Network_1_Node",1,"Nodes: 1"
"../R0_sensitivity_analysis/Network_1_Node/seatird-deterministic_POP-500_R0-3.7/simulation_times.csv",10100,2.5769425647313,1.46436792705208,3.36956873001357,1.04715823242441,1.22144026029855,2.00323996460065,10.9027647982351,"seatird-deterministic_POP-500_R0-3.7","seatird-deterministic","500",3.7,"Network_1_Node",1,"Nodes: 1"
"../R0_sensitivity_analysis/Network_1_Node/seatird-deterministic_POP-500_R0-3.9/simulation_times.csv",10100,2.44297219420165,1.42761080246419,3.12479124586349,1.0206343146041,1.19451316725463,1.96461062785238,9.82674786802379,"seatird-deterministic_POP-500_R0-3.9","seatird-deterministic","500",3.9,"Network_1_Node",1,"Nodes: 1"
"../R0_sensitivity_analysis/Network_1_Node/seatird-deterministic_POP-500_R0-4.1/simulation_times.csv",10100,2.42583207489259,1.39516228530556,3.09420003851307,0.979238824732602,1.15094551630318,1.94681196566671,9.95075378660112,"seatird-deterministic_POP-500_R0-4.1","seatird-deterministic","500",4.1,"Network_1_Node",1,"Nodes: 1"
"../R0_sensitivity_analysis/Network_1_Node/seatird-stochastic_POP-100K_R0-0.5/simulation_times.csv",100,3.3815028920956,3.15061950590461,1.05736223810605,2.20408301670104,2.68305483926088,3.72385718254372,5.58307620380074,"seatird-stochastic_POP-100K_R0-0.5","seatird-stochastic","100K",0.5,"Network_1_Node",1,"Nodes: 1"
"../R0_sensitivity_analysis/Network_1_Node/seatird-stochastic_POP-100K_R0-0.7/simulation_times.csv",100,4.55802394503728,4.30881957244128,1.22313071485785,3.21133185252547,3.69312776438892,5.01442894013599,6.84111504228786,"seatird-stochastic_POP-100K_R0-0.7","seatird-stochastic","100K",0.7,"Network_1_Node",1,"Nodes: 1"
"../R0_sensitivity_analysis/Network_1_Node/seatird-stochastic_POP-100K_R0-0.9/simulation_times.csv",100,6.7863977849111,6.26015912368894,1.66865354666077,4.94295970536768,5.82036622520536,7.32505621947348,9.97516278484836,"seatird-stochastic_POP-100K_R0-0.9","seatird-stochastic","100K",0.9,"Network_1_Node",1,"Nodes: 1"
"../R0_sensitivity_analysis/Network_1_Node/seatird-stochastic_POP-100K_R0-1.1/simulation_times.csv",100,10.764430064559,9.93578357063234,2.90327833992429,8.35679584564641,9.15033653890714,11.1578046036884,15.2435918823816,"seatird-stochastic_POP-100K_R0-1.1","seatird-stochastic","100K",1.1,"Network_1_Node",1,"Nodes: 1"
"../R0_sensitivity_analysis/Network_1_Node/seatird-stochastic_POP-100K_R0-1.3/simulation_times.csv",100,17.2762361254543,15.5492178667337,5.03346249374309,13.7240181753412,14.6727343471721,17.193049591966,24.7227471671067,"seatird-stochastic_POP-100K_R0-1.3","seatird-stochastic","100K",1.3,"Network_1_Node",1,"Nodes: 1"
"../R0_sensitivity_analysis/Network_1_Node/seatird-stochastic_POP-100K_R0-1.5/simulation_times.csv",100,22.7253493832983,21.3157461909577,5.09746621759104,19.2504600418732,20.2006848882884,23.3091669948772,31.4386642547324,"seatird-stochastic_POP-100K_R0-1.5","seatird-stochastic","100K",1.5,"Network_1_Node",1,"Nodes: 1"
"../R0_sensitivity_analysis/Network_1_Node/seatird-stochastic_POP-100K_R0-1.7/simulation_times.csv",100,27.6820630583167,26.2436050679535,5.30126892479402,24.30918266261,25.047721741721,27.8184947264381,37.1807121292688,"seatird-stochastic_POP-100K_R0-1.7","seatird-stochastic","100K",1.7,"Network_1_Node",1,"Nodes: 1"
"../R0_sensitivity_analysis/Network_1_Node/seatird-stochastic_POP-100K_R0-1.9/simulation_times.csv",100,32.356404891815,31.0538103953004,5.8437933131137,28.8508982235566,29.8896546168253,32.0974681898952,41.3478800836019,"seatird-stochastic_POP-100K_R0-1.9","seatird-stochastic","100K",1.9,"Network_1_Node",1,"Nodes: 1"
"../R0_sensitivity_analysis/Network_1_Node/seatird-stochastic_POP-100K_R0-2.1/simulation_times.csv",100,36.5011180764437,35.1348949978128,5.26314878770462,32.8356673354283,33.9168062107638,36.9793642181903,44.7587963283062,"seatird-stochastic_POP-100K_R0-2.1","seatird-stochastic","100K",2.1,"Network_1_Node",1,"Nodes: 1"
"../R0_sensitivity_analysis/Network_1_Node/seatird-stochastic_POP-100K_R0-2.3/simulation_times.csv",100,42.0002360559627,39.8285901369527,7.34534405429432,37.6367298333906,38.4328103531152,41.9865638879128,59.6177004905418,"seatird-stochastic_POP-100K_R0-2.3","seatird-stochastic","100K",2.3,"Network_1_Node",1,"Nodes: 1"
"../R0_sensitivity_analysis/Network_1_Node/seatird-stochastic_POP-100K_R0-2.5/simulation_times.csv",100,46.7566981739923,43.7753637479618,12.055605158858,40.4869334019721,42.1442864863202,45.5483748242259,61.8481001875363,"seatird-stochastic_POP-100K_R0-2.5","seatird-stochastic","100K",2.5,"Network_1_Node",1,"Nodes: 1"
"../R0_sensitivity_analysis/Network_1_Node/seatird-stochastic_POP-100K_R0-2.7/simulation_times.csv",100,50.7169411398098,47.6492263237014,12.6656901040641,42.5734018059447,45.9353798944503,49.6814693072811,75.8731131887995,"seatird-stochastic_POP-100K_R0-2.7","seatird-stochastic","100K",2.7,"Network_1_Node",1,"Nodes: 1"
"../R0_sensitivity_analysis/Network_1_Node/seatird-stochastic_POP-100K_R0-2.9/simulation_times.csv",100,54.1344077672064,50.9414937067777,12.2199740600145,47.2158071638085,49.2441089935601,52.9876971263438,72.3775308256037,"seatird-stochastic_POP-100K_R0-2.9","seatird-stochastic","100K",2.9,"Network_1_Node",1,"Nodes: 1"
"../R0_sensitivity_analysis/Network_1_Node/seatird-stochastic_POP-100K_R0-3.1/simulation_times.csv",100,57.3520853510685,54.045738263987,12.4570580276006,49.6906400090083,52.301074993331,56.493891003076,77.1793189479969,"seatird-stochastic_POP-100K_R0-3.1","seatird-stochastic","100K",3.1,"Network_1_Node",1,"Nodes: 1"
"../R0_sensitivity_analysis/Network_1_Node/seatird-stochastic_POP-100K_R0-3.3/simulation_times.csv",100,61.0881589374319,58.1526813264936,12.1242343530827,52.8266883931123,56.5493404231966,60.332912826445,79.3751459305175,"seatird-stochastic_POP-100K_R0-3.3","seatird-stochastic","100K",3.3,"Network_1_Node",1,"Nodes: 1"
"../R0_sensitivity_analysis/Network_1_Node/seatird-stochastic_POP-100K_R0-3.5/simulation_times.csv",100,62.7568646034598,60.3350988188758,10.8237605978835,54.5347830281593,58.1340372804552,62.6036075926386,88.4514019826427,"seatird-stochastic_POP-100K_R0-3.5","seatird-stochastic","100K",3.5,"Network_1_Node",1,"Nodes: 1"
"../R0_sensitivity_analysis/Network_1_Node/seatird-stochastic_POP-100K_R0-3.7/simulation_times.csv",100,67.8899040314741,65.0402487982064,10.5836353705234,59.4667152749375,62.772554224357,68.6624102015048,84.3121386773884,"seatird-stochastic_POP-100K_R0-3.7","seatird-stochastic","100K",3.7,"Network_1_Node",1,"Nodes: 1"
"../R0_sensitivity_analysis/Network_1_Node/seatird-stochastic_POP-100K_R0-3.9/simulation_times.csv",100,70.2942433102056,67.7063284004107,12.0544540307939,62.0842451334931,63.8781460402533,70.9583731708117,83.4614698058925,"seatird-stochastic_POP-100K_R0-3.9","seatird-stochastic","100K",3.9,"Network_1_Node",1,"Nodes: 1"
"../R0_sensitivity_analysis/Network_1_Node/seatird-stochastic_POP-100K_R0-4.1/simulation_times.csv",100,74.2674190292694,71.9677205486223,11.9075654956713,66.0097370858304,67.7003796556965,74.5388702875935,90.6044817258604,"seatird-stochastic_POP-100K_R0-4.1","seatird-stochastic","100K",4.1,"Network_1_Node",1,"Nodes: 1"
"../R0_sensitivity_analysis/Network_1_Node/seatird-stochastic_POP-1M_R0-0.5/simulation_times.csv",100,3.50247566793114,3.24114136770368,1.17313803769912,2.27179305236787,2.77122370060533,3.9726209519431,5.66969147650525,"seatird-stochastic_POP-1M_R0-0.5","seatird-stochastic","1M",0.5,"Network_1_Node",1,"Nodes: 1"
"../R0_sensitivity_analysis/Network_1_Node/seatird-stochastic_POP-1M_R0-0.7/simulation_times.csv",100,4.83978866517544,4.46619778685272,1.47660207825798,3.25995459482074,3.8676337194629,5.38194046076387,7.83384260488674,"seatird-stochastic_POP-1M_R0-0.7","seatird-stochastic","1M",0.7,"Network_1_Node",1,"Nodes: 1"
"../R0_sensitivity_analysis/Network_1_Node/seatird-stochastic_POP-1M_R0-0.9/simulation_times.csv",100,7.61505710599944,7.21788255404681,1.7683680876392,5.75452466383576,6.46572404494509,8.180292354431,10.5159667536616,"seatird-stochastic_POP-1M_R0-0.9","seatird-stochastic","1M",0.9,"Network_1_Node",1,"Nodes: 1"
"../R0_sensitivity_analysis/Network_1_Node/seatird-stochastic_POP-1M_R0-1.1/simulation_times.csv",100,17.8157352670468,16.1703346576542,5.22279662089281,14.0363073746674,14.7749526514672,17.9257487342693,28.8631845467724,"seatird-stochastic_POP-1M_R0-1.1","seatird-stochastic","1M",1.1,"Network_1_Node",1,"Nodes: 1"
"../R0_sensitivity_analysis/Network_1_Node/seatird-stochastic_POP-1M_R0-1.3/simulation_times.csv",100,76.6525069683604,73.1982994498685,14.3459473139048,65.2319970826618,69.2781362398528,77.8308468833566,109.189020050038,"seatird-stochastic_POP-1M_R0-1.3","seatird-stochastic","1M",1.3,"Network_1_Node",1,"Nodes: 1"
"../R0_sensitivity_analysis/Network_1_Node/seatird-stochastic_POP-1M_R0-1.5/simulation_times.csv",100,188.173918597177,180.503367652185,18.2440515839167,175.090623049531,177.622930799145,195.415146767627,220.876100507937,"seatird-stochastic_POP-1M_R0-1.5","seatird-stochastic","1M",1.5,"Network_1_Node",1,"Nodes: 1"
"../R0_sensitivity_analysis/Network_1_Node/seatird-stochastic_POP-1M_R0-1.7/simulation_times.csv",100,312.019920431543,303.618967383169,21.8285285395209,298.241150004975,301.297981995624,308.351690670475,360.969202527311,"seatird-stochastic_POP-1M_R0-1.7","seatird-stochastic","1M",1.7,"Network_1_Node",1,"Nodes: 1"
"../R0_sensitivity_analysis/Network_1_Node/seatird-stochastic_POP-1M_R0-1.9/simulation_times.csv",100,450.376727104578,442.561658864841,22.7718010701282,437.150288687833,439.948441883083,446.382584908511,497.756582215801,"seatird-stochastic_POP-1M_R0-1.9","seatird-stochastic","1M",1.9,"Network_1_Node",1,"Nodes: 1"
"../R0_sensitivity_analysis/Network_1_Node/seatird-stochastic_POP-1M_R0-2.1/simulation_times.csv",100,606.98395183282,598.987939672545,23.2642853283806,591.502406508848,596.460876735393,603.789899507072,661.349621042144,"seatird-stochastic_POP-1M_R0-2.1","seatird-stochastic","1M",2.1,"Network_1_Node",1,"Nodes: 1"
"../R0_sensitivity_analysis/Network_1_Node/seatird-stochastic_POP-1M_R0-2.3/simulation_times.csv",100,783.13347485045,776.408221365884,26.3984866056781,766.854549308773,771.917110448703,781.544275866821,842.136940960027,"seatird-stochastic_POP-1M_R0-2.3","seatird-stochastic","1M",2.3,"Network_1_Node",1,"Nodes: 1"
"../R0_sensitivity_analysis/Network_1_Node/seatird-stochastic_POP-1M_R0-2.5/simulation_times.csv",89,963.564978850692,953.660980980843,31.7477610603214,941.604214115068,948.102099072188,961.500878766179,1039.03985206597,"seatird-stochastic_POP-1M_R0-2.5","seatird-stochastic","1M",2.5,"Network_1_Node",1,"Nodes: 1"
"../R0_sensitivity_analysis/Network_1_Node/seatird-stochastic_POP-1M_R0-2.7/simulation_times.csv",74,1161.21111013199,1154.18221599236,29.7990312594681,1141.75423609465,1147.25051398436,1159.29897911893,1207.30410079444,"seatird-stochastic_POP-1M_R0-2.7","seatird-stochastic","1M",2.7,"Network_1_Node",1,"Nodes: 1"
"../R0_sensitivity_analysis/Network_1_Node/seatird-stochastic_POP-1M_R0-2.9/simulation_times.csv",62,1375.97304875926,1366.40073491447,37.391098147892,1347.66772361882,1360.3281978732,1375.66026205383,1418.71176843289,"seatird-stochastic_POP-1M_R0-2.9","seatird-stochastic","1M",2.9,"Network_1_Node",1,"Nodes: 1"
"../R0_sensitivity_analysis/Network_1_Node/seatird-stochastic_POP-1M_R0-3.1/simulation_times.csv",54,1591.44968780703,1588.70488468837,16.8765819665552,1572.95795744425,1579.53036609991,1597.33867826266,1622.94906154135,"seatird-stochastic_POP-1M_R0-3.1","seatird-stochastic","1M",3.1,"Network_1_Node",1,"Nodes: 1"
"../R0_sensitivity_analysis/Network_1_Node/seatird-stochastic_POP-1M_R0-3.3/simulation_times.csv",47,1814.69746125688,1813.530385755,13.0647324121471,1797.93447056934,1805.43484115414,1820.73127603345,1836.80122462269,"seatird-stochastic_POP-1M_R0-3.3","seatird-stochastic","1M",3.3,"Network_1_Node",1,"Nodes: 1"
"../R0_sensitivity_analysis/Network_1_Node/seatird-stochastic_POP-1M_R0-3.5/simulation_times.csv",42,2037.29259758651,2035.88759858254,19.0228680742639,2006.44680858897,2024.06462968048,2049.07156112278,2069.32078129314,"seatird-stochastic_POP-1M_R0-3.5","seatird-stochastic","1M",3.5,"Network_1_Node",1,"Nodes: 1"
"../R0_sensitivity_analysis/Network_1_Node/seatird-stochastic_POP-1M_R0-3.7/simulation_times.csv",37,2275.21623096897,2275.09385512397,14.7572899523568,2255.41116203256,2265.71070958488,2283.71283419244,2297.99181680046,"seatird-stochastic_POP-1M_R0-3.7","seatird-stochastic","1M",3.7,"Network_1_Node",1,"Nodes: 1"
"../R0_sensitivity_analysis/Network_1_Node/seatird-stochastic_POP-1M_R0-3.9/simulation_times.csv",34,2519.19665166884,2514.96965773962,18.0602430870033,2498.41614453727,2506.04903287347,2528.95621503564,2549.67939704098,"seatird-stochastic_POP-1M_R0-3.9","seatird-stochastic","1M",3.9,"Network_1_Node",1,"Nodes: 1"
"../R0_sensitivity_analysis/Network_1_Node/seatird-stochastic_POP-1M_R0-4.1/simulation_times.csv",30,2798.06571769832,2801.67716260068,17.3013848925742,2763.12002153974,2791.65930805914,2805.87768109469,2816.97637988245,"seatird-stochastic_POP-1M_R0-4.1","seatird-stochastic","1M",4.1,"Network_1_Node",1,"Nodes: 1"
"../R0_sensitivity_analysis/Network_1_Node/seatird-stochastic_POP-500_R0-0.5/simulation_times.csv",100,0.42387333676219,0.30638097692281,0.435723006967199,0.155923743452877,0.207935298793018,0.449733666609973,0.913537723384797,"seatird-stochastic_POP-500_R0-0.5","seatird-stochastic","500",0.5,"Network_1_Node",1,"Nodes: 1"
"../R0_sensitivity_analysis/Network_1_Node/seatird-stochastic_POP-500_R0-0.7/simulation_times.csv",100,0.682540298309177,0.498329939320683,0.611150952743344,0.17670017266646,0.323595434892923,0.82090709824115,1.84737634500489,"seatird-stochastic_POP-500_R0-0.7","seatird-stochastic","500",0.7,"Network_1_Node",1,"Nodes: 1"
"../R0_sensitivity_analysis/Network_1_Node/seatird-stochastic_POP-500_R0-0.9/simulation_times.csv",100,0.327226097881794,0.207496562972665,0.439031411905453,0.115113387256861,0.146216293796897,0.370362726040184,0.64637503111735,"seatird-stochastic_POP-500_R0-0.9","seatird-stochastic","500",0.9,"Network_1_Node",1,"Nodes: 1"
"../R0_sensitivity_analysis/Network_1_Node/seatird-stochastic_POP-500_R0-1.1/simulation_times.csv",100,1.15896352959797,0.835098326206207,1.12293489744419,0.248363335523754,0.431547924876213,1.45322516281158,3.05393647523597,"seatird-stochastic_POP-500_R0-1.1","seatird-stochastic","500",1.1,"Network_1_Node",1,"Nodes: 1"
"../R0_sensitivity_analysis/Network_1_Node/seatird-stochastic_POP-500_R0-1.3/simulation_times.csv",100,1.00003273364156,0.662763916887343,0.936800210853696,0.209091714769602,0.35101739410311,1.10340616339818,3.21154340151697,"seatird-stochastic_POP-500_R0-1.3","seatird-stochastic","500",1.3,"Network_1_Node",1,"Nodes: 1"
"../R0_sensitivity_analysis/Network_1_Node/seatird-stochastic_POP-500_R0-1.5/simulation_times.csv",100,1.37781188014895,0.779523252509534,1.30638611069986,0.205794166121632,0.414839942008257,2.10951841576025,3.58982430715114,"seatird-stochastic_POP-500_R0-1.5","seatird-stochastic","500",1.5,"Network_1_Node",1,"Nodes: 1"
"../R0_sensitivity_analysis/Network_1_Node/seatird-stochastic_POP-500_R0-1.7/simulation_times.csv",100,1.46415905578062,0.612396253272891,1.61265483479824,0.177969701495022,0.352275268640369,2.56254460243508,3.88358257766813,"seatird-stochastic_POP-500_R0-1.7","seatird-stochastic","500",1.7,"Network_1_Node",1,"Nodes: 1"
"../R0_sensitivity_analysis/Network_1_Node/seatird-stochastic_POP-500_R0-1.9/simulation_times.csv",100,0.561795795671642,0.41992312669754,0.571449345364689,0.207086315192282,0.288772841915488,0.684030985925347,1.15422826977447,"seatird-stochastic_POP-500_R0-1.9","seatird-stochastic","500",1.9,"Network_1_Node",1,"Nodes: 1"
"../R0_sensitivity_analysis/Network_1_Node/seatird-stochastic_POP-500_R0-2.1/simulation_times.csv",100,0.457017548438162,0.357570375315845,0.420332364045272,0.165628315415233,0.220959267579019,0.505430635530502,0.986690273322165,"seatird-stochastic_POP-500_R0-2.1","seatird-stochastic","500",2.1,"Network_1_Node",1,"Nodes: 1"
"../R0_sensitivity_analysis/Network_1_Node/seatird-stochastic_POP-500_R0-2.3/simulation_times.csv",100,2.14268634045497,2.17742365784943,1.36197867714404,0.279503160249442,0.925169331487268,2.84823884861544,4.57580796256661,"seatird-stochastic_POP-500_R0-2.3","seatird-stochastic","500",2.3,"Network_1_Node",1,"Nodes: 1"
"../R0_sensitivity_analysis/Network_1_Node/seatird-stochastic_POP-500_R0-2.5/simulation_times.csv",100,2.57846080251038,2.34290368109941,1.14479183203252,1.45084494873881,1.9258216205053,2.90907057374716,4.61162702227011,"seatird-stochastic_POP-500_R0-2.5","seatird-stochastic","500",2.5,"Network_1_Node",1,"Nodes: 1"
"../R0_sensitivity_analysis/Network_1_Node/seatird-stochastic_POP-500_R0-2.7/simulation_times.csv",100,1.77083253312856,1.86297315824777,1.34019169234437,0.155252504721284,0.333783273585141,2.67373721580952,4.12106462996453,"seatird-stochastic_POP-500_R0-2.7","seatird-stochastic","500",2.7,"Network_1_Node",1,"Nodes: 1"
"../R0_sensitivity_analysis/Network_1_Node/seatird-stochastic_POP-500_R0-2.9/simulation_times.csv",100,2.61065645268187,2.52883776184171,1.07824561506517,0.757118053827435,2.01753276214004,3.04381572594866,4.39145741779357,"seatird-stochastic_POP-500_R0-2.9","seatird-stochastic","500",2.9,"Network_1_Node",1,"Nodes: 1"
"../R0_sensitivity_analysis/Network_1_Node/seatird-stochastic_POP-500_R0-3.1/simulation_times.csv",100,0.328793520312756,0.278148983605206,0.2953214203971,0.130303778871894,0.174689009319991,0.359118849504739,0.729709231294691,"seatird-stochastic_POP-500_R0-3.1","seatird-stochastic","500",3.1,"Network_1_Node",1,"Nodes: 1"
"../R0_sensitivity_analysis/Network_1_Node/seatird-stochastic_POP-500_R0-3.3/simulation_times.csv",100,0.222473123036325,0.142014156095684,0.252862764206684,0.0980921106413007,0.115771347191185,0.24445926444605,0.530367543268949,"seatird-stochastic_POP-500_R0-3.3","seatird-stochastic","500",3.3,"Network_1_Node",1,"Nodes: 1"
"../R0_sensitivity_analysis/Network_1_Node/seatird-stochastic_POP-500_R0-3.5/simulation_times.csv",100,0.271181188933551,0.193170199170709,0.319880081696062,0.107363317348063,0.137030343990773,0.293758050072938,0.617225466482341,"seatird-stochastic_POP-500_R0-3.5","seatird-stochastic","500",3.5,"Network_1_Node",1,"Nodes: 1"
"../R0_sensitivity_analysis/Network_1_Node/seatird-stochastic_POP-500_R0-3.7/simulation_times.csv",100,2.31970930894837,2.13692482374609,0.9790194463153,1.21740974448621,1.63980913255364,2.65365486592054,4.16255631484091,"seatird-stochastic_POP-500_R0-3.7","seatird-stochastic","500",3.7,"Network_1_Node",1,"Nodes: 1"
"../R0_sensitivity_analysis/Network_1_Node/seatird-stochastic_POP-500_R0-3.9/simulation_times.csv",100,1.89503806492314,1.9625415885821,1.04551559685728,0.226760849636048,1.21024155011401,2.60338453343138,3.44642358236015,"seatird-stochastic_POP-500_R0-3.9","seatird-stochastic","500",3.9,"Network_1_Node",1,"Nodes: 1"
"../R0_sensitivity_analysis/Network_1_Node/seatird-stochastic_POP-500_R0-4.1/simulation_times.csv",100,0.286311607751995,0.212939351797104,0.235169535662515,0.127394162397832,0.16809244826436,0.323379095178097,0.598528764490038,"seatird-stochastic_POP-500_R0-4.1","seatird-stochastic","500",4.1,"Network_1_Node",1,"Nodes: 1"
"../R0_sensitivity_analysis/Network_1_Node/seir-deterministic_POP-100K_R0-0.5/simulation_times.csv",10100,3.60762360587126,1.8789939051494,5.47317508612981,1.42611960899085,1.6064481860958,2.47576145688072,19.3729571033269,"seir-deterministic_POP-100K_R0-0.5","seir-deterministic","100K",0.5,"Network_1_Node",1,"Nodes: 1"
"../R0_sensitivity_analysis/Network_1_Node/seir-deterministic_POP-100K_R0-0.7/simulation_times.csv",10100,4.98359210095248,2.58981033973396,7.64628535531538,1.98347647935152,2.2106415797025,3.26347989682108,27.6684611096047,"seir-deterministic_POP-100K_R0-0.7","seir-deterministic","100K",0.7,"Network_1_Node",1,"Nodes: 1"
"../R0_sensitivity_analysis/Network_1_Node/seir-deterministic_POP-100K_R0-0.9/simulation_times.csv",10100,5.02970956738245,2.57468577288091,7.7295860056905,1.9671907688491,2.1977798002772,3.2699991511181,27.5965184114873,"seir-deterministic_POP-100K_R0-0.9","seir-deterministic","100K",0.9,"Network_1_Node",1,"Nodes: 1"
"../R0_sensitivity_analysis/Network_1_Node/seir-deterministic_POP-100K_R0-1.1/simulation_times.csv",10100,5.01656249917324,2.54462475609034,7.74941908682319,1.93150541521609,2.17812793469056,3.24275003559887,27.8814489206299,"seir-deterministic_POP-100K_R0-1.1","seir-deterministic","100K",1.1,"Network_1_Node",1,"Nodes: 1"
"../R0_sensitivity_analysis/Network_1_Node/seir-deterministic_POP-100K_R0-1.3/simulation_times.csv",10100,4.99688185825889,2.59895470738411,7.62784455732363,1.98577600652352,2.2092721555382,3.28238015295938,27.7128886129707,"seir-deterministic_POP-100K_R0-1.3","seir-deterministic","100K",1.3,"Network_1_Node",1,"Nodes: 1"
"../R0_sensitivity_analysis/Network_1_Node/seir-deterministic_POP-100K_R0-1.5/simulation_times.csv",10100,4.94557349573341,2.57453133538365,7.64357743359064,1.97126919906586,2.20358303934336,3.23931300127879,27.2734068165533,"seir-deterministic_POP-100K_R0-1.5","seir-deterministic","100K",1.5,"Network_1_Node",1,"Nodes: 1"
"../R0_sensitivity_analysis/Network_1_Node/seir-deterministic_POP-100K_R0-1.7/simulation_times.csv",10100,4.97123159114548,2.58687542751431,7.58164436421784,1.98428001059219,2.2073626103811,3.28989398898557,27.1451795822941,"seir-deterministic_POP-100K_R0-1.7","seir-deterministic","100K",1.7,"Network_1_Node",1,"Nodes: 1"
"../R0_sensitivity_analysis/Network_1_Node/seir-deterministic_POP-100K_R0-1.9/simulation_times.csv",10100,5.08920848743566,2.56279985513538,7.8351081251473,1.97015131581575,2.19855404412374,3.25376379536465,28.0443704648875,"seir-deterministic_POP-100K_R0-1.9","seir-deterministic","100K",1.9,"Network_1_Node",1,"Nodes: 1"
"../R0_sensitivity_analysis/Network_1_Node/seir-deterministic_POP-100K_R0-2.1/simulation_times.csv",10100,4.54978925999512,2.30255150794983,7.07400732032941,1.73296049172059,1.96357829123735,2.96735448064283,25.8698933509178,"seir-deterministic_POP-100K_R0-2.1","seir-deterministic","100K",2.1,"Network_1_Node",1,"Nodes: 1"
"../R0_sensitivity_analysis/Network_1_Node/seir-deterministic_POP-100K_R0-2.3/simulation_times.csv",100,10.4431033078395,7.48728858400136,10.1298795475835,4.64163481406868,5.7659170832485,10.0876644663513,27.5179409447126,"seir-deterministic_POP-100K_R0-2.3","seir-deterministic","100K",2.3,"Network_1_Node",1,"Nodes: 1"
"../R0_sensitivity_analysis/Network_1_Node/seir-deterministic_POP-100K_R0-2.5/simulation_times.csv",100,13.0702502984554,10.4111747257411,11.4972052162575,7.32047733739018,8.72803554404527,12.6159801576287,29.57229546858,"seir-deterministic_POP-100K_R0-2.5","seir-deterministic","100K",2.5,"Network_1_Node",1,"Nodes: 1"
"../R0_sensitivity_analysis/Network_1_Node/seir-deterministic_POP-100K_R0-2.7/simulation_times.csv",10100,3.71597150553442,1.74388743471354,6.18023697102095,1.3872816122137,1.47926078550518,2.17728412430733,21.7983078658581,"seir-deterministic_POP-100K_R0-2.7","seir-deterministic","100K",2.7,"Network_1_Node",1,"Nodes: 1"
"../R0_sensitivity_analysis/Network_1_Node/seir-deterministic_POP-100K_R0-2.9/simulation_times.csv",10100,3.52373961896755,1.659468495287,5.78691953756104,1.32974489973858,1.41741138324142,2.06850399496034,20.7425936385058,"seir-deterministic_POP-100K_R0-2.9","seir-deterministic","100K",2.9,"Network_1_Node",1,"Nodes: 1"
"../R0_sensitivity_analysis/Network_1_Node/seir-deterministic_POP-100K_R0-3.1/simulation_times.csv",10100,3.35912270868381,1.57828140910715,5.58418947959123,1.26449092850089,1.34541274467483,1.95444116974249,19.8648807266727,"seir-deterministic_POP-100K_R0-3.1","seir-deterministic","100K",3.1,"Network_1_Node",1,"Nodes: 1"
"../R0_sensitivity_analysis/Network_1_Node/seir-deterministic_POP-100K_R0-3.3/simulation_times.csv",10100,3.28370949156453,1.56023746170104,5.35586464967666,1.26369906384498,1.3409859770909,1.93575035175309,19.3542736364528,"seir-deterministic_POP-100K_R0-3.3","seir-deterministic","100K",3.3,"Network_1_Node",1,"Nodes: 1"
"../R0_sensitivity_analysis/Network_1_Node/seir-deterministic_POP-100K_R0-3.5/simulation_times.csv",10100,3.09999755866162,1.507667648606,5.07648424529509,1.23461687471718,1.30009852536023,1.82331731496379,18.182041457016,"seir-deterministic_POP-100K_R0-3.5","seir-deterministic","100K",3.5,"Network_1_Node",1,"Nodes: 1"
"../R0_sensitivity_analysis/Network_1_Node/seir-deterministic_POP-100K_R0-3.7/simulation_times.csv",10100,2.92465794952623,1.39394105412066,4.84615791801022,1.13945582490414,1.1997289666906,1.69282481865957,17.2179859196767,"seir-deterministic_POP-100K_R0-3.7","seir-deterministic","100K",3.7,"Network_1_Node",1,"Nodes: 1"
"../R0_sensitivity_analysis/Network_1_Node/seir-deterministic_POP-100K_R0-3.9/simulation_times.csv",10100,2.78202580567099,1.38225347734988,4.51436725914987,1.13997353818268,1.192349773366,1.66980170784518,16.3415602634661,"seir-deterministic_POP-100K_R0-3.9","seir-deterministic","100K",3.9,"Network_1_Node",1,"Nodes: 1"
"../R0_sensitivity_analysis/Network_1_Node/seir-deterministic_POP-100K_R0-4.1/simulation_times.csv",10100,2.85289260164807,1.3915246790275,4.55143328633972,1.14997914200649,1.20564454607666,1.67102625593543,16.3738073412329,"seir-deterministic_POP-100K_R0-4.1","seir-deterministic","100K",4.1,"Network_1_Node",1,"Nodes: 1"
"../R0_sensitivity_analysis/Network_1_Node/seir-deterministic_POP-1M_R0-0.5/simulation_times.csv",100,9.17404126888141,5.80906448513269,14.2430284646621,3.87121833199635,4.49364835163578,7.55038551241159,23.6147264869884,"seir-deterministic_POP-1M_R0-0.5","seir-deterministic","1M",0.5,"Network_1_Node",1,"Nodes: 1"
"../R0_sensitivity_analysis/Network_1_Node/seir-deterministic_POP-1M_R0-0.7/simulation_times.csv",100,10.1983201180398,7.17045769002289,11.5297473422478,4.64857684550807,5.659730468411,9.80385706899688,27.4992081385106,"seir-deterministic_POP-1M_R0-0.7","seir-deterministic","1M",0.7,"Network_1_Node",1,"Nodes: 1"
"../R0_sensitivity_analysis/Network_1_Node/seir-deterministic_POP-1M_R0-0.9/simulation_times.csv",100,10.5064856951684,7.90347995515913,11.7955809116047,4.62238446427509,5.82117902720347,9.92178651457652,26.8456620708108,"seir-deterministic_POP-1M_R0-0.9","seir-deterministic","1M",0.9,"Network_1_Node",1,"Nodes: 1"
"../R0_sensitivity_analysis/Network_1_Node/seir-deterministic_POP-1M_R0-1.1/simulation_times.csv",100,10.3225126201659,7.0991296293214,11.9033146285002,4.60915724188089,5.37411638814956,10.2977651776746,28.7464024837129,"seir-deterministic_POP-1M_R0-1.1","seir-deterministic","1M",1.1,"Network_1_Node",1,"Nodes: 1"
"../R0_sensitivity_analysis/Network_1_Node/seir-deterministic_POP-1M_R0-1.3/simulation_times.csv",100,10.1331307435967,7.40979160554707,11.3610380732162,4.43291598027572,5.86027369135991,9.42893132101744,27.4024170091376,"seir-deterministic_POP-1M_R0-1.3","seir-deterministic","1M",1.3,"Network_1_Node",1,"Nodes: 1"
"../R0_sensitivity_analysis/Network_1_Node/seir-deterministic_POP-1M_R0-1.5/simulation_times.csv",100,10.6468209452927,7.42967478837818,12.5528383427095,4.78777211103588,5.85193426860496,9.3603452523239,28.1976981897838,"seir-deterministic_POP-1M_R0-1.5","seir-deterministic","1M",1.5,"Network_1_Node",1,"Nodes: 1"
"../R0_sensitivity_analysis/Network_1_Node/seir-deterministic_POP-1M_R0-1.7/simulation_times.csv",100,11.0770144991018,7.80238494649529,13.4240386045309,4.8529053574428,6.01465489435941,10.0259238188155,26.9864509923384,"seir-deterministic_POP-1M_R0-1.7","seir-deterministic","1M",1.7,"Network_1_Node",1,"Nodes: 1"
"../R0_sensitivity_analysis/Network_1_Node/seir-deterministic_POP-1M_R0-1.9/simulation_times.csv",100,10.0808322596923,6.85008498374373,11.5920395676528,4.52574375728145,5.40690577682108,8.96787460613996,27.3148008858785,"seir-deterministic_POP-1M_R0-1.9","seir-deterministic","1M",1.9,"Network_1_Node",1,"Nodes: 1"
"../R0_sensitivity_analysis/Network_1_Node/seir-deterministic_POP-1M_R0-2.1/simulation_times.csv",100,10.4099901351146,7.68472557980567,11.9067638478435,4.54675089241937,5.7604804537259,9.54464396927506,27.5294856823981,"seir-deterministic_POP-1M_R0-2.1","seir-deterministic","1M",2.1,"Network_1_Node",1,"Nodes: 1"
"../R0_sensitivity_analysis/Network_1_Node/seir-deterministic_POP-1M_R0-2.3/simulation_times.csv",100,10.4630233936757,7.50803187023848,9.64628559845136,4.5518397542648,5.93184731993824,10.1608123118058,28.4590172006749,"seir-deterministic_POP-1M_R0-2.3","seir-deterministic","1M",2.3,"Network_1_Node",1,"Nodes: 1"
"../R0_sensitivity_analysis/Network_1_Node/seir-deterministic_POP-1M_R0-2.5/simulation_times.csv",100,9.77473242526874,6.39245510380715,10.1495939860878,4.18888341775164,5.09793869452551,9.06174453347921,28.0352999666706,"seir-deterministic_POP-1M_R0-2.5","seir-deterministic","1M",2.5,"Network_1_Node",1,"Nodes: 1"
"../R0_sensitivity_analysis/Network_1_Node/seir-deterministic_POP-1M_R0-2.7/simulation_times.csv",100,8.99442421866581,6.24134498089552,9.93347977764674,4.13266508849338,4.85886790649965,8.03592801047489,27.2118649178185,"seir-deterministic_POP-1M_R0-2.7","seir-deterministic","1M",2.7,"Network_1_Node",1,"Nodes: 1"
"../R0_sensitivity_analysis/Network_1_Node/seir-deterministic_POP-1M_R0-2.9/simulation_times.csv",100,9.20481364108622,6.39185739122331,11.4827619245344,4.00855054883286,4.96967911813408,8.19066299498081,27.6272770264186,"seir-deterministic_POP-1M_R0-2.9","seir-deterministic","1M",2.9,"Network_1_Node",1,"Nodes: 1"
"../R0_sensitivity_analysis/Network_1_Node/seir-deterministic_POP-1M_R0-3.1/simulation_times.csv",100,9.08004053251818,6.13838412053883,11.6409405373867,3.79835130795836,5.07793108420447,8.36059791361913,25.3410282799974,"seir-deterministic_POP-1M_R0-3.1","seir-deterministic","1M",3.1,"Network_1_Node",1,"Nodes: 1"
"../R0_sensitivity_analysis/Network_1_Node/seir-deterministic_POP-1M_R0-3.3/simulation_times.csv",100,9.10916679924354,5.62479340750724,10.1372206226018,3.88065886804834,4.83488954789937,8.19955847365782,30.2409046864137,"seir-deterministic_POP-1M_R0-3.3","seir-deterministic","1M",3.3,"Network_1_Node",1,"Nodes: 1"
"../R0_sensitivity_analysis/Network_1_Node/seir-deterministic_POP-1M_R0-3.5/simulation_times.csv",100,8.52462449800223,5.80291470047086,9.47737624412894,3.52697080615908,4.61401825957,7.73114806879312,25.7015212325379,"seir-deterministic_POP-1M_R0-3.5","seir-deterministic","1M",3.5,"Network_1_Node",1,"Nodes: 1"
"../R0_sensitivity_analysis/Network_1_Node/seir-deterministic_POP-1M_R0-3.7/simulation_times.csv",100,7.26902853924781,5.00685116276145,10.7806055132303,3.04775136923417,3.8178165354766,6.45834381785244,17.0382874522358,"seir-deterministic_POP-1M_R0-3.7","seir-deterministic","1M",3.7,"Network_1_Node",1,"Nodes: 1"
"../R0_sensitivity_analysis/Network_1_Node/seir-deterministic_POP-1M_R0-3.9/simulation_times.csv",100,8.4032820385322,5.45299389585853,9.60029183071586,3.31475347941741,4.29259671270847,7.21633188333362,26.5917285472155,"seir-deterministic_POP-1M_R0-3.9","seir-deterministic","1M",3.9,"Network_1_Node",1,"Nodes: 1"
"../R0_sensitivity_analysis/Network_1_Node/seir-deterministic_POP-1M_R0-4.1/simulation_times.csv",100,8.01964387401939,5.40857600793242,9.62009129538165,3.18283258285373,4.10934141976759,6.98676582751796,25.5442544042133,"seir-deterministic_POP-1M_R0-4.1","seir-deterministic","1M",4.1,"Network_1_Node",1,"Nodes: 1"
"../R0_sensitivity_analysis/Network_1_Node/seir-deterministic_POP-500_R0-0.5/simulation_times.csv",100,2.24589548248798,2.08683157991618,0.999762998043312,1.13784121330827,1.59327533049509,2.54890218703076,4.13638988733292,"seir-deterministic_POP-500_R0-0.5","seir-deterministic","500",0.5,"Network_1_Node",1,"Nodes: 1"
"../R0_sensitivity_analysis/Network_1_Node/seir-deterministic_POP-500_R0-0.7/simulation_times.csv",100,3.76110852872953,2.7072518216446,3.34664835832931,1.75588595662266,2.35517348488793,3.76662470959127,8.17562705511227,"seir-deterministic_POP-500_R0-0.7","seir-deterministic","500",0.7,"Network_1_Node",1,"Nodes: 1"
"../R0_sensitivity_analysis/Network_1_Node/seir-deterministic_POP-500_R0-0.9/simulation_times.csv",100,9.11259636236355,6.19327910616994,11.1123854331685,4.03656864585355,4.96148174069822,8.50609086826444,28.2046891724691,"seir-deterministic_POP-500_R0-0.9","seir-deterministic","500",0.9,"Network_1_Node",1,"Nodes: 1"
"../R0_sensitivity_analysis/Network_1_Node/seir-deterministic_POP-500_R0-1.1/simulation_times.csv",100,10.0509339304455,6.93112433049828,11.6026898396026,4.56497948449105,5.81185819162056,9.41443887865171,29.8696539617144,"seir-deterministic_POP-500_R0-1.1","seir-deterministic","500",1.1,"Network_1_Node",1,"Nodes: 1"
"../R0_sensitivity_analysis/Network_1_Node/seir-deterministic_POP-500_R0-1.3/simulation_times.csv",100,9.81020055677742,6.69125837273896,9.78193955456594,4.20029777958989,5.01434489898384,9.51432634098455,28.1762067651376,"seir-deterministic_POP-500_R0-1.3","seir-deterministic","500",1.3,"Network_1_Node",1,"Nodes: 1"
"../R0_sensitivity_analysis/Network_1_Node/seir-deterministic_POP-500_R0-1.5/simulation_times.csv",100,9.9386207251437,6.67526502348483,10.1257773084944,4.28010691301897,5.47218662220985,9.22989581292495,27.3645968135446,"seir-deterministic_POP-500_R0-1.5","seir-deterministic","500",1.5,"Network_1_Node",1,"Nodes: 1"
"../R0_sensitivity_analysis/Network_1_Node/seir-deterministic_POP-500_R0-1.7/simulation_times.csv",100,9.82510463308543,6.95734167098999,9.97178476313996,3.97595120454207,5.46843259176239,9.33030294300988,28.1344527517445,"seir-deterministic_POP-500_R0-1.7","seir-deterministic","500",1.7,"Network_1_Node",1,"Nodes: 1"
"../R0_sensitivity_analysis/Network_1_Node/seir-deterministic_POP-500_R0-1.9/simulation_times.csv",100,8.67302821695805,5.57844571210444,9.95288410738127,3.77213778477162,4.5934046106413,7.46157902665436,28.7745933655649,"seir-deterministic_POP-500_R0-1.9","seir-deterministic","500",1.9,"Network_1_Node",1,"Nodes: 1"
"../R0_sensitivity_analysis/Network_1_Node/seir-deterministic_POP-500_R0-2.1/simulation_times.csv",100,8.64806214321405,5.78501135762781,10.97689855626,3.61030024876818,4.46059295581654,8.33442574366927,25.062792002596,"seir-deterministic_POP-500_R0-2.1","seir-deterministic","500",2.1,"Network_1_Node",1,"Nodes: 1"
"../R0_sensitivity_analysis/Network_1_Node/seir-deterministic_POP-500_R0-2.3/simulation_times.csv",100,8.27881334492937,5.59990527108312,9.8045811346064,3.32256800653413,4.51765694143251,7.30731003917754,25.351690715272,"seir-deterministic_POP-500_R0-2.3","seir-deterministic","500",2.3,"Network_1_Node",1,"Nodes: 1"
"../R0_sensitivity_analysis/Network_1_Node/seir-deterministic_POP-500_R0-2.5/simulation_times.csv",100,8.20161918235943,5.14560546912253,9.92084879594736,3.26740310834721,4.23210187908262,6.96368338633329,25.7645549136214,"seir-deterministic_POP-500_R0-2.5","seir-deterministic","500",2.5,"Network_1_Node",1,"Nodes: 1"
"../R0_sensitivity_analysis/Network_1_Node/seir-deterministic_POP-500_R0-2.7/simulation_times.csv",100,4.53164854327217,2.75061515439302,5.11485485141575,1.41121443361044,2.09147387370467,4.71009867917746,15.7066838400438,"seir-deterministic_POP-500_R0-2.7","seir-deterministic","500",2.7,"Network_1_Node",1,"Nodes: 1"
"../R0_sensitivity_analysis/Network_1_Node/seir-deterministic_POP-500_R0-2.9/simulation_times.csv",100,5.11947672475129,3.53973654657602,5.231889229381,1.42728202939034,2.28614972066134,5.15511465445161,16.8756562136113,"seir-deterministic_POP-500_R0-2.9","seir-deterministic","500",2.9,"Network_1_Node",1,"Nodes: 1"
"../R0_sensitivity_analysis/Network_1_Node/seir-deterministic_POP-500_R0-3.1/simulation_times.csv",100,4.690538458433,3.10074824560434,5.12328012743469,1.32623868603259,2.13800164312124,4.92485443456098,15.394702060055,"seir-deterministic_POP-500_R0-3.1","seir-deterministic","500",3.1,"Network_1_Node",1,"Nodes: 1"
"../R0_sensitivity_analysis/Network_1_Node/seir-deterministic_POP-500_R0-3.3/simulation_times.csv",100,4.07425387570634,2.72671371977776,4.33340034650272,1.30393035924062,2.04511839011684,4.1891838167794,8.84472932144999,"seir-deterministic_POP-500_R0-3.3","seir-deterministic","500",3.3,"Network_1_Node",1,"Nodes: 1"
"../R0_sensitivity_analysis/Network_1_Node/seir-deterministic_POP-500_R0-3.5/simulation_times.csv",100,3.96807191107422,2.61643175780773,4.256317091969,1.24669292643666,1.62641473161057,4.97826679330319,8.42396967979148,"seir-deterministic_POP-500_R0-3.5","seir-deterministic","500",3.5,"Network_1_Node",1,"Nodes: 1"
"../R0_sensitivity_analysis/Network_1_Node/seir-deterministic_POP-500_R0-3.7/simulation_times.csv",100,3.97044929206371,2.49156163446605,4.64359149941059,1.1591625854373,1.75826296955347,4.49956901138648,9.42558406367898,"seir-deterministic_POP-500_R0-3.7","seir-deterministic","500",3.7,"Network_1_Node",1,"Nodes: 1"
"../R0_sensitivity_analysis/Network_1_Node/seir-deterministic_POP-500_R0-3.9/simulation_times.csv",100,3.88466497160494,2.58157347515225,4.09918722870942,1.41308453371748,1.72539915703237,4.56899372721091,8.97432786123827,"seir-deterministic_POP-500_R0-3.9","seir-deterministic","500",3.9,"Network_1_Node",1,"Nodes: 1"
"../R0_sensitivity_analysis/Network_1_Node/seir-deterministic_POP-500_R0-4.1/simulation_times.csv",100,3.75663186639547,2.50607372354716,4.52832539058732,1.18204665482044,1.59488429734483,3.83977672550827,8.4204890653491,"seir-deterministic_POP-500_R0-4.1","seir-deterministic","500",4.1,"Network_1_Node",1,"Nodes: 1"
"../R0_sensitivity_analysis/Network_1_Node/seirs-deterministic_POP-100K_R0-0.5/simulation_times.csv",100,6.72830914333463,3.95639322791249,9.23081724864623,1.75640907371417,2.68274118890986,6.87616893230006,24.4997366363183,"seirs-deterministic_POP-100K_R0-0.5","seirs-deterministic","100K",0.5,"Network_1_Node",1,"Nodes: 1"
"../R0_sensitivity_analysis/Network_1_Node/seirs-deterministic_POP-100K_R0-0.7/simulation_times.csv",100,8.00106961149722,4.76462735142559,10.1035894188599,2.64104812247679,3.30109431827441,7.80028905300424,28.8739179450087,"seirs-deterministic_POP-100K_R0-0.7","seirs-deterministic","100K",0.7,"Network_1_Node",1,"Nodes: 1"
"../R0_sensitivity_analysis/Network_1_Node/seirs-deterministic_POP-100K_R0-0.9/simulation_times.csv",100,8.31782458119094,5.20522815734148,10.4574318469068,2.59939217986539,3.48961674189195,7.50826957495883,26.3278826760128,"seirs-deterministic_POP-100K_R0-0.9","seirs-deterministic","100K",0.9,"Network_1_Node",1,"Nodes: 1"
"../R0_sensitivity_analysis/Network_1_Node/seirs-deterministic_POP-100K_R0-1.1/simulation_times.csv",100,8.28207668341696,4.77960403822362,10.1893195174029,2.45887682065368,3.33105297898874,8.40313557581976,27.2837677813135,"seirs-deterministic_POP-100K_R0-1.1","seirs-deterministic","100K",1.1,"Network_1_Node",1,"Nodes: 1"
"../R0_sensitivity_analysis/Network_1_Node/seirs-deterministic_POP-100K_R0-1.3/simulation_times.csv",100,8.08120253900066,4.64017990231514,12.1870334935202,2.77976609943435,3.55470469640568,6.61546796234325,27.0624174019322,"seirs-deterministic_POP-100K_R0-1.3","seirs-deterministic","100K",1.3,"Network_1_Node",1,"Nodes: 1"
"../R0_sensitivity_analysis/Network_1_Node/seirs-deterministic_POP-100K_R0-1.5/simulation_times.csv",100,8.33184433480725,5.12794820312411,10.1627933420256,2.68727904399857,3.53404287435114,7.96226441720501,25.9491801477969,"seirs-deterministic_POP-100K_R0-1.5","seirs-deterministic","100K",1.5,"Network_1_Node",1,"Nodes: 1"
"../R0_sensitivity_analysis/Network_1_Node/seirs-deterministic_POP-100K_R0-1.7/simulation_times.csv",100,7.95806419298053,5.02634263690561,10.1783659934575,2.53687734585255,3.40863096341491,6.96651588287205,27.3388550795615,"seirs-deterministic_POP-100K_R0-1.7","seirs-deterministic","100K",1.7,"Network_1_Node",1,"Nodes: 1"
"../R0_sensitivity_analysis/Network_1_Node/seirs-deterministic_POP-100K_R0-1.9/simulation_times.csv",100,8.18169492429122,5.45400886237621,9.84959417579425,2.51560614258051,3.62739995773882,8.32616295199841,27.7795098426752,"seirs-deterministic_POP-100K_R0-1.9","seirs-deterministic","100K",1.9,"Network_1_Node",1,"Nodes: 1"
"../R0_sensitivity_analysis/Network_1_Node/seirs-deterministic_POP-100K_R0-2.1/simulation_times.csv",100,7.50091844677925,4.49814636539668,9.64318145149842,2.43009952912107,3.30793163180351,7.10877158911899,26.1874890467152,"seirs-deterministic_POP-100K_R0-2.1","seirs-deterministic","100K",2.1,"Network_1_Node",1,"Nodes: 1"
"../R0_sensitivity_analysis/Network_1_Node/seirs-deterministic_POP-100K_R0-2.3/simulation_times.csv",100,8.53478478461504,5.4425189178437,11.9322288926628,2.55188645636663,3.48364567896351,7.25632906705141,27.9458416066132,"seirs-deterministic_POP-100K_R0-2.3","seirs-deterministic","100K",2.3,"Network_1_Node",1,"Nodes: 1"
"../R0_sensitivity_analysis/Network_1_Node/seirs-deterministic_POP-100K_R0-2.5/simulation_times.csv",100,8.26694180503488,4.99621026497334,10.6792091880433,2.70015974650159,3.51434043282643,7.08491363795474,28.6474288752303,"seirs-deterministic_POP-100K_R0-2.5","seirs-deterministic","100K",2.5,"Network_1_Node",1,"Nodes: 1"
"../R0_sensitivity_analysis/Network_1_Node/seirs-deterministic_POP-100K_R0-2.7/simulation_times.csv",100,8.19275433469564,5.25340862292796,9.69574297732778,2.70895882742479,3.82679701922461,9.07257318124175,25.7074122199789,"seirs-deterministic_POP-100K_R0-2.7","seirs-deterministic","100K",2.7,"Network_1_Node",1,"Nodes: 1"
"../R0_sensitivity_analysis/Network_1_Node/seirs-deterministic_POP-100K_R0-2.9/simulation_times.csv",100,8.2622424861975,4.92150780651718,10.6342683839075,2.56812724014744,3.51326291961595,7.46285980753601,29.6419456712902,"seirs-deterministic_POP-100K_R0-2.9","seirs-deterministic","100K",2.9,"Network_1_Node",1,"Nodes: 1"
"../R0_sensitivity_analysis/Network_1_Node/seirs-deterministic_POP-100K_R0-3.1/simulation_times.csv",100,7.85072101438418,5.08838434703648,11.4058395108199,2.5566816534847,3.46259669912979,7.68420603824779,25.042090723943,"seirs-deterministic_POP-100K_R0-3.1","seirs-deterministic","100K",3.1,"Network_1_Node",1,"Nodes: 1"
"../R0_sensitivity_analysis/Network_1_Node/seirs-deterministic_POP-100K_R0-3.3/simulation_times.csv",100,8.17261604791507,4.86310407705605,11.7567026736575,2.7329427591525,3.43560336343944,7.13571845879778,27.1677593753673,"seirs-deterministic_POP-100K_R0-3.3","seirs-deterministic","100K",3.3,"Network_1_Node",1,"Nodes: 1"
"../R0_sensitivity_analysis/Network_1_Node/seirs-deterministic_POP-100K_R0-3.5/simulation_times.csv",100,8.49762868218124,5.34893774986267,11.7966910618642,2.79695430528372,3.67970819910988,8.35577049013227,26.8207288981415,"seirs-deterministic_POP-100K_R0-3.5","seirs-deterministic","100K",3.5,"Network_1_Node",1,"Nodes: 1"
"../R0_sensitivity_analysis/Network_1_Node/seirs-deterministic_POP-100K_R0-3.7/simulation_times.csv",100,8.25185428008437,5.39348457474262,9.94514355415646,2.66688873050734,3.7459204569459,7.90245187142864,26.5010302753188,"seirs-deterministic_POP-100K_R0-3.7","seirs-deterministic","100K",3.7,"Network_1_Node",1,"Nodes: 1"
"../R0_sensitivity_analysis/Network_1_Node/seirs-deterministic_POP-100K_R0-3.9/simulation_times.csv",100,8.40848074194044,5.09022416733205,10.5203305387345,2.61339171929285,3.74467866262421,7.35972453793511,29.3595733480528,"seirs-deterministic_POP-100K_R0-3.9","seirs-deterministic","100K",3.9,"Network_1_Node",1,"Nodes: 1"
"../R0_sensitivity_analysis/Network_1_Node/seirs-deterministic_POP-100K_R0-4.1/simulation_times.csv",100,8.33655005032197,5.10477667860687,10.7240116550017,2.47196209738031,3.49574886634946,7.5713326134719,28.1737852796912,"seirs-deterministic_POP-100K_R0-4.1","seirs-deterministic","100K",4.1,"Network_1_Node",1,"Nodes: 1"
"../R0_sensitivity_analysis/Network_1_Node/seirs-deterministic_POP-1M_R0-0.5/simulation_times.csv",100,6.61954236771911,4.12125414703041,10.8444888996046,1.93721666513011,2.7416252209805,6.21583188557997,24.2440967465751,"seirs-deterministic_POP-1M_R0-0.5","seirs-deterministic","1M",0.5,"Network_1_Node",1,"Nodes: 1"
"../R0_sensitivity_analysis/Network_1_Node/seirs-deterministic_POP-1M_R0-0.7/simulation_times.csv",100,8.34278393965215,5.13626675866544,10.0661161249783,2.66702199168503,3.72139810957015,8.42097373306751,25.7978637004271,"seirs-deterministic_POP-1M_R0-0.7","seirs-deterministic","1M",0.7,"Network_1_Node",1,"Nodes: 1"
"../R0_sensitivity_analysis/Network_1_Node/seirs-deterministic_POP-1M_R0-0.9/simulation_times.csv",100,8.2643770439364,5.47466661781073,11.51745611512,2.80835338653997,3.53308038739488,8.02148122992367,25.7252533960156,"seirs-deterministic_POP-1M_R0-0.9","seirs-deterministic","1M",0.9,"Network_1_Node",1,"Nodes: 1"
"../R0_sensitivity_analysis/Network_1_Node/seirs-deterministic_POP-1M_R0-1.1/simulation_times.csv",100,8.29375550139695,5.23241541069001,9.7395963883139,2.83774748984724,3.42149554658681,8.33203599276021,26.8144954694435,"seirs-deterministic_POP-1M_R0-1.1","seirs-deterministic","1M",1.1,"Network_1_Node",1,"Nodes: 1"
"../R0_sensitivity_analysis/Network_1_Node/seirs-deterministic_POP-1M_R0-1.3/simulation_times.csv",100,8.00589859435335,4.50452100299299,10.2389925762505,2.39697230672464,3.32544066570699,7.7580008469522,26.5081129093654,"seirs-deterministic_POP-1M_R0-1.3","seirs-deterministic","1M",1.3,"Network_1_Node",1,"Nodes: 1"
"../R0_sensitivity_analysis/Network_1_Node/seirs-deterministic_POP-1M_R0-1.5/simulation_times.csv",100,8.65722307376564,5.38391577731818,11.7449176621089,2.49128857757896,3.30280270986259,9.51567761832848,25.588574167341,"seirs-deterministic_POP-1M_R0-1.5","seirs-deterministic","1M",1.5,"Network_1_Node",1,"Nodes: 1"
"../R0_sensitivity_analysis/Network_1_Node/seirs-deterministic_POP-1M_R0-1.7/simulation_times.csv",100,8.2081658414565,4.57349008508027,10.2161991363585,2.60563677130267,3.49648739723489,8.11104077566415,28.1453708495945,"seirs-deterministic_POP-1M_R0-1.7","seirs-deterministic","1M",1.7,"Network_1_Node",1,"Nodes: 1"
"../R0_sensitivity_analysis/Network_1_Node/seirs-deterministic_POP-1M_R0-1.9/simulation_times.csv",100,7.98044811222702,4.94606814533472,11.5872072871259,2.45347511898726,3.31458732113242,8.19982268521562,25.1767546454445,"seirs-deterministic_POP-1M_R0-1.9","seirs-deterministic","1M",1.9,"Network_1_Node",1,"Nodes: 1"
"../R0_sensitivity_analysis/Network_1_Node/seirs-deterministic_POP-1M_R0-2.1/simulation_times.csv",100,8.13732424147427,5.38958037830889,11.3583407011689,3.0068680674769,3.72639218857512,8.08007705258206,24.1431457618251,"seirs-deterministic_POP-1M_R0-2.1","seirs-deterministic","1M",2.1,"Network_1_Node",1,"Nodes: 1"
"../R0_sensitivity_analysis/Network_1_Node/seirs-deterministic_POP-1M_R0-2.3/simulation_times.csv",100,8.11279934788123,4.92978500202298,9.99513596117719,2.54714815653861,3.3769035586156,7.71068013692275,25.9872759845108,"seirs-deterministic_POP-1M_R0-2.3","seirs-deterministic","1M",2.3,"Network_1_Node",1,"Nodes: 1"
"../R0_sensitivity_analysis/Network_1_Node/seirs-deterministic_POP-1M_R0-2.5/simulation_times.csv",100,8.25255264593288,5.07410376798362,10.1635799887788,2.7378834253177,3.87155072716996,7.36571384640411,27.6471255872399,"seirs-deterministic_POP-1M_R0-2.5","seirs-deterministic","1M",2.5,"Network_1_Node",1,"Nodes: 1"
"../R0_sensitivity_analysis/Network_1_Node/seirs-deterministic_POP-1M_R0-2.7/simulation_times.csv",100,8.1169842653349,4.74091647192836,11.4691726749029,2.48856831463054,3.65134681854397,7.91280058305711,26.2666679474525,"seirs-deterministic_POP-1M_R0-2.7","seirs-deterministic","1M",2.7,"Network_1_Node",1,"Nodes: 1"
"../R0_sensitivity_analysis/Network_1_Node/seirs-deterministic_POP-1M_R0-2.9/simulation_times.csv",100,8.08323277985677,5.23007269389927,9.6669224443955,2.58262470494956,3.56336327595636,8.09574255812913,25.5926453012042,"seirs-deterministic_POP-1M_R0-2.9","seirs-deterministic","1M",2.9,"Network_1_Node",1,"Nodes: 1"
"../R0_sensitivity_analysis/Network_1_Node/seirs-deterministic_POP-1M_R0-3.1/simulation_times.csv",100,8.07077258482575,4.7768525397405,9.95900575947905,2.51230248399079,3.57144064782187,8.18775827903301,26.2482240706682,"seirs-deterministic_POP-1M_R0-3.1","seirs-deterministic","1M",3.1,"Network_1_Node",1,"Nodes: 1"
"../R0_sensitivity_analysis/Network_1_Node/seirs-deterministic_POP-1M_R0-3.3/simulation_times.csv",100,8.23736790686846,5.44867008831352,10.1429485910115,2.47536878651008,3.65964039880782,7.88212249102071,28.7382827658206,"seirs-deterministic_POP-1M_R0-3.3","seirs-deterministic","1M",3.3,"Network_1_Node",1,"Nodes: 1"
"../R0_sensitivity_analysis/Network_1_Node/seirs-deterministic_POP-1M_R0-3.5/simulation_times.csv",100,8.11031058426946,5.15299369674176,11.9088628030231,2.78755731731653,3.65521318931133,7.08014401700348,25.0172109268606,"seirs-deterministic_POP-1M_R0-3.5","seirs-deterministic","1M",3.5,"Network_1_Node",1,"Nodes: 1"
"../R0_sensitivity_analysis/Network_1_Node/seirs-deterministic_POP-1M_R0-3.7/simulation_times.csv",100,8.29424552852288,5.41732237208635,9.94273339082885,2.69807088207454,3.7526585245505,7.57846528338268,26.8844202318229,"seirs-deterministic_POP-1M_R0-3.7","seirs-deterministic","1M",3.7,"Network_1_Node",1,"Nodes: 1"
"../R0_sensitivity_analysis/Network_1_Node/seirs-deterministic_POP-1M_R0-3.9/simulation_times.csv",100,8.1329535750486,4.86309120431542,12.3527850623945,2.53646639147773,3.41245031403378,6.81103346450254,26.1000463781878,"seirs-deterministic_POP-1M_R0-3.9","seirs-deterministic","1M",3.9,"Network_1_Node",1,"Nodes: 1"
"../R0_sensitivity_analysis/Network_1_Node/seirs-deterministic_POP-1M_R0-4.1/simulation_times.csv",100,8.2183740593493,5.01175793353468,11.6827084840815,2.60205623097718,3.68701767316088,7.36076831351966,27.8020822013728,"seirs-deterministic_POP-1M_R0-4.1","seirs-deterministic","1M",4.1,"Network_1_Node",1,"Nodes: 1"
"../R0_sensitivity_analysis/Network_1_Node/seirs-deterministic_POP-500_R0-0.5/simulation_times.csv",100,1.90828358696774,1.57644806057215,1.39249429196546,0.533791845943779,0.860531784594059,2.42184427054599,5.23951006699353,"seirs-deterministic_POP-500_R0-0.5","seirs-deterministic","500",0.5,"Network_1_Node",1,"Nodes: 1"
"../R0_sensitivity_analysis/Network_1_Node/seirs-deterministic_POP-500_R0-0.7/simulation_times.csv",100,2.97379055710509,1.95912315603346,3.6695585636619,0.805593006871641,1.43922180123627,3.22903421008959,5.60989266028628,"seirs-deterministic_POP-500_R0-0.7","seirs-deterministic","500",0.7,"Network_1_Node",1,"Nodes: 1"
"../R0_sensitivity_analysis/Network_1_Node/seirs-deterministic_POP-500_R0-0.9/simulation_times.csv",100,7.74972938649356,5.03995239455253,10.0902697959941,2.10971716856584,3.03399553801864,7.55163891147822,26.6091121969745,"seirs-deterministic_POP-500_R0-0.9","seirs-deterministic","500",0.9,"Network_1_Node",1,"Nodes: 1"
"../R0_sensitivity_analysis/Network_1_Node/seirs-deterministic_POP-500_R0-1.1/simulation_times.csv",100,8.14776175420731,5.1747123459354,10.1892238153854,2.54495865833014,3.46477593341842,7.37265155371279,26.5334501326084,"seirs-deterministic_POP-500_R0-1.1","seirs-deterministic","500",1.1,"Network_1_Node",1,"Nodes: 1"
"../R0_sensitivity_analysis/Network_1_Node/seirs-deterministic_POP-500_R0-1.3/simulation_times.csv",100,8.23699208255857,4.98339034523815,9.97900698763155,2.61234237635508,3.69586076028645,7.6485727825202,26.1622068963945,"seirs-deterministic_POP-500_R0-1.3","seirs-deterministic","500",1.3,"Network_1_Node",1,"Nodes: 1"
"../R0_sensitivity_analysis/Network_1_Node/seirs-deterministic_POP-500_R0-1.5/simulation_times.csv",100,8.7789622759074,5.44685598742217,10.5519126090475,2.74358146609738,3.49216388072819,7.87054293369874,29.0399941463023,"seirs-deterministic_POP-500_R0-1.5","seirs-deterministic","500",1.5,"Network_1_Node",1,"Nodes: 1"
"../R0_sensitivity_analysis/Network_1_Node/seirs-deterministic_POP-500_R0-1.7/simulation_times.csv",100,8.12596051929519,5.52563150506467,9.64135901144516,2.58470727670938,3.48743156669661,7.9764148183167,25.2359595826827,"seirs-deterministic_POP-500_R0-1.7","seirs-deterministic","500",1.7,"Network_1_Node",1,"Nodes: 1"
"../R0_sensitivity_analysis/Network_1_Node/seirs-deterministic_POP-500_R0-1.9/simulation_times.csv",100,8.21034511573613,4.77147534489632,9.98124758166359,2.65253997799009,3.43980423361063,8.25702898716554,28.6660850577056,"seirs-deterministic_POP-500_R0-1.9","seirs-deterministic","500",1.9,"Network_1_Node",1,"Nodes: 1"
"../R0_sensitivity_analysis/Network_1_Node/seirs-deterministic_POP-500_R0-2.1/simulation_times.csv",100,8.00872779684607,5.10067665949464,11.7671115995999,2.36615460619796,3.49900831448031,7.3256801807147,26.9897538558638,"seirs-deterministic_POP-500_R0-2.1","seirs-deterministic","500",2.1,"Network_1_Node",1,"Nodes: 1"
"../R0_sensitivity_analysis/Network_1_Node/seirs-deterministic_POP-500_R0-2.3/simulation_times.csv",100,8.20165758470888,5.24775449495064,11.5720042312969,2.60155769342673,3.39534052705858,8.0291853696981,24.7872169691254,"seirs-deterministic_POP-500_R0-2.3","seirs-deterministic","500",2.3,"Network_1_Node",1,"Nodes: 1"
"../R0_sensitivity_analysis/Network_1_Node/seirs-deterministic_POP-500_R0-2.5/simulation_times.csv",100,8.23418442209018,5.31888645351864,11.4333022003723,2.5160603584256,3.33640456749708,8.45701493523666,24.7503844714491,"seirs-deterministic_POP-500_R0-2.5","seirs-deterministic","500",2.5,"Network_1_Node",1,"Nodes: 1"
"../R0_sensitivity_analysis/Network_1_Node/seirs-deterministic_POP-500_R0-2.7/simulation_times.csv",100,8.47838549909531,5.20387660549022,10.7927984643584,2.47199156608549,3.31403404750745,7.87538450057036,29.0083583087311,"seirs-deterministic_POP-500_R0-2.7","seirs-deterministic","500",2.7,"Network_1_Node",1,"Nodes: 1"
"../R0_sensitivity_analysis/Network_1_Node/seirs-deterministic_POP-500_R0-2.9/simulation_times.csv",100,8.21016300019575,5.16403120901668,11.4718144724373,2.49547459913883,3.54131787124788,7.68637666170252,25.7975612152193,"seirs-deterministic_POP-500_R0-2.9","seirs-deterministic","500",2.9,"Network_1_Node",1,"Nodes: 1"
"../R0_sensitivity_analysis/Network_1_Node/seirs-deterministic_POP-500_R0-3.1/simulation_times.csv",100,8.37811017785338,5.26460444595432,10.1940534021403,2.48198069487698,3.37739235645859,9.64873309753602,26.1300932634214,"seirs-deterministic_POP-500_R0-3.1","seirs-deterministic","500",3.1,"Network_1_Node",1,"Nodes: 1"
"../R0_sensitivity_analysis/Network_1_Node/seirs-deterministic_POP-500_R0-3.3/simulation_times.csv",100,8.65452546908054,5.17985901102656,10.3905578170556,2.6294956277241,3.68348883226281,9.3974295820517,27.4529936462466,"seirs-deterministic_POP-500_R0-3.3","seirs-deterministic","500",3.3,"Network_1_Node",1,"Nodes: 1"
"../R0_sensitivity_analysis/Network_1_Node/seirs-deterministic_POP-500_R0-3.5/simulation_times.csv",100,8.22675455523655,4.56443516153377,12.20297726798,2.56932370735449,3.47327839373611,7.29915354022523,27.4654810244567,"seirs-deterministic_POP-500_R0-3.5","seirs-deterministic","500",3.5,"Network_1_Node",1,"Nodes: 1"
"../R0_sensitivity_analysis/Network_1_Node/seirs-deterministic_POP-500_R0-3.7/simulation_times.csv",100,8.26895932599902,5.36028126755264,10.2829305780094,2.4851804613194,3.55816083174432,7.6668542480038,26.7942357449385,"seirs-deterministic_POP-500_R0-3.7","seirs-deterministic","500",3.7,"Network_1_Node",1,"Nodes: 1"
"../R0_sensitivity_analysis/Network_1_Node/seirs-deterministic_POP-500_R0-3.9/simulation_times.csv",100,8.06365465850453,5.02810329099884,9.93341889447413,2.6177938695997,3.61436219644384,7.51626665555523,26.9343821074057,"seirs-deterministic_POP-500_R0-3.9","seirs-deterministic","500",3.9,"Network_1_Node",1,"Nodes: 1"
"../R0_sensitivity_analysis/Network_1_Node/seirs-deterministic_POP-500_R0-4.1/simulation_times.csv",100,8.37847090423922,4.8913514384767,10.5236581994551,2.60472507897648,3.61208846603404,7.15780059402459,30.0963780092017,"seirs-deterministic_POP-500_R0-4.1","seirs-deterministic","500",4.1,"Network_1_Node",1,"Nodes: 1"
"../R0_sensitivity_analysis/Network_250_Node/seatird-deterministic_POP-1M_R0-0.5/simulation_times.csv",6,7152.15720355949,7127.02676156454,74.0988225534756,7102.50185863697,7103.80694893468,7156.33032604621,7260.58281890152,"seatird-deterministic_POP-1M_R0-0.5","seatird-deterministic","1M",0.5,"Network_250_Node",250,"Nodes: 250"
"../R0_sensitivity_analysis/Network_250_Node/seatird-deterministic_POP-1M_R0-0.7/simulation_times.csv",6,7130.46446823829,7109.23306724499,52.3078232598205,7085.93298416241,7089.73412673239,7172.98829399043,7198.57026397553,"seatird-deterministic_POP-1M_R0-0.7","seatird-deterministic","1M",0.7,"Network_250_Node",250,"Nodes: 250"
"../R0_sensitivity_analysis/Network_250_Node/seatird-deterministic_POP-1M_R0-0.9/simulation_times.csv",5,7216.60899277143,7210.48309665103,27.3855407228865,7189.96955072084,7196.5357089641,7232.11131150811,7250.89173076074,"seatird-deterministic_POP-1M_R0-0.9","seatird-deterministic","1M",0.9,"Network_250_Node",250,"Nodes: 250"
"../R0_sensitivity_analysis/Network_250_Node/seatird-deterministic_POP-1M_R0-1.1/simulation_times.csv",5,7374.34896348882,7353.05402147584,63.6840300799678,7326.49811407593,7326.67020444316,7386.02247662004,7460.83891406078,"seatird-deterministic_POP-1M_R0-1.1","seatird-deterministic","1M",1.1,"Network_250_Node",250,"Nodes: 250"
"../R0_sensitivity_analysis/Network_250_Node/seatird-deterministic_POP-1M_R0-1.3/simulation_times.csv",6,6563.20459775797,6470.83428130543,286.685654304104,6349.6077643545,6416.46237309271,6554.93423308618,6987.90852658078,"seatird-deterministic_POP-1M_R0-1.3","seatird-deterministic","1M",1.3,"Network_250_Node",250,"Nodes: 250"
"../R0_sensitivity_analysis/Network_250_Node/seatird-deterministic_POP-1M_R0-1.5/simulation_times.csv",7,5634.69658230558,5511.89588532294,282.982241538294,5492.72433275143,5501.49654213001,5582.99756020191,6068.39818723949,"seatird-deterministic_POP-1M_R0-1.5","seatird-deterministic","1M",1.5,"Network_250_Node",250,"Nodes: 250"
"../R0_sensitivity_analysis/Network_250_Node/seatird-deterministic_POP-1M_R0-1.7/simulation_times.csv",8,5077.16074993697,5077.3040105314,61.8093775674138,5005.60064956422,5031.75034729904,5104.39911519265,5165.32036859192,"seatird-deterministic_POP-1M_R0-1.7","seatird-deterministic","1M",1.7,"Network_250_Node",250,"Nodes: 250"
"../R0_sensitivity_analysis/Network_250_Node/seatird-deterministic_POP-1M_R0-1.9/simulation_times.csv",9,4640.81557090177,4621.17540154699,46.2176591271634,4591.8560531755,4612.20567370486,4664.33761418401,4713.42211100799,"seatird-deterministic_POP-1M_R0-1.9","seatird-deterministic","1M",1.9,"Network_250_Node",250,"Nodes: 250"
"../R0_sensitivity_analysis/Network_250_Node/seatird-deterministic_POP-1M_R0-2.1/simulation_times.csv",9,4580.44954292435,4570.14832157292,45.5854090930077,4532.21058898442,4540.71231114515,4608.62357799197,4649.23851876496,"seatird-deterministic_POP-1M_R0-2.1","seatird-deterministic","1M",2.1,"Network_250_Node",250,"Nodes: 250"
"../R0_sensitivity_analysis/Network_250_Node/seatird-deterministic_POP-1M_R0-2.3/simulation_times.csv",9,4382.2211744836,4360.58952643606,41.6444029192387,4340.78552849609,4353.9568195059,4409.16428185999,4446.21816981053,"seatird-deterministic_POP-1M_R0-2.3","seatird-deterministic","1M",2.3,"Network_250_Node",250,"Nodes: 250"
"../R0_sensitivity_analysis/Network_250_Node/seatird-deterministic_POP-1M_R0-2.5/simulation_times.csv",10,4178.63551255818,4139.19408719544,89.8259449007353,4113.10565538225,4123.61215596879,4207.31610054045,4326.70017436105,"seatird-deterministic_POP-1M_R0-2.5","seatird-deterministic","1M",2.5,"Network_250_Node",250,"Nodes: 250"
"../R0_sensitivity_analysis/Network_250_Node/seatird-deterministic_POP-1M_R0-2.7/simulation_times.csv",10,4142.00721056398,4144.12573686091,58.8916201599726,4077.32612252545,4088.29175169143,4176.2809287479,4226.04373939363,"seatird-deterministic_POP-1M_R0-2.7","seatird-deterministic","1M",2.7,"Network_250_Node",250,"Nodes: 250"
"../R0_sensitivity_analysis/Network_250_Node/seatird-deterministic_POP-1M_R0-2.9/simulation_times.csv",10,4040.70110394801,4033.88046295801,34.5524354472384,4010.74848880054,4019.68919295172,4050.27229845268,4094.55711151764,"seatird-deterministic_POP-1M_R0-2.9","seatird-deterministic","1M",2.9,"Network_250_Node",250,"Nodes: 250"
"../R0_sensitivity_analysis/Network_250_Node/seatird-deterministic_POP-1M_R0-3.1/simulation_times.csv",11,3913.84286996489,3878.76934677619,101.0260261476,3857.32473173796,3865.81941201445,3887.42821380892,4102.28877115599,"seatird-deterministic_POP-1M_R0-3.1","seatird-deterministic","1M",3.1,"Network_250_Node",250,"Nodes: 250"
"../R0_sensitivity_analysis/Network_250_Node/seatird-deterministic_POP-1M_R0-3.3/simulation_times.csv",11,3880.70586962782,3859.82534706313,44.5400631295861,3845.21770706296,3849.48752412305,3902.80684208847,3953.91958782496,"seatird-deterministic_POP-1M_R0-3.3","seatird-deterministic","1M",3.3,"Network_250_Node",250,"Nodes: 250"
"../R0_sensitivity_analysis/Network_250_Node/seatird-deterministic_POP-1M_R0-3.5/simulation_times.csv",11,3870.3703149465,3842.78613573988,48.3169113709799,3836.87827394647,3840.3365274315,3886.16565727047,3955.04202720849,"seatird-deterministic_POP-1M_R0-3.5","seatird-deterministic","1M",3.5,"Network_250_Node",250,"Nodes: 250"
"../R0_sensitivity_analysis/Network_250_Node/seatird-deterministic_POP-1M_R0-3.7/simulation_times.csv",11,3847.53455233627,3836.55049401498,24.4771864900897,3828.12034816749,3833.08424620691,3852.381671499,3889.83152073855,"seatird-deterministic_POP-1M_R0-3.7","seatird-deterministic","1M",3.7,"Network_250_Node",250,"Nodes: 250"
"../R0_sensitivity_analysis/Network_250_Node/seatird-deterministic_POP-1M_R0-3.9/simulation_times.csv",11,3761.58382312898,3758.32424047403,25.501387495182,3739.61644476594,3742.17880235298,3764.64497384557,3804.21555513446,"seatird-deterministic_POP-1M_R0-3.9","seatird-deterministic","1M",3.9,"Network_250_Node",250,"Nodes: 250"
"../R0_sensitivity_analysis/Network_250_Node/seatird-deterministic_POP-1M_R0-4.1/simulation_times.csv",11,3741.79116022047,3737.37869130517,23.883941139895,3721.6248469284,3729.62881197303,3742.93637109397,3779.83154721453,"seatird-deterministic_POP-1M_R0-4.1","seatird-deterministic","1M",4.1,"Network_250_Node",250,"Nodes: 250"
"../R0_sensitivity_analysis/Network_250_Node/seatird-stochastic_POP-1M_R0-0.5/simulation_times.csv",13,6348.61278024416,6368.36790980771,70.7643305292306,6226.30869292431,6359.94413504936,6394.52499815449,6404.58421153128,"seatird-stochastic_POP-1M_R0-0.5","seatird-stochastic","1M",0.5,"Network_250_Node",250,"Nodes: 250"
"../R0_sensitivity_analysis/Network_250_Node/seatird-stochastic_POP-1M_R0-0.7/simulation_times.csv",13,6603.98650490579,6637.99878241122,137.472635819553,6364.07411904894,6554.96886507235,6722.61644319817,6750.38068065531,"seatird-stochastic_POP-1M_R0-0.7","seatird-stochastic","1M",0.7,"Network_250_Node",250,"Nodes: 250"
"../R0_sensitivity_analysis/Network_250_Node/seatird-stochastic_POP-1M_R0-0.9/simulation_times.csv",13,6521.46647437461,6558.52778877318,122.048443949396,6286.88412857056,6512.02712750807,6579.43495365232,6650.31159274392,"seatird-stochastic_POP-1M_R0-0.9","seatird-stochastic","1M",0.9,"Network_250_Node",250,"Nodes: 250"
"../R0_sensitivity_analysis/Network_250_Node/seatird-stochastic_POP-1M_R0-1.1/simulation_times.csv",13,6506.538412442,6604.07285236008,223.717942669261,6104.20924926735,6486.4269315023,6640.96114065312,6688.29827006906,"seatird-stochastic_POP-1M_R0-1.1","seatird-stochastic","1M",1.1,"Network_250_Node",250,"Nodes: 250"
"../R0_sensitivity_analysis/Network_250_Node/seatird-stochastic_POP-1M_R0-1.3/simulation_times.csv",15,5677.99279346888,5655.38536949456,231.766875621284,5386.99191830512,5506.79512911662,5898.42487699166,5972.8302121561,"seatird-stochastic_POP-1M_R0-1.3","seatird-stochastic","1M",1.3,"Network_250_Node",250,"Nodes: 250"
"../R0_sensitivity_analysis/Network_250_Node/seatird-stochastic_POP-1M_R0-1.5/simulation_times.csv",17,5042.79128635554,5028.64599788375,324.840078584002,4613.75433969945,4804.21434457414,5193.41787970439,5521.90632028617,"seatird-stochastic_POP-1M_R0-1.5","seatird-stochastic","1M",1.5,"Network_250_Node",250,"Nodes: 250"
"../R0_sensitivity_analysis/Network_250_Node/seatird-stochastic_POP-1M_R0-1.7/simulation_times.csv",18,4770.57828413767,4696.31476122979,442.573688517013,4315.04498167979,4463.13940821635,4878.0164640937,5631.33556919936,"seatird-stochastic_POP-1M_R0-1.7","seatird-stochastic","1M",1.7,"Network_250_Node",250,"Nodes: 250"
"../R0_sensitivity_analysis/Network_250_Node/seatird-stochastic_POP-1M_R0-1.9/simulation_times.csv",19,4469.79382680749,4489.0100271944,220.059526543347,4205.08459710404,4282.79676253349,4605.23788895644,4847.00936004091,"seatird-stochastic_POP-1M_R0-1.9","seatird-stochastic","1M",1.9,"Network_250_Node",250,"Nodes: 250"
"../R0_sensitivity_analysis/Network_250_Node/seatird-stochastic_POP-1M_R0-2.1/simulation_times.csv",21,4102.39946689723,4078.6883699391,241.416042050003,3786.62792518362,3945.83323038928,4269.70960037597,4528.11728796549,"seatird-stochastic_POP-1M_R0-2.1","seatird-stochastic","1M",2.1,"Network_250_Node",250,"Nodes: 250"
"../R0_sensitivity_analysis/Network_250_Node/seatird-stochastic_POP-1M_R0-2.3/simulation_times.csv",21,4002.62080958122,3900.72631125525,309.410203483069,3681.010643268,3764.26779736951,4183.06087302044,4491.20405505598,"seatird-stochastic_POP-1M_R0-2.3","seatird-stochastic","1M",2.3,"Network_250_Node",250,"Nodes: 250"
"../R0_sensitivity_analysis/Network_250_Node/seatird-stochastic_POP-1M_R0-2.5/simulation_times.csv",21,3898.686464538,3879.36109764874,207.149275803191,3658.49408441037,3708.58875571378,3989.35048029013,4112.87310478836,"seatird-stochastic_POP-1M_R0-2.5","seatird-stochastic","1M",2.5,"Network_250_Node",250,"Nodes: 250"
"../R0_sensitivity_analysis/Network_250_Node/seatird-stochastic_POP-1M_R0-2.7/simulation_times.csv",23,3749.93958271513,3682.83888819069,309.520825695776,3379.91471812036,3557.58523130976,3879.78758588899,4455.18431960884,"seatird-stochastic_POP-1M_R0-2.7","seatird-stochastic","1M",2.7,"Network_250_Node",250,"Nodes: 250"
"../R0_sensitivity_analysis/Network_250_Node/seatird-stochastic_POP-1M_R0-2.9/simulation_times.csv",23,3693.05092281435,3693.02355617285,224.255862119758,3329.06150764134,3558.66882409062,3791.41426534019,3975.98718947358,"seatird-stochastic_POP-1M_R0-2.9","seatird-stochastic","1M",2.9,"Network_250_Node",250,"Nodes: 250"
"../R0_sensitivity_analysis/Network_250_Node/seatird-stochastic_POP-1M_R0-3.1/simulation_times.csv",23,3612.18231502629,3595.59199613519,231.184755012675,3338.54504813682,3450.62609825749,3699.4200805407,4125.67939643767,"seatird-stochastic_POP-1M_R0-3.1","seatird-stochastic","1M",3.1,"Network_250_Node",250,"Nodes: 250"
"../R0_sensitivity_analysis/Network_250_Node/seatird-stochastic_POP-1M_R0-3.3/simulation_times.csv",23,3720.86277201634,3653.62267834507,260.572311085038,3413.677373261,3540.42773824651,3853.26021814253,4064.85086861104,"seatird-stochastic_POP-1M_R0-3.3","seatird-stochastic","1M",3.3,"Network_250_Node",250,"Nodes: 250"
"../R0_sensitivity_analysis/Network_250_Node/seatird-stochastic_POP-1M_R0-3.5/simulation_times.csv",23,3611.95956839006,3555.56389860064,224.221886120788,3291.51802007314,3451.60319073498,3746.64014760777,3949.73473035488,"seatird-stochastic_POP-1M_R0-3.5","seatird-stochastic","1M",3.5,"Network_250_Node",250,"Nodes: 250"
"../R0_sensitivity_analysis/Network_250_Node/seatird-stochastic_POP-1M_R0-3.7/simulation_times.csv",23,3635.60394523017,3584.13289346173,222.297162570332,3359.45958051234,3451.22989602573,3782.56133034173,3951.59597433694,"seatird-stochastic_POP-1M_R0-3.7","seatird-stochastic","1M",3.7,"Network_250_Node",250,"Nodes: 250"
"../R0_sensitivity_analysis/Network_250_Node/seatird-stochastic_POP-1M_R0-3.9/simulation_times.csv",23,3629.57287848571,3572.57218127139,188.600695726121,3439.4650682101,3477.0798325194,3777.75839767046,3934.81137650106,"seatird-stochastic_POP-1M_R0-3.9","seatird-stochastic","1M",3.9,"Network_250_Node",250,"Nodes: 250"
"../R0_sensitivity_analysis/Network_250_Node/seatird-stochastic_POP-1M_R0-4.1/simulation_times.csv",25,3437.38124300197,3355.48543250002,283.589436214537,3095.70000764392,3237.14137591608,3518.90246152505,3987.0633185517,"seatird-stochastic_POP-1M_R0-4.1","seatird-stochastic","1M",4.1,"Network_250_Node",250,"Nodes: 250"
"../R0_sensitivity_analysis/Network_250_Node/seir-deterministic_POP-1M_R0-0.5/simulation_times.csv",6,6791.05591360899,6782.828620165,30.5756091737041,6763.1755680099,6765.29526359867,6813.5674557662,6830.70084012812,"seir-deterministic_POP-1M_R0-0.5","seir-deterministic","1M",0.5,"Network_250_Node",250,"Nodes: 250"
"../R0_sensitivity_analysis/Network_250_Node/seir-deterministic_POP-1M_R0-0.7/simulation_times.csv",6,6780.71755466117,6765.36247105512,50.2372620464771,6740.83626720641,6756.98507538869,6780.23752805206,6854.65477691073,"seir-deterministic_POP-1M_R0-0.7","seir-deterministic","1M",0.7,"Network_250_Node",250,"Nodes: 250"
"../R0_sensitivity_analysis/Network_250_Node/seir-deterministic_POP-1M_R0-0.9/simulation_times.csv",6,6876.56043655173,6870.39070222853,31.1580516639495,6845.65086830984,6852.11087655538,6904.56452986988,6912.2983392895,"seir-deterministic_POP-1M_R0-0.9","seir-deterministic","1M",0.9,"Network_250_Node",250,"Nodes: 250"
"../R0_sensitivity_analysis/Network_250_Node/seir-deterministic_POP-1M_R0-1.1/simulation_times.csv",6,6763.84220688821,6787.44427052862,95.6300985131996,6623.79417600174,6762.1025557862,6820.07250152994,6840.02740116772,"seir-deterministic_POP-1M_R0-1.1","seir-deterministic","1M",1.1,"Network_250_Node",250,"Nodes: 250"
"../R0_sensitivity_analysis/Network_250_Node/seir-deterministic_POP-1M_R0-1.3/simulation_times.csv",7,5912.1940063161,5875.01179466094,336.085005517467,5621.17733148271,5721.32383673242,5938.21657783748,6419.32464267451,"seir-deterministic_POP-1M_R0-1.3","seir-deterministic","1M",1.3,"Network_250_Node",250,"Nodes: 250"
"../R0_sensitivity_analysis/Network_250_Node/seir-deterministic_POP-1M_R0-1.5/simulation_times.csv",8,5305.22978007983,5293.24058879155,96.9432354558239,5187.39779807173,5242.4251394383,5369.83996148518,5437.57530731421,"seir-deterministic_POP-1M_R0-1.5","seir-deterministic","1M",1.5,"Network_250_Node",250,"Nodes: 250"
"../R0_sensitivity_analysis/Network_250_Node/seir-deterministic_POP-1M_R0-1.7/simulation_times.csv",9,4721.95554849622,4690.87835616898,88.8204953448034,4649.82209428693,4670.23729075794,4716.21975187096,4877.94651899678,"seir-deterministic_POP-1M_R0-1.7","seir-deterministic","1M",1.7,"Network_250_Node",250,"Nodes: 250"
"../R0_sensitivity_analysis/Network_250_Node/seir-deterministic_POP-1M_R0-1.9/simulation_times.csv",9,4496.24461057586,4475.21196619887,84.8935234386606,4406.99410672118,4443.38555451995,4539.37034834805,4631.25258295233,"seir-deterministic_POP-1M_R0-1.9","seir-deterministic","1M",1.9,"Network_250_Node",250,"Nodes: 250"
"../R0_sensitivity_analysis/Network_250_Node/seir-deterministic_POP-1M_R0-2.1/simulation_times.csv",10,4277.30445575372,4271.64798392053,45.1420983782716,4218.16186424528,4256.55797974439,4292.23948148126,4348.18648716118,"seir-deterministic_POP-1M_R0-2.1","seir-deterministic","1M",2.1,"Network_250_Node",250,"Nodes: 250"
"../R0_sensitivity_analysis/Network_250_Node/seir-deterministic_POP-1M_R0-2.3/simulation_times.csv",10,4182.19283056874,4180.10742689844,20.8502717235701,4156.3357811542,4166.79648979352,4197.3432921248,4212.11345367485,"seir-deterministic_POP-1M_R0-2.3","seir-deterministic","1M",2.3,"Network_250_Node",250,"Nodes: 250"
"../R0_sensitivity_analysis/Network_250_Node/seir-deterministic_POP-1M_R0-2.5/simulation_times.csv",10,4078.35296066464,4060.16848126496,58.7115104964308,4019.85651635665,4035.5938798475,4104.01078405982,4175.04848127041,"seir-deterministic_POP-1M_R0-2.5","seir-deterministic","1M",2.5,"Network_250_Node",250,"Nodes: 250"
"../R0_sensitivity_analysis/Network_250_Node/seir-deterministic_POP-1M_R0-2.7/simulation_times.csv",11,3880.62958075673,3875.79580314411,41.761957061221,3846.18579183996,3853.24089138745,3886.90639475407,3949.56575632992,"seir-deterministic_POP-1M_R0-2.7","seir-deterministic","1M",2.7,"Network_250_Node",250,"Nodes: 250"
"../R0_sensitivity_analysis/Network_250_Node/seir-deterministic_POP-1M_R0-2.9/simulation_times.csv",10,3952.49137290332,3912.36692625994,92.2931707677745,3889.05071335089,3897.38473349466,3957.82193100924,4119.7848544916,"seir-deterministic_POP-1M_R0-2.9","seir-deterministic","1M",2.9,"Network_250_Node",250,"Nodes: 250"
"../R0_sensitivity_analysis/Network_250_Node/seir-deterministic_POP-1M_R0-3.1/simulation_times.csv",11,3851.31599861333,3852.30312267505,32.7938468427135,3812.26397752017,3837.9357012976,3857.64783702698,3899.38986683544,"seir-deterministic_POP-1M_R0-3.1","seir-deterministic","1M",3.1,"Network_250_Node",250,"Nodes: 250"
"../R0_sensitivity_analysis/Network_250_Node/seir-deterministic_POP-1M_R0-3.3/simulation_times.csv",11,3711.51393765838,3703.47415617481,32.0506011175583,3683.9339993028,3691.18905539438,3720.64319872018,3763.06411204766,"seir-deterministic_POP-1M_R0-3.3","seir-deterministic","1M",3.3,"Network_250_Node",250,"Nodes: 250"
"../R0_sensitivity_analysis/Network_250_Node/seir-deterministic_POP-1M_R0-3.5/simulation_times.csv",11,3691.95871138539,3681.59341765754,42.1104451316111,3658.29014866613,3665.58173395973,3693.09065378737,3766.83726500627,"seir-deterministic_POP-1M_R0-3.5","seir-deterministic","1M",3.5,"Network_250_Node",250,"Nodes: 250"
"../R0_sensitivity_analysis/Network_250_Node/seir-deterministic_POP-1M_R0-3.7/simulation_times.csv",11,3729.56579726494,3719.33781413175,21.1961076458571,3710.14875028469,3715.05289006047,3743.96623851638,3764.30762760434,"seir-deterministic_POP-1M_R0-3.7","seir-deterministic","1M",3.7,"Network_250_Node",250,"Nodes: 250"
"../R0_sensitivity_analysis/Network_250_Node/seir-deterministic_POP-1M_R0-3.9/simulation_times.csv",11,3647.9299458648,3643.78286867402,13.0630648754793,3631.79146752879,3637.89190996531,3656.00517796166,3667.23024293594,"seir-deterministic_POP-1M_R0-3.9","seir-deterministic","1M",3.9,"Network_250_Node",250,"Nodes: 250"
"../R0_sensitivity_analysis/Network_250_Node/seir-deterministic_POP-1M_R0-4.1/simulation_times.csv",11,3635.91460344212,3632.31989113614,22.1984443678315,3615.44919219986,3625.32728420198,3638.68518725503,3672.41391154192,"seir-deterministic_POP-1M_R0-4.1","seir-deterministic","1M",4.1,"Network_250_Node",250,"Nodes: 250"
"../R0_sensitivity_analysis/Network_250_Node/seirs-deterministic_POP-1M_R0-0.5/simulation_times.csv",6,6663.8649214472,6664.64599265158,30.269488279799,6633.43447393226,6636.41595782712,6689.40499468427,6694.65671281237,"seirs-deterministic_POP-1M_R0-0.5","seirs-deterministic","1M",0.5,"Network_250_Node",250,"Nodes: 250"
"../R0_sensitivity_analysis/Network_250_Node/seirs-deterministic_POP-1M_R0-0.7/simulation_times.csv",6,6704.4285616704,6714.31359435525,25.8140694784426,6669.68549096538,6685.91124576982,6723.74246216007,6727.10803785035,"seirs-deterministic_POP-1M_R0-0.7","seirs-deterministic","1M",0.7,"Network_250_Node",250,"Nodes: 250"
"../R0_sensitivity_analysis/Network_250_Node/seirs-deterministic_POP-1M_R0-0.9/simulation_times.csv",6,6692.26350966841,6687.83343026787,56.7117026789116,6625.08631887892,6672.93138534343,6709.09738248074,6766.27462743362,"seirs-deterministic_POP-1M_R0-0.9","seirs-deterministic","1M",0.9,"Network_250_Node",250,"Nodes: 250"
"../R0_sensitivity_analysis/Network_250_Node/seirs-deterministic_POP-1M_R0-1.1/simulation_times.csv",6,6712.90015261341,6725.21250162367,40.8459461940727,6654.20636450034,6699.5020716046,6734.15565035958,6751.99125572294,"seirs-deterministic_POP-1M_R0-1.1","seirs-deterministic","1M",1.1,"Network_250_Node",250,"Nodes: 250"
"../R0_sensitivity_analysis/Network_250_Node/seirs-deterministic_POP-1M_R0-1.3/simulation_times.csv",6,6618.42911020263,6619.90488345735,27.9314329914453,6582.02119661868,6606.39807737479,6636.06942968676,6649.37576388521,"seirs-deterministic_POP-1M_R0-1.3","seirs-deterministic","1M",1.3,"Network_250_Node",250,"Nodes: 250"
"../R0_sensitivity_analysis/Network_250_Node/seirs-deterministic_POP-1M_R0-1.5/simulation_times.csv",6,6725.75700448484,6707.34649566561,55.1145527851014,6674.67831269791,6693.26107419003,6748.83837731415,6804.59099487122,"seirs-deterministic_POP-1M_R0-1.5","seirs-deterministic","1M",1.5,"Network_250_Node",250,"Nodes: 250"
"../R0_sensitivity_analysis/Network_250_Node/seirs-deterministic_POP-1M_R0-1.7/simulation_times.csv",6,6651.10744352173,6630.21681756806,41.9362715968371,6618.07518028142,6621.35349094868,6682.99170773663,6707.09189594677,"seirs-deterministic_POP-1M_R0-1.7","seirs-deterministic","1M",1.7,"Network_250_Node",250,"Nodes: 250"
"../R0_sensitivity_analysis/Network_250_Node/seirs-deterministic_POP-1M_R0-1.9/simulation_times.csv",6,6639.3256377317,6646.95996702462,36.767692165354,6590.2001975365,6622.933622682,6653.78148260713,6680.83514053468,"seirs-deterministic_POP-1M_R0-1.9","seirs-deterministic","1M",1.9,"Network_250_Node",250,"Nodes: 250"
"../R0_sensitivity_analysis/Network_250_Node/seirs-deterministic_POP-1M_R0-2.1/simulation_times.csv",6,6831.3403721579,6819.85497456137,27.451208835654,6807.00888223061,6812.9559197952,6850.38862736803,6868.62895738287,"seirs-deterministic_POP-1M_R0-2.1","seirs-deterministic","1M",2.1,"Network_250_Node",250,"Nodes: 250"
"../R0_sensitivity_analysis/Network_250_Node/seirs-deterministic_POP-1M_R0-2.3/simulation_times.csv",6,6794.84732653107,6787.22303222492,29.8334654556754,6762.72388043348,6780.71544021089,6809.71328746714,6835.37639957527,"seirs-deterministic_POP-1M_R0-2.3","seirs-deterministic","1M",2.3,"Network_250_Node",250,"Nodes: 250"
"../R0_sensitivity_analysis/Network_250_Node/seirs-deterministic_POP-1M_R0-2.5/simulation_times.csv",6,6634.39667754931,6633.41602572054,33.8424694388791,6600.83167065959,6605.62128227018,6665.36690319143,6667.64255799726,"seirs-deterministic_POP-1M_R0-2.5","seirs-deterministic","1M",2.5,"Network_250_Node",250,"Nodes: 250"
"../R0_sensitivity_analysis/Network_250_Node/seirs-deterministic_POP-1M_R0-2.7/simulation_times.csv",6,6830.91900128964,6828.55879830476,23.9169406740375,6808.56853202824,6809.26266263239,6850.87134379195,6857.15903813671,"seirs-deterministic_POP-1M_R0-2.7","seirs-deterministic","1M",2.7,"Network_250_Node",250,"Nodes: 250"
"../R0_sensitivity_analysis/Network_250_Node/seirs-deterministic_POP-1M_R0-2.9/simulation_times.csv",6,6650.1451726978,6644.45489861816,22.6240894876649,6628.52468641847,6631.4554090891,6668.77237683581,6678.44601838384,"seirs-deterministic_POP-1M_R0-2.9","seirs-deterministic","1M",2.9,"Network_250_Node",250,"Nodes: 250"
"../R0_sensitivity_analysis/Network_250_Node/seirs-deterministic_POP-1M_R0-3.1/simulation_times.csv",6,6711.88243869754,6710.78139303625,29.5163016171725,6678.41572755855,6691.1269998909,6735.47910738131,6744.73954985663,"seirs-deterministic_POP-1M_R0-3.1","seirs-deterministic","1M",3.1,"Network_250_Node",250,"Nodes: 250"
"../R0_sensitivity_analysis/Network_250_Node/seirs-deterministic_POP-1M_R0-3.3/simulation_times.csv",6,6723.2805969563,6714.34617096093,47.6081612836082,6680.38395568496,6681.65852319356,6759.02441569977,6780.51957190176,"seirs-deterministic_POP-1M_R0-3.3","seirs-deterministic","1M",3.3,"Network_250_Node",250,"Nodes: 250"
"../R0_sensitivity_analysis/Network_250_Node/seirs-deterministic_POP-1M_R0-3.5/simulation_times.csv",6,6627.52069004749,6610.4247286981,54.7375251982856,6584.19325602707,6594.29824964143,6633.98990916461,6708.62889316818,"seirs-deterministic_POP-1M_R0-3.5","seirs-deterministic","1M",3.5,"Network_250_Node",250,"Nodes: 250"
"../R0_sensitivity_analysis/Network_250_Node/seirs-deterministic_POP-1M_R0-3.7/simulation_times.csv",6,6680.00363423365,6673.10315049253,27.4248817577822,6652.12812975142,6664.16201521456,6693.47136789886,6717.51229331642,"seirs-deterministic_POP-1M_R0-3.7","seirs-deterministic","1M",3.7,"Network_250_Node",250,"Nodes: 250"
"../R0_sensitivity_analysis/Network_250_Node/seirs-deterministic_POP-1M_R0-3.9/simulation_times.csv",6,6739.28181920728,6731.20218046103,36.1833996266529,6703.39446213236,6709.61734252656,6769.43893515039,6784.26699531125,"seirs-deterministic_POP-1M_R0-3.9","seirs-deterministic","1M",3.9,"Network_250_Node",250,"Nodes: 250"
"../R0_sensitivity_analysis/Network_250_Node/seirs-deterministic_POP-1M_R0-4.1/simulation_times.csv",6,6709.25034554706,6696.605154627,62.1266098705182,6653.06411218457,6667.27135019144,6725.8077360196,6797.13703823835,"seirs-deterministic_POP-1M_R0-4.1","seirs-deterministic","1M",4.1,"Network_250_Node",250,"Nodes: 250"
"../R0_sensitivity_analysis/Network_2_Node/seatird-deterministic_POP-1M_R0-0.5/simulation_times.csv",1000,7.79624504603446,5.06057337205857,9.15706152422466,3.65980393625796,4.2229373161681,6.67230242723599,37.6854311865754,"seatird-deterministic_POP-1M_R0-0.5","seatird-deterministic","1M",0.5,"Network_2_Node",2,"Nodes: 2"
"../R0_sensitivity_analysis/Network_2_Node/seatird-deterministic_POP-1M_R0-0.7/simulation_times.csv",1000,8.25367146341316,5.53788574505597,8.95829642283805,3.8128069720231,4.53708276245743,7.26202901871875,35.927415455319,"seatird-deterministic_POP-1M_R0-0.7","seatird-deterministic","1M",0.7,"Network_2_Node",2,"Nodes: 2"
"../R0_sensitivity_analysis/Network_2_Node/seatird-deterministic_POP-1M_R0-0.9/simulation_times.csv",1000,8.64535760962032,5.40564794931561,9.83572108388487,3.87473294679075,4.50862353108823,7.18712058151141,38.6898575934581,"seatird-deterministic_POP-1M_R0-0.9","seatird-deterministic","1M",0.9,"Network_2_Node",2,"Nodes: 2"
"../R0_sensitivity_analysis/Network_2_Node/seatird-deterministic_POP-1M_R0-1.1/simulation_times.csv",1000,9.14939125130326,5.59992367960513,10.4456190761063,3.93363834302872,4.63533734576777,7.4445229950361,39.9965487999842,"seatird-deterministic_POP-1M_R0-1.1","seatird-deterministic","1M",1.1,"Network_2_Node",2,"Nodes: 2"
"../R0_sensitivity_analysis/Network_2_Node/seatird-deterministic_POP-1M_R0-1.3/simulation_times.csv",1000,9.09571278089844,5.36683814413846,10.745600869963,3.69808042068034,4.41000075638294,7.14867897424847,40.5328467854299,"seatird-deterministic_POP-1M_R0-1.3","seatird-deterministic","1M",1.3,"Network_2_Node",2,"Nodes: 2"
"../R0_sensitivity_analysis/Network_2_Node/seatird-deterministic_POP-1M_R0-1.5/simulation_times.csv",1000,8.60964167189039,5.33308435603976,9.8860771707111,3.72507129088044,4.40509601915255,7.15533824590966,38.9938177096657,"seatird-deterministic_POP-1M_R0-1.5","seatird-deterministic","1M",1.5,"Network_2_Node",2,"Nodes: 2"
"../R0_sensitivity_analysis/Network_2_Node/seatird-deterministic_POP-1M_R0-1.7/simulation_times.csv",1000,7.59824001673609,4.65637717396021,8.71182383846688,3.27251879591495,3.84920557588339,6.3468010625802,34.8583160551265,"seatird-deterministic_POP-1M_R0-1.7","seatird-deterministic","1M",1.7,"Network_2_Node",2,"Nodes: 2"
"../R0_sensitivity_analysis/Network_2_Node/seatird-deterministic_POP-1M_R0-1.9/simulation_times.csv",1000,7.11450668642856,4.33429735712707,8.09192302488688,3.000372481253,3.50316904298961,6.05704195098951,31.6627513184212,"seatird-deterministic_POP-1M_R0-1.9","seatird-deterministic","1M",1.9,"Network_2_Node",2,"Nodes: 2"
"../R0_sensitivity_analysis/Network_2_Node/seatird-deterministic_POP-1M_R0-2.1/simulation_times.csv",1000,6.42450563001074,3.87380581442267,7.55430949098968,2.72256869515404,3.15488769626245,5.36474818084389,28.3440053830855,"seatird-deterministic_POP-1M_R0-2.1","seatird-deterministic","1M",2.1,"Network_2_Node",2,"Nodes: 2"
"../R0_sensitivity_analysis/Network_2_Node/seatird-deterministic_POP-1M_R0-2.3/simulation_times.csv",1000,6.22605532027967,3.86076583899558,7.00582576229521,2.72224479718134,3.11814818391576,5.45518195861951,27.398402003292,"seatird-deterministic_POP-1M_R0-2.3","seatird-deterministic","1M",2.3,"Network_2_Node",2,"Nodes: 2"
"../R0_sensitivity_analysis/Network_2_Node/seatird-deterministic_POP-1M_R0-2.5/simulation_times.csv",1000,6.55404467897117,3.5839002141729,7.60166226063621,2.48220100495964,2.93095185328275,5.55431958194822,27.4598170253448,"seatird-deterministic_POP-1M_R0-2.5","seatird-deterministic","1M",2.5,"Network_2_Node",2,"Nodes: 2"
"../R0_sensitivity_analysis/Network_2_Node/seatird-deterministic_POP-1M_R0-2.7/simulation_times.csv",1000,6.07802978804335,3.42337651085109,7.15979840398117,2.33536744834855,2.71355035342276,4.94346829596907,26.265716789104,"seatird-deterministic_POP-1M_R0-2.7","seatird-deterministic","1M",2.7,"Network_2_Node",2,"Nodes: 2"
"../R0_sensitivity_analysis/Network_2_Node/seatird-deterministic_POP-1M_R0-2.9/simulation_times.csv",1000,5.30512942780741,3.11906176805496,6.21459658242449,2.3078237792477,2.60383942490444,4.32404071977362,24.3247310957871,"seatird-deterministic_POP-1M_R0-2.9","seatird-deterministic","1M",2.9,"Network_2_Node",2,"Nodes: 2"
"../R0_sensitivity_analysis/Network_2_Node/seatird-deterministic_POP-1M_R0-3.1/simulation_times.csv",1000,5.33242285750061,3.05937860533595,6.44719208072066,2.18753630984575,2.56262982496992,4.11879985546693,24.192171477247,"seatird-deterministic_POP-1M_R0-3.1","seatird-deterministic","1M",3.1,"Network_2_Node",2,"Nodes: 2"
"../R0_sensitivity_analysis/Network_2_Node/seatird-deterministic_POP-1M_R0-3.3/simulation_times.csv",1000,4.78159771019407,2.86755506880581,5.63621115158251,2.12953030345961,2.44884439464658,3.76420589117333,22.6158155376092,"seatird-deterministic_POP-1M_R0-3.3","seatird-deterministic","1M",3.3,"Network_2_Node",2,"Nodes: 2"
"../R0_sensitivity_analysis/Network_2_Node/seatird-deterministic_POP-1M_R0-3.5/simulation_times.csv",1000,4.67313354284503,2.84037057310343,5.54031564462477,2.06986410375684,2.38140632677823,3.76735421642661,22.0410994356498,"seatird-deterministic_POP-1M_R0-3.5","seatird-deterministic","1M",3.5,"Network_2_Node",2,"Nodes: 2"
"../R0_sensitivity_analysis/Network_2_Node/seatird-deterministic_POP-1M_R0-3.7/simulation_times.csv",1000,4.64716759818979,2.78743633534759,5.55306879589696,2.05618405397981,2.35777313960716,3.73805165011436,21.5116440424695,"seatird-deterministic_POP-1M_R0-3.7","seatird-deterministic","1M",3.7,"Network_2_Node",2,"Nodes: 2"
"../R0_sensitivity_analysis/Network_2_Node/seatird-deterministic_POP-1M_R0-3.9/simulation_times.csv",1000,4.74024799161404,2.75384410563856,5.62928050097725,1.99388334555551,2.29603121476248,3.80146451573819,21.5013359599747,"seatird-deterministic_POP-1M_R0-3.9","seatird-deterministic","1M",3.9,"Network_2_Node",2,"Nodes: 2"
"../R0_sensitivity_analysis/Network_2_Node/seatird-deterministic_POP-1M_R0-4.1/simulation_times.csv",1000,4.67719727090187,2.74299184605479,5.54864155006578,1.96660053879023,2.25915399985388,3.6829323079437,21.3200140786357,"seatird-deterministic_POP-1M_R0-4.1","seatird-deterministic","1M",4.1,"Network_2_Node",2,"Nodes: 2"
"../R0_sensitivity_analysis/Network_2_Node/seatird-stochastic_POP-1M_R0-0.5/simulation_times.csv",1000,8.78381302039139,5.69305197428912,9.00125752600338,3.82758249379694,4.61532953102142,7.72798370569944,33.511235347297,"seatird-stochastic_POP-1M_R0-0.5","seatird-stochastic","1M",0.5,"Network_2_Node",2,"Nodes: 2"
"../R0_sensitivity_analysis/Network_2_Node/seatird-stochastic_POP-1M_R0-0.7/simulation_times.csv",1000,19.4490746998359,16.4593872381374,9.23925393051747,13.1358475675806,14.7136980136856,19.2488205935806,45.6409644175321,"seatird-stochastic_POP-1M_R0-0.7","seatird-stochastic","1M",0.7,"Network_2_Node",2,"Nodes: 2"
"../R0_sensitivity_analysis/Network_2_Node/seatird-stochastic_POP-1M_R0-0.9/simulation_times.csv",721,119.749730288442,116.89457516931,10.4927188316706,109.937831321731,112.940162533894,122.711965428665,138.164406344295,"seatird-stochastic_POP-1M_R0-0.9","seatird-stochastic","1M",0.9,"Network_2_Node",2,"Nodes: 2"
"../R0_sensitivity_analysis/Network_2_Node/seatird-stochastic_POP-1M_R0-1.1/simulation_times.csv",364,236.798006749282,233.820869638585,12.0907255325607,225.533379956521,228.821358956862,240.815791982692,258.994116822537,"seatird-stochastic_POP-1M_R0-1.1","seatird-stochastic","1M",1.1,"Network_2_Node",2,"Nodes: 2"
"../R0_sensitivity_analysis/Network_2_Node/seatird-stochastic_POP-1M_R0-1.3/simulation_times.csv",243,354.043988351185,350.095580192283,12.7470891728234,342.23986936193,346.042279200628,358.637830212712,377.013259528764,"seatird-stochastic_POP-1M_R0-1.3","seatird-stochastic","1M",1.3,"Network_2_Node",2,"Nodes: 2"
"../R0_sensitivity_analysis/Network_2_Node/seatird-stochastic_POP-1M_R0-1.5/simulation_times.csv",182,472.502724902663,467.924277730286,14.8017271940091,460.108203821722,463.487797657028,476.876939908136,497.027179260459,"seatird-stochastic_POP-1M_R0-1.5","seatird-stochastic","1M",1.5,"Network_2_Node",2,"Nodes: 2"
"../R0_sensitivity_analysis/Network_2_Node/seatird-stochastic_POP-1M_R0-1.7/simulation_times.csv",145,592.579583391187,585.928151736036,19.0666914686255,576.69206074588,581.206295290962,594.603548424318,631.808782275021,"seatird-stochastic_POP-1M_R0-1.7","seatird-stochastic","1M",1.7,"Network_2_Node",2,"Nodes: 2"
"../R0_sensitivity_analysis/Network_2_Node/seatird-stochastic_POP-1M_R0-1.9/simulation_times.csv",121,711.998847008952,709.33750202693,10.6620851766983,701.243756918237,705.060929259285,715.709171295166,735.420179937035,"seatird-stochastic_POP-1M_R0-1.9","seatird-stochastic","1M",1.9,"Network_2_Node",2,"Nodes: 2"
"../R0_sensitivity_analysis/Network_2_Node/seatird-stochastic_POP-1M_R0-2.1/simulation_times.csv",103,833.866751278525,831.199206085876,10.8094520305818,820.843485578708,827.415131540969,837.02454779949,858.10595902726,"seatird-stochastic_POP-1M_R0-2.1","seatird-stochastic","1M",2.1,"Network_2_Node",2,"Nodes: 2"
"../R0_sensitivity_analysis/Network_2_Node/seatird-stochastic_POP-1M_R0-2.3/simulation_times.csv",90,957.33078107242,955.390462283045,10.0047273335373,944.974344079476,950.285258935299,962.82927614823,975.489118259027,"seatird-stochastic_POP-1M_R0-2.3","seatird-stochastic","1M",2.3,"Network_2_Node",2,"Nodes: 2"
"../R0_sensitivity_analysis/Network_2_Node/seatird-stochastic_POP-1M_R0-2.5/simulation_times.csv",79,1088.01074100927,1086.21048261039,12.9429127035039,1074.61727254763,1079.6347339116,1092.14406848978,1109.43074079361,"seatird-stochastic_POP-1M_R0-2.5","seatird-stochastic","1M",2.5,"Network_2_Node",2,"Nodes: 2"
"../R0_sensitivity_analysis/Network_2_Node/seatird-stochastic_POP-1M_R0-2.7/simulation_times.csv",71,1209.83511648414,1206.21103543602,11.669461509563,1196.17342025042,1201.92763741035,1214.9754695436,1230.15584988613,"seatird-stochastic_POP-1M_R0-2.7","seatird-stochastic","1M",2.7,"Network_2_Node",2,"Nodes: 2"
"../R0_sensitivity_analysis/Network_2_Node/seatird-stochastic_POP-1M_R0-2.9/simulation_times.csv",63,1349.69908251146,1348.32626718283,13.2830009945209,1334.2688044915,1341.99594277982,1354.20964605268,1378.23509079441,"seatird-stochastic_POP-1M_R0-2.9","seatird-stochastic","1M",2.9,"Network_2_Node",2,"Nodes: 2"
"../R0_sensitivity_analysis/Network_2_Node/seatird-stochastic_POP-1M_R0-3.1/simulation_times.csv",58,1488.17362757978,1483.84706731793,14.4145713357907,1472.7547596436,1478.37121004611,1494.73550711758,1514.8637614646,"seatird-stochastic_POP-1M_R0-3.1","seatird-stochastic","1M",3.1,"Network_2_Node",2,"Nodes: 2"
"../R0_sensitivity_analysis/Network_2_Node/seatird-stochastic_POP-1M_R0-3.3/simulation_times.csv",53,1614.37020734691,1613.05072213896,10.6111109746423,1601.2198813729,1607.59827406891,1620.15425564162,1628.14321664572,"seatird-stochastic_POP-1M_R0-3.3","seatird-stochastic","1M",3.3,"Network_2_Node",2,"Nodes: 2"
"../R0_sensitivity_analysis/Network_2_Node/seatird-stochastic_POP-1M_R0-3.5/simulation_times.csv",49,1752.90512555032,1749.63810486905,13.0310916492916,1736.79748786353,1742.79716243036,1760.03845403157,1779.65519191958,"seatird-stochastic_POP-1M_R0-3.5","seatird-stochastic","1M",3.5,"Network_2_Node",2,"Nodes: 2"
"../R0_sensitivity_analysis/Network_2_Node/seatird-stochastic_POP-1M_R0-3.7/simulation_times.csv",45,1892.43745859977,1892.87916479819,10.5525564374362,1874.89587501623,1885.26795028523,1899.82963411696,1910.78662234619,"seatird-stochastic_POP-1M_R0-3.7","seatird-stochastic","1M",3.7,"Network_2_Node",2,"Nodes: 2"
"../R0_sensitivity_analysis/Network_2_Node/seatird-stochastic_POP-1M_R0-3.9/simulation_times.csv",42,2041.85124744027,2041.06004358176,8.55884922053662,2030.55380505575,2035.84808181785,2045.06693912204,2059.09737837417,"seatird-stochastic_POP-1M_R0-3.9","seatird-stochastic","1M",3.9,"Network_2_Node",2,"Nodes: 2"
"../R0_sensitivity_analysis/Network_2_Node/seatird-stochastic_POP-1M_R0-4.1/simulation_times.csv",39,2184.71188519398,2182.91613708809,8.17029436907569,2174.10715095047,2178.44286189415,2190.05860305205,2199.32791611925,"seatird-stochastic_POP-1M_R0-4.1","seatird-stochastic","1M",4.1,"Network_2_Node",2,"Nodes: 2"
"../R0_sensitivity_analysis/Network_2_Node/seir-deterministic_POP-1M_R0-0.5/simulation_times.csv",1000,7.97288973035291,4.7784239705652,9.97801602632009,3.40418916223571,3.99710322264582,6.37063093623146,39.0042266738601,"seir-deterministic_POP-1M_R0-0.5","seir-deterministic","1M",0.5,"Network_2_Node",2,"Nodes: 2"
"../R0_sensitivity_analysis/Network_2_Node/seir-deterministic_POP-1M_R0-0.7/simulation_times.csv",1000,8.43745656253956,4.946020713076,10.2191669843106,3.40510626789182,4.09261498646811,6.74038399104029,38.9698922162875,"seir-deterministic_POP-1M_R0-0.7","seir-deterministic","1M",0.7,"Network_2_Node",2,"Nodes: 2"
"../R0_sensitivity_analysis/Network_2_Node/seir-deterministic_POP-1M_R0-0.9/simulation_times.csv",1000,8.94503146009892,4.95310354419053,10.9117118241502,3.43904509712011,4.02832486387342,6.76878402661532,40.1660114364698,"seir-deterministic_POP-1M_R0-0.9","seir-deterministic","1M",0.9,"Network_2_Node",2,"Nodes: 2"
"../R0_sensitivity_analysis/Network_2_Node/seir-deterministic_POP-1M_R0-1.1/simulation_times.csv",1000,8.11992755433917,4.93594293389469,9.89317503055533,3.40100215030834,4.04562842939049,6.54478763975203,39.1137391475029,"seir-deterministic_POP-1M_R0-1.1","seir-deterministic","1M",1.1,"Network_2_Node",2,"Nodes: 2"
"../R0_sensitivity_analysis/Network_2_Node/seir-deterministic_POP-1M_R0-1.3/simulation_times.csv",1000,8.60603476841561,5.0404460709542,10.3971160091854,3.42569086411968,4.03706210898235,6.8896993030794,39.2322812054306,"seir-deterministic_POP-1M_R0-1.3","seir-deterministic","1M",1.3,"Network_2_Node",2,"Nodes: 2"
"../R0_sensitivity_analysis/Network_2_Node/seir-deterministic_POP-1M_R0-1.5/simulation_times.csv",1000,8.16099400485866,4.8378467047587,10.0253994781814,3.25914391437545,3.85141738411039,6.50504666939378,38.4863630321808,"seir-deterministic_POP-1M_R0-1.5","seir-deterministic","1M",1.5,"Network_2_Node",2,"Nodes: 2"
"../R0_sensitivity_analysis/Network_2_Node/seir-deterministic_POP-1M_R0-1.7/simulation_times.csv",1000,7.39547521173581,4.285270832479,9.11308756475371,2.90387823656201,3.50442810822278,5.89566636271775,35.5092499936,"seir-deterministic_POP-1M_R0-1.7","seir-deterministic","1M",1.7,"Network_2_Node",2,"Nodes: 2"
"../R0_sensitivity_analysis/Network_2_Node/seir-deterministic_POP-1M_R0-1.9/simulation_times.csv",1000,7.27249503437057,4.05449774023145,9.00470120172581,2.71104733170941,3.26617898233235,5.72591649508104,32.7609741383232,"seir-deterministic_POP-1M_R0-1.9","seir-deterministic","1M",1.9,"Network_2_Node",2,"Nodes: 2"
"../R0_sensitivity_analysis/Network_2_Node/seir-deterministic_POP-1M_R0-2.1/simulation_times.csv",1000,6.89809780902788,3.7259812746197,8.62394068999351,2.581163320411,3.07021557958797,5.45063999341801,31.8722409207374,"seir-deterministic_POP-1M_R0-2.1","seir-deterministic","1M",2.1,"Network_2_Node",2,"Nodes: 2"
"../R0_sensitivity_analysis/Network_2_Node/seir-deterministic_POP-1M_R0-2.3/simulation_times.csv",1000,5.89001833731309,3.30417614150792,7.29330938337573,2.37943215947598,2.76664742873982,4.4778826162219,28.4146950368769,"seir-deterministic_POP-1M_R0-2.3","seir-deterministic","1M",2.3,"Network_2_Node",2,"Nodes: 2"
"../R0_sensitivity_analysis/Network_2_Node/seir-deterministic_POP-1M_R0-2.5/simulation_times.csv",1000,5.98851871534623,3.26353104412556,7.49560758474541,2.25567250736058,2.65401987731457,4.69054003199562,27.2893449197523,"seir-deterministic_POP-1M_R0-2.5","seir-deterministic","1M",2.5,"Network_2_Node",2,"Nodes: 2"
"../R0_sensitivity_analysis/Network_2_Node/seir-deterministic_POP-1M_R0-2.7/simulation_times.csv",1000,5.53632937002741,3.139489707537,6.75579089318121,2.17961840480566,2.56155784055591,4.4024199382402,25.4965302263387,"seir-deterministic_POP-1M_R0-2.7","seir-deterministic","1M",2.7,"Network_2_Node",2,"Nodes: 2"
"../R0_sensitivity_analysis/Network_2_Node/seir-deterministic_POP-1M_R0-2.9/simulation_times.csv",1000,5.19830655383877,3.07391600310802,6.30880306541823,2.22059189174324,2.55144553259015,4.19216410024092,24.8254878100008,"seir-deterministic_POP-1M_R0-2.9","seir-deterministic","1M",2.9,"Network_2_Node",2,"Nodes: 2"
"../R0_sensitivity_analysis/Network_2_Node/seir-deterministic_POP-1M_R0-3.1/simulation_times.csv",1000,5.58463992299512,2.98592896666378,6.79617031173386,2.06883914945647,2.44263090612367,4.40913152415305,24.9695050218143,"seir-deterministic_POP-1M_R0-3.1","seir-deterministic","1M",3.1,"Network_2_Node",2,"Nodes: 2"
"../R0_sensitivity_analysis/Network_2_Node/seir-deterministic_POP-1M_R0-3.3/simulation_times.csv",1000,4.66913932691701,2.70385999698192,5.79897139694238,1.99601491289213,2.28072264743969,3.70915180677548,23.0440926262177,"seir-deterministic_POP-1M_R0-3.3","seir-deterministic","1M",3.3,"Network_2_Node",2,"Nodes: 2"
"../R0_sensitivity_analysis/Network_2_Node/seir-deterministic_POP-1M_R0-3.5/simulation_times.csv",1000,4.64331007252261,2.70565513428301,5.65970674907911,1.98563755564392,2.30881880782545,3.67920207651332,22.7246358895674,"seir-deterministic_POP-1M_R0-3.5","seir-deterministic","1M",3.5,"Network_2_Node",2,"Nodes: 2"
"../R0_sensitivity_analysis/Network_2_Node/seir-deterministic_POP-1M_R0-3.7/simulation_times.csv",1000,5.04745182636939,2.71137503907084,6.45573682498713,1.92563949469477,2.23985430458561,3.77012656256557,23.4558428036049,"seir-deterministic_POP-1M_R0-3.7","seir-deterministic","1M",3.7,"Network_2_Node",2,"Nodes: 2"
"../R0_sensitivity_analysis/Network_2_Node/seir-deterministic_POP-1M_R0-3.9/simulation_times.csv",1000,4.74885083597712,2.78542243782431,5.79918192892676,1.94927128385752,2.27137420978397,3.71297286404297,22.5243520207703,"seir-deterministic_POP-1M_R0-3.9","seir-deterministic","1M",3.9,"Network_2_Node",2,"Nodes: 2"
"../R0_sensitivity_analysis/Network_2_Node/seir-deterministic_POP-1M_R0-4.1/simulation_times.csv",1000,4.78204780627787,2.63671132270247,5.9800945570154,1.90311455875635,2.23889366351068,3.62169121718034,22.5644659447484,"seir-deterministic_POP-1M_R0-4.1","seir-deterministic","1M",4.1,"Network_2_Node",2,"Nodes: 2"
"../R0_sensitivity_analysis/Network_2_Node/seirs-deterministic_POP-1M_R0-0.5/simulation_times.csv",1000,8.36722261881828,5.07692013680935,9.94899563208137,3.34811866050586,4.07648196863011,6.83183089783415,38.2706717156805,"seirs-deterministic_POP-1M_R0-0.5","seirs-deterministic","1M",0.5,"Network_2_Node",2,"Nodes: 2"
"../R0_sensitivity_analysis/Network_2_Node/seirs-deterministic_POP-1M_R0-0.7/simulation_times.csv",1000,8.81585470572673,5.09346632938832,10.5940502229476,3.52957488745451,4.20352933136746,7.10417195223272,39.2360133447684,"seirs-deterministic_POP-1M_R0-0.7","seirs-deterministic","1M",0.7,"Network_2_Node",2,"Nodes: 2"
"../R0_sensitivity_analysis/Network_2_Node/seirs-deterministic_POP-1M_R0-0.9/simulation_times.csv",1000,8.86016662781686,5.27077355980873,10.4179994754817,3.56184485564008,4.26453601103276,7.11292324075475,38.9248649155721,"seirs-deterministic_POP-1M_R0-0.9","seirs-deterministic","1M",0.9,"Network_2_Node",2,"Nodes: 2"
"../R0_sensitivity_analysis/Network_2_Node/seirs-deterministic_POP-1M_R0-1.1/simulation_times.csv",1000,8.26855921037681,4.90284229442477,10.0813322360968,3.44068997502327,4.08551875734702,6.50154951261356,39.3297792316414,"seirs-deterministic_POP-1M_R0-1.1","seirs-deterministic","1M",1.1,"Network_2_Node",2,"Nodes: 2"
"../R0_sensitivity_analysis/Network_2_Node/seirs-deterministic_POP-1M_R0-1.3/simulation_times.csv",1000,8.25707020397857,4.92731607332826,9.98824924046986,3.46075449995697,4.10443751933053,6.86564645729959,38.499490630161,"seirs-deterministic_POP-1M_R0-1.3","seirs-deterministic","1M",1.3,"Network_2_Node",2,"Nodes: 2"
"../R0_sensitivity_analysis/Network_2_Node/seirs-deterministic_POP-1M_R0-1.5/simulation_times.csv",1000,8.31196627974883,5.2311652218923,9.68737879205044,3.5192983660847,4.27718215575442,6.9879374364391,37.6125127222389,"seirs-deterministic_POP-1M_R0-1.5","seirs-deterministic","1M",1.5,"Network_2_Node",2,"Nodes: 2"
"../R0_sensitivity_analysis/Network_2_Node/seirs-deterministic_POP-1M_R0-1.7/simulation_times.csv",1000,8.39132982014865,4.96945187449455,10.2477540261669,3.47744290921837,4.2158011063002,6.64936072891578,38.8516048549674,"seirs-deterministic_POP-1M_R0-1.7","seirs-deterministic","1M",1.7,"Network_2_Node",2,"Nodes: 2"
"../R0_sensitivity_analysis/Network_2_Node/seirs-deterministic_POP-1M_R0-1.9/simulation_times.csv",1000,8.55978200362995,5.23058511130512,10.2236082470223,3.49352467563003,4.2449395917356,7.07272695284337,39.7235539603978,"seirs-deterministic_POP-1M_R0-1.9","seirs-deterministic","1M",1.9,"Network_2_Node",2,"Nodes: 2"
"../R0_sensitivity_analysis/Network_2_Node/seirs-deterministic_POP-1M_R0-2.1/simulation_times.csv",1000,8.70832416360639,5.12732861377299,10.4738496075426,3.50911439117044,4.21159273898229,6.87676621275023,40.1223182963207,"seirs-deterministic_POP-1M_R0-2.1","seirs-deterministic","1M",2.1,"Network_2_Node",2,"Nodes: 2"
"../R0_sensitivity_analysis/Network_2_Node/seirs-deterministic_POP-1M_R0-2.3/simulation_times.csv",1000,8.42993943610974,5.1130622876808,9.94953975362677,3.48517681788653,4.15568109694868,6.97917811200023,38.1139743471518,"seirs-deterministic_POP-1M_R0-2.3","seirs-deterministic","1M",2.3,"Network_2_Node",2,"Nodes: 2"
"../R0_sensitivity_analysis/Network_2_Node/seirs-deterministic_POP-1M_R0-2.5/simulation_times.csv",1000,8.41954713630117,5.10615002550185,10.3140897286088,3.48809962747619,4.13760631764308,6.67198585066944,40.226217508316,"seirs-deterministic_POP-1M_R0-2.5","seirs-deterministic","1M",2.5,"Network_2_Node",2,"Nodes: 2"
"../R0_sensitivity_analysis/Network_2_Node/seirs-deterministic_POP-1M_R0-2.7/simulation_times.csv",1000,9.0919203424193,5.3033102741465,10.62508008639,3.52792176669463,4.28331062057987,7.15927299950272,39.4143634594977,"seirs-deterministic_POP-1M_R0-2.7","seirs-deterministic","1M",2.7,"Network_2_Node",2,"Nodes: 2"
"../R0_sensitivity_analysis/Network_2_Node/seirs-deterministic_POP-1M_R0-2.9/simulation_times.csv",1000,8.67685564927943,5.10287060588598,10.4702480961864,3.46696666749194,4.1755966343917,6.85593575518578,40.2764554133639,"seirs-deterministic_POP-1M_R0-2.9","seirs-deterministic","1M",2.9,"Network_2_Node",2,"Nodes: 2"
"../R0_sensitivity_analysis/Network_2_Node/seirs-deterministic_POP-1M_R0-3.1/simulation_times.csv",1000,8.5848061767593,5.36059515178204,10.0175141171852,3.60633259620518,4.27733525028452,7.14194603217766,39.7157435389236,"seirs-deterministic_POP-1M_R0-3.1","seirs-deterministic","1M",3.1,"Network_2_Node",2,"Nodes: 2"
"../R0_sensitivity_analysis/Network_2_Node/seirs-deterministic_POP-1M_R0-3.3/simulation_times.csv",1000,9.05169610855356,5.26923626102507,10.5871902880108,3.5832413139753,4.3248341307044,7.30922300042585,39.7937025833875,"seirs-deterministic_POP-1M_R0-3.3","seirs-deterministic","1M",3.3,"Network_2_Node",2,"Nodes: 2"
"../R0_sensitivity_analysis/Network_2_Node/seirs-deterministic_POP-1M_R0-3.5/simulation_times.csv",1000,8.55188603612781,5.11675147898495,10.2792502556436,3.50476832315326,4.19023053813726,6.92267868900672,39.7936120194383,"seirs-deterministic_POP-1M_R0-3.5","seirs-deterministic","1M",3.5,"Network_2_Node",2,"Nodes: 2"
"../R0_sensitivity_analysis/Network_2_Node/seirs-deterministic_POP-1M_R0-3.7/simulation_times.csv",1000,8.3819069072362,5.17958796210587,9.78297266071714,3.57148689236492,4.22720405692235,6.98855329630896,39.1377960062586,"seirs-deterministic_POP-1M_R0-3.7","seirs-deterministic","1M",3.7,"Network_2_Node",2,"Nodes: 2"
"../R0_sensitivity_analysis/Network_2_Node/seirs-deterministic_POP-1M_R0-3.9/simulation_times.csv",1000,8.85605014095455,5.08644061814994,10.681400301803,3.57683294275776,4.22873304318637,6.9030168838799,40.0259436490945,"seirs-deterministic_POP-1M_R0-3.9","seirs-deterministic","1M",3.9,"Network_2_Node",2,"Nodes: 2"
"../R0_sensitivity_analysis/Network_2_Node/seirs-deterministic_POP-1M_R0-4.1/simulation_times.csv",1000,8.74116309899092,5.27873358502984,10.1847724522986,3.52890520114452,4.29578733164817,7.16109948139638,39.053939684201,"seirs-deterministic_POP-1M_R0-4.1","seirs-deterministic","1M",4.1,"Network_2_Node",2,"Nodes: 2"
