fips,age_group,pop,STATE_NAME,COUNTY_NAME
01001,0-4,3430,Alabama,Autauga County
01001,18-49,24116,Alabama,Autauga County
01001,5-17,10496,Alabama,Autauga County
01001,50-64,11769,Alabama,Autauga County
01001,65+,9474,Alabama,Autauga County
01003,0-4,12448,Alabama,Baldwin County
01003,18-49,87325,Alabama,Baldwin County
01003,5-17,38680,Alabama,Baldwin County
01003,50-64,50166,Alabama,Baldwin County
01003,65+,51326,Alabama,Baldwin County
01005,0-4,1380,Alabama,Barbour County
01005,18-49,9878,Alabama,Barbour County
01005,5-17,3801,Alabama,Barbour County
01005,50-64,4817,Alabama,Barbour County
01005,65+,4881,Alabama,Barbour County
01007,0-4,1069,Alabama,Bibb County
01007,18-49,9483,Alabama,Bibb County
01007,5-17,3389,Alabama,Bibb County
01007,50-64,4455,Alabama,Bibb County
01007,65+,3756,Alabama,Bibb County
01009,0-4,3397,Alabama,Blount County
01009,18-49,22508,Alabama,Blount County
01009,5-17,10341,Alabama,Blount County
01009,50-64,12027,Alabama,Blount County
01009,65+,11019,Alabama,Blount County
01011,0-4,552,Alabama,Bullock County
01011,18-49,4166,Alabama,Bullock County
01011,5-17,1553,Alabama,Bullock County
01011,50-64,2069,Alabama,Bullock County
01011,65+,1817,Alabama,Bullock County
01013,0-4,1066,Alabama,Butler County
01013,18-49,6923,Alabama,Butler County
01013,5-17,3153,Alabama,Butler County
01013,50-64,3639,Alabama,Butler County
01013,65+,4026,Alabama,Butler County
01015,0-4,6504,Alabama,Calhoun County
01015,18-49,48197,Alabama,Calhoun County
01015,5-17,18325,Alabama,Calhoun County
01015,50-64,22176,Alabama,Calhoun County
01015,65+,20939,Alabama,Calhoun County
01017,0-4,1985,Alabama,Chambers County
01017,18-49,13040,Alabama,Chambers County
01017,5-17,5156,Alabama,Chambers County
01017,50-64,7385,Alabama,Chambers County
01017,65+,6884,Alabama,Chambers County
01019,0-4,1178,Alabama,Cherokee County
01019,18-49,8673,Alabama,Cherokee County
01019,5-17,3569,Alabama,Cherokee County
01019,50-64,5801,Alabama,Cherokee County
01019,65+,6003,Alabama,Cherokee County
01021,0-4,2758,Alabama,Chilton County
01021,18-49,17821,Alabama,Chilton County
01021,5-17,8208,Alabama,Chilton County
01021,50-64,9027,Alabama,Chilton County
01021,65+,7686,Alabama,Chilton County
01023,0-4,674,Alabama,Choctaw County
01023,18-49,4297,Alabama,Choctaw County
01023,5-17,1818,Alabama,Choctaw County
01023,50-64,2754,Alabama,Choctaw County
01023,65+,2982,Alabama,Choctaw County
01025,0-4,1336,Alabama,Clarke County
01025,18-49,8405,Alabama,Clarke County
01025,5-17,3614,Alabama,Clarke County
01025,50-64,4745,Alabama,Clarke County
01025,65+,4702,Alabama,Clarke County
01027,0-4,744,Alabama,Clay County
01027,18-49,5197,Alabama,Clay County
01027,5-17,2188,Alabama,Clay County
01027,50-64,3149,Alabama,Clay County
01027,65+,2910,Alabama,Clay County
01029,0-4,900,Alabama,Cleburne County
01029,18-49,5658,Alabama,Cleburne County
01029,5-17,2427,Alabama,Cleburne County
01029,50-64,3152,Alabama,Cleburne County
01029,65+,3117,Alabama,Cleburne County
01031,0-4,3339,Alabama,Coffee County
01031,18-49,21908,Alabama,Coffee County
01031,5-17,9706,Alabama,Coffee County
01031,50-64,10001,Alabama,Coffee County
01031,65+,9277,Alabama,Coffee County
01033,0-4,3246,Alabama,Colbert County
01033,18-49,21846,Alabama,Colbert County
01033,5-17,9065,Alabama,Colbert County
01033,50-64,11891,Alabama,Colbert County
01033,65+,11600,Alabama,Colbert County
01035,0-4,608,Alabama,Conecuh County
01035,18-49,3910,Alabama,Conecuh County
01035,5-17,1697,Alabama,Conecuh County
01035,50-64,2422,Alabama,Conecuh County
01035,65+,2774,Alabama,Conecuh County
01037,0-4,496,Alabama,Coosa County
01037,18-49,3330,Alabama,Coosa County
01037,5-17,1246,Alabama,Coosa County
01037,50-64,2693,Alabama,Coosa County
01037,65+,2558,Alabama,Coosa County
01039,0-4,2185,Alabama,Covington County
01039,18-49,13418,Alabama,Covington County
01039,5-17,6134,Alabama,Covington County
01039,50-64,7662,Alabama,Covington County
01039,65+,8248,Alabama,Covington County
01041,0-4,714,Alabama,Crenshaw County
01041,18-49,4755,Alabama,Crenshaw County
01041,5-17,2302,Alabama,Crenshaw County
01041,50-64,2755,Alabama,Crenshaw County
01041,65+,2618,Alabama,Crenshaw County
01043,0-4,5217,Alabama,Cullman County
01043,18-49,34426,Alabama,Cullman County
01043,5-17,14915,Alabama,Cullman County
01043,50-64,17961,Alabama,Cullman County
01043,65+,16944,Alabama,Cullman County
01045,0-4,3295,Alabama,Dale County
01045,18-49,19930,Alabama,Dale County
01045,5-17,8223,Alabama,Dale County
01045,50-64,9176,Alabama,Dale County
01045,65+,8892,Alabama,Dale County
01047,0-4,2226,Alabama,Dallas County
01047,18-49,13595,Alabama,Dallas County
01047,5-17,6720,Alabama,Dallas County
01047,50-64,7572,Alabama,Dallas County
01047,65+,7423,Alabama,Dallas County
01049,0-4,4250,Alabama,DeKalb County
01049,18-49,27913,Alabama,DeKalb County
01049,5-17,13192,Alabama,DeKalb County
01049,50-64,14084,Alabama,DeKalb County
01049,65+,12507,Alabama,DeKalb County
01051,0-4,4782,Alabama,Elmore County
01051,18-49,37364,Alabama,Elmore County
01051,5-17,14473,Alabama,Elmore County
01051,50-64,17806,Alabama,Elmore County
01051,65+,14244,Alabama,Elmore County
01053,0-4,2138,Alabama,Escambia County
01053,18-49,14365,Alabama,Escambia County
01053,5-17,6215,Alabama,Escambia County
01053,50-64,7063,Alabama,Escambia County
01053,65+,6914,Alabama,Escambia County
01055,0-4,5947,Alabama,Etowah County
01055,18-49,39631,Alabama,Etowah County
01055,5-17,16540,Alabama,Etowah County
01055,50-64,20971,Alabama,Etowah County
01055,65+,20119,Alabama,Etowah County
01057,0-4,786,Alabama,Fayette County
01057,18-49,5969,Alabama,Fayette County
01057,5-17,2666,Alabama,Fayette County
01057,50-64,3257,Alabama,Fayette County
01057,65+,3495,Alabama,Fayette County
01059,0-4,2162,Alabama,Franklin County
01059,18-49,12241,Alabama,Franklin County
01059,5-17,5863,Alabama,Franklin County
01059,50-64,6219,Alabama,Franklin County
01059,65+,5493,Alabama,Franklin County
01061,0-4,1434,Alabama,Geneva County
01061,18-49,9491,Alabama,Geneva County
01061,5-17,4476,Alabama,Geneva County
01061,50-64,5869,Alabama,Geneva County
01061,65+,5456,Alabama,Geneva County
01063,0-4,307,Alabama,Greene County
01063,18-49,2606,Alabama,Greene County
01063,5-17,1315,Alabama,Greene County
01063,50-64,1543,Alabama,Greene County
01063,65+,1818,Alabama,Greene County
01065,0-4,969,Alabama,Hale County
01065,18-49,5406,Alabama,Hale County
01065,5-17,2546,Alabama,Hale County
01065,50-64,2892,Alabama,Hale County
01065,65+,2936,Alabama,Hale County
01067,0-4,848,Alabama,Henry County
01067,18-49,6241,Alabama,Henry County
01067,5-17,2722,Alabama,Henry County
01067,50-64,3566,Alabama,Henry County
01067,65+,4073,Alabama,Henry County
01069,0-4,6706,Alabama,Houston County
01069,18-49,41961,Alabama,Houston County
01069,5-17,18106,Alabama,Houston County
01069,50-64,21066,Alabama,Houston County
01069,65+,19789,Alabama,Houston County
01071,0-4,2773,Alabama,Jackson County
01071,18-49,19679,Alabama,Jackson County
01071,5-17,8210,Alabama,Jackson County
01071,50-64,11173,Alabama,Jackson County
01071,65+,11004,Alabama,Jackson County
01073,0-4,41493,Alabama,Jefferson County
01073,18-49,282349,Alabama,Jefferson County
01073,5-17,112597,Alabama,Jefferson County
01073,50-64,123123,Alabama,Jefferson County
01073,65+,110182,Alabama,Jefferson County
01075,0-4,919,Alabama,Lamar County
01075,18-49,4823,Alabama,Lamar County
01075,5-17,2166,Alabama,Lamar County
01075,50-64,2838,Alabama,Lamar County
01075,65+,3063,Alabama,Lamar County
01077,0-4,4764,Alabama,Lauderdale County
01077,18-49,38850,Alabama,Lauderdale County
01077,5-17,13784,Alabama,Lauderdale County
01077,50-64,18467,Alabama,Lauderdale County
01077,65+,19172,Alabama,Lauderdale County
01079,0-4,1802,Alabama,Lawrence County
01079,18-49,12289,Alabama,Lawrence County
01079,5-17,5420,Alabama,Lawrence County
01079,50-64,7443,Alabama,Lawrence County
01079,65+,6228,Alabama,Lawrence County
01081,0-4,9726,Alabama,Lee County
01081,18-49,87046,Alabama,Lee County
01081,5-17,27841,Alabama,Lee County
01081,50-64,30080,Alabama,Lee County
01081,65+,22970,Alabama,Lee County
01083,0-4,5887,Alabama,Limestone County
01083,18-49,44455,Alabama,Limestone County
01083,5-17,18066,Alabama,Limestone County
01083,50-64,22625,Alabama,Limestone County
01083,65+,16544,Alabama,Limestone County
01085,0-4,575,Alabama,Lowndes County
01085,18-49,3564,Alabama,Lowndes County
01085,5-17,1624,Alabama,Lowndes County
01085,50-64,2238,Alabama,Lowndes County
01085,65+,2007,Alabama,Lowndes County
01087,0-4,920,Alabama,Macon County
01087,18-49,8557,Alabama,Macon County
01087,5-17,2024,Alabama,Macon County
01087,50-64,3523,Alabama,Macon County
01087,65+,3927,Alabama,Macon County
01089,0-4,22629,Alabama,Madison County
01089,18-49,168445,Alabama,Madison County
01089,5-17,63725,Alabama,Madison County
01089,50-64,80940,Alabama,Madison County
01089,65+,61396,Alabama,Madison County
01091,0-4,1194,Alabama,Marengo County
01091,18-49,7209,Alabama,Marengo County
01091,5-17,3092,Alabama,Marengo County
01091,50-64,3690,Alabama,Marengo County
01091,65+,3842,Alabama,Marengo County
01093,0-4,1539,Alabama,Marion County
01093,18-49,10605,Alabama,Marion County
01093,5-17,4636,Alabama,Marion County
01093,50-64,6253,Alabama,Marion County
01093,65+,6157,Alabama,Marion County
01095,0-4,7177,Alabama,Marshall County
01095,18-49,37408,Alabama,Marshall County
01095,5-17,18354,Alabama,Marshall County
01095,50-64,19017,Alabama,Marshall County
01095,65+,16756,Alabama,Marshall County
01097,0-4,26371,Alabama,Mobile County
01097,18-49,167986,Alabama,Mobile County
01097,5-17,70305,Alabama,Mobile County
01097,50-64,78392,Alabama,Mobile County
01097,65+,70108,Alabama,Mobile County
01099,0-4,678,Alabama,Monroe County
01099,18-49,7146,Alabama,Monroe County
01099,5-17,3476,Alabama,Monroe County
01099,50-64,4137,Alabama,Monroe County
01099,65+,4143,Alabama,Monroe County
01101,0-4,15396,Alabama,Montgomery County
01101,18-49,95045,Alabama,Montgomery County
01101,5-17,39312,Alabama,Montgomery County
01101,50-64,41482,Alabama,Montgomery County
01101,65+,35962,Alabama,Montgomery County
01103,0-4,7548,Alabama,Morgan County
01103,18-49,47782,Alabama,Morgan County
01103,5-17,21336,Alabama,Morgan County
01103,50-64,24953,Alabama,Morgan County
01103,65+,22123,Alabama,Morgan County
01105,0-4,522,Alabama,Perry County
01105,18-49,3220,Alabama,Perry County
01105,5-17,1231,Alabama,Perry County
01105,50-64,1527,Alabama,Perry County
01105,65+,1731,Alabama,Perry County
01107,0-4,944,Alabama,Pickens County
01107,18-49,7574,Alabama,Pickens County
01107,5-17,2695,Alabama,Pickens County
01107,50-64,3955,Alabama,Pickens County
01107,65+,3675,Alabama,Pickens County
01109,0-4,1648,Alabama,Pike County
01109,18-49,16186,Alabama,Pike County
01109,5-17,4649,Alabama,Pike County
01109,50-64,5380,Alabama,Pike County
01109,65+,5090,Alabama,Pike County
01111,0-4,1123,Alabama,Randolph County
01111,18-49,8190,Alabama,Randolph County
01111,5-17,3551,Alabama,Randolph County
01111,50-64,4820,Alabama,Randolph County
01111,65+,4626,Alabama,Randolph County
01113,0-4,3945,Alabama,Russell County
01113,18-49,24125,Alabama,Russell County
01113,5-17,10361,Alabama,Russell County
01113,50-64,11479,Alabama,Russell County
01113,65+,8948,Alabama,Russell County
01115,0-4,5099,Alabama,St. Clair County
01115,18-49,36947,Alabama,St. Clair County
01115,5-17,15716,Alabama,St. Clair County
01115,50-64,18856,Alabama,St. Clair County
01115,65+,16285,Alabama,St. Clair County
01117,0-4,12151,Alabama,Shelby County
01117,18-49,93104,Alabama,Shelby County
01117,5-17,40074,Alabama,Shelby County
01117,50-64,44437,Alabama,Shelby County
01117,65+,37189,Alabama,Shelby County
01119,0-4,661,Alabama,Sumter County
01119,18-49,5350,Alabama,Sumter County
01119,5-17,1650,Alabama,Sumter County
01119,50-64,2047,Alabama,Sumter County
01119,65+,2312,Alabama,Sumter County
01121,0-4,4346,Alabama,Talladega County
01121,18-49,32006,Alabama,Talladega County
01121,5-17,12537,Alabama,Talladega County
01121,50-64,16924,Alabama,Talladega County
01121,65+,15357,Alabama,Talladega County
01123,0-4,2140,Alabama,Tallapoosa County
01123,18-49,14315,Alabama,Tallapoosa County
01123,5-17,6243,Alabama,Tallapoosa County
01123,50-64,9030,Alabama,Tallapoosa County
01123,65+,9342,Alabama,Tallapoosa County
01125,0-4,12970,Alabama,Tuscaloosa County
01125,18-49,115708,Alabama,Tuscaloosa County
01125,5-17,35449,Alabama,Tuscaloosa County
01125,50-64,37740,Alabama,Tuscaloosa County
01125,65+,32169,Alabama,Tuscaloosa County
01127,0-4,3705,Alabama,Walker County
01127,18-49,24045,Alabama,Walker County
01127,5-17,11012,Alabama,Walker County
01127,50-64,13428,Alabama,Walker County
01127,65+,12696,Alabama,Walker County
01129,0-4,842,Alabama,Washington County
01129,18-49,5450,Alabama,Washington County
01129,5-17,2318,Alabama,Washington County
01129,50-64,3538,Alabama,Washington County
01129,65+,3122,Alabama,Washington County
01131,0-4,634,Alabama,Wilcox County
01131,18-49,3821,Alabama,Wilcox County
01131,5-17,1695,Alabama,Wilcox County
01131,50-64,1983,Alabama,Wilcox County
01131,65+,2214,Alabama,Wilcox County
01133,0-4,1220,Alabama,Winston County
01133,18-49,8337,Alabama,Winston County
01133,5-17,3595,Alabama,Winston County
01133,50-64,5315,Alabama,Winston County
01133,65+,5170,Alabama,Winston County
02013,0-4,106,Alaska,Aleutians East Borough
02013,18-49,1762,Alaska,Aleutians East Borough
02013,5-17,304,Alaska,Aleutians East Borough
02013,50-64,858,Alaska,Aleutians East Borough
02013,65+,393,Alaska,Aleutians East Borough
02016,0-4,119,Alaska,Aleutians West Census Area
02016,18-49,2804,Alaska,Aleutians West Census Area
02016,5-17,564,Alaska,Aleutians West Census Area
02016,50-64,1361,Alaska,Aleutians West Census Area
02016,65+,330,Alaska,Aleutians West Census Area
02020,0-4,18776,Alaska,Anchorage Municipality
02020,18-49,134108,Alaska,Anchorage Municipality
02020,5-17,49878,Alaska,Anchorage Municipality
02020,50-64,50371,Alaska,Anchorage Municipality
02020,65+,35936,Alaska,Anchorage Municipality
02050,0-4,1957,Alaska,Bethel Census Area
02050,18-49,7696,Alaska,Bethel Census Area
02050,5-17,4483,Alaska,Bethel Census Area
02050,50-64,2869,Alaska,Bethel Census Area
02050,65+,1482,Alaska,Bethel Census Area
02060,0-4,64,Alaska,Bristol Bay Borough
02060,18-49,369,Alaska,Bristol Bay Borough
02060,5-17,82,Alaska,Bristol Bay Borough
02060,50-64,242,Alaska,Bristol Bay Borough
02060,65+,121,Alaska,Bristol Bay Borough
02063,0-4,462,Alaska,Chugach Census Area
02063,18-49,2986,Alaska,Chugach Census Area
02063,5-17,1066,Alaska,Chugach Census Area
02063,50-64,1539,Alaska,Chugach Census Area
02063,65+,911,Alaska,Chugach Census Area
02066,0-4,180,Alaska,Copper River Census Area
02066,18-49,764,Alaska,Copper River Census Area
02066,5-17,505,Alaska,Copper River Census Area
02066,50-64,600,Alaska,Copper River Census Area
02066,65+,577,Alaska,Copper River Census Area
02068,0-4,79,Alaska,Denali Borough
02068,18-49,1138,Alaska,Denali Borough
02068,5-17,189,Alaska,Denali Borough
02068,50-64,347,Alaska,Denali Borough
02068,65+,276,Alaska,Denali Borough
02070,0-4,414,Alaska,Dillingham Census Area
02070,18-49,1921,Alaska,Dillingham Census Area
02070,5-17,1061,Alaska,Dillingham Census Area
02070,50-64,790,Alaska,Dillingham Census Area
02070,65+,594,Alaska,Dillingham Census Area
02090,0-4,6778,Alaska,Fairbanks North Star Borough
02090,18-49,46159,Alaska,Fairbanks North Star Borough
02090,5-17,16100,Alaska,Fairbanks North Star Borough
02090,50-64,14833,Alaska,Fairbanks North Star Borough
02090,65+,11685,Alaska,Fairbanks North Star Borough
02100,0-4,61,Alaska,Haines Borough
02100,18-49,484,Alaska,Haines Borough
02100,5-17,395,Alaska,Haines Borough
02100,50-64,580,Alaska,Haines Borough
02100,65+,557,Alaska,Haines Borough
02105,0-4,83,Alaska,Hoonah-Angoon Census Area
02105,18-49,756,Alaska,Hoonah-Angoon Census Area
02105,5-17,269,Alaska,Hoonah-Angoon Census Area
02105,50-64,572,Alaska,Hoonah-Angoon Census Area
02105,65+,633,Alaska,Hoonah-Angoon Census Area
02110,0-4,1586,Alaska,Juneau City and Borough
02110,18-49,14156,Alaska,Juneau City and Borough
02110,5-17,4911,Alaska,Juneau City and Borough
02110,50-64,6476,Alaska,Juneau City and Borough
02110,65+,4840,Alaska,Juneau City and Borough
02122,0-4,3385,Alaska,Kenai Peninsula Borough
02122,18-49,22751,Alaska,Kenai Peninsula Borough
02122,5-17,9904,Alaska,Kenai Peninsula Borough
02122,50-64,12225,Alaska,Kenai Peninsula Borough
02122,65+,11578,Alaska,Kenai Peninsula Borough
02130,0-4,654,Alaska,Ketchikan Gateway Borough
02130,18-49,5668,Alaska,Ketchikan Gateway Borough
02130,5-17,2226,Alaska,Ketchikan Gateway Borough
02130,50-64,2924,Alaska,Ketchikan Gateway Borough
02130,65+,2398,Alaska,Ketchikan Gateway Borough
02150,0-4,724,Alaska,Kodiak Island Borough
02150,18-49,6034,Alaska,Kodiak Island Borough
02150,5-17,2348,Alaska,Kodiak Island Borough
02150,50-64,2150,Alaska,Kodiak Island Borough
02150,65+,1622,Alaska,Kodiak Island Borough
02158,0-4,1074,Alaska,Kusilvak Census Area
02158,18-49,3170,Alaska,Kusilvak Census Area
02158,5-17,2385,Alaska,Kusilvak Census Area
02158,50-64,1117,Alaska,Kusilvak Census Area
02158,65+,531,Alaska,Kusilvak Census Area
02164,0-4,72,Alaska,Lake and Peninsula Borough
02164,18-49,489,Alaska,Lake and Peninsula Borough
02164,5-17,203,Alaska,Lake and Peninsula Borough
02164,50-64,142,Alaska,Lake and Peninsula Borough
02164,65+,101,Alaska,Lake and Peninsula Borough
02170,0-4,7044,Alaska,Matanuska-Susitna Borough
02170,18-49,46654,Alaska,Matanuska-Susitna Borough
02170,5-17,21675,Alaska,Matanuska-Susitna Borough
02170,50-64,20591,Alaska,Matanuska-Susitna Borough
02170,65+,14713,Alaska,Matanuska-Susitna Borough
02180,0-4,858,Alaska,Nome Census Area
02180,18-49,4250,Alaska,Nome Census Area
02180,5-17,2511,Alaska,Nome Census Area
02180,50-64,1470,Alaska,Nome Census Area
02180,65+,836,Alaska,Nome Census Area
02185,0-4,636,Alaska,North Slope Borough
02185,18-49,5152,Alaska,North Slope Borough
02185,5-17,2078,Alaska,North Slope Borough
02185,50-64,2167,Alaska,North Slope Borough
02185,65+,858,Alaska,North Slope Borough
02188,0-4,788,Alaska,Northwest Arctic Borough
02188,18-49,2976,Alaska,Northwest Arctic Borough
02188,5-17,2073,Alaska,Northwest Arctic Borough
02188,50-64,1135,Alaska,Northwest Arctic Borough
02188,65+,639,Alaska,Northwest Arctic Borough
02195,0-4,154,Alaska,Petersburg Borough
02195,18-49,1266,Alaska,Petersburg Borough
02195,5-17,498,Alaska,Petersburg Borough
02195,50-64,730,Alaska,Petersburg Borough
02195,65+,746,Alaska,Petersburg Borough
02198,0-4,299,Alaska,Prince of Wales-Hyder Census Area
02198,18-49,1995,Alaska,Prince of Wales-Hyder Census Area
02198,5-17,926,Alaska,Prince of Wales-Hyder Census Area
02198,50-64,1346,Alaska,Prince of Wales-Hyder Census Area
02198,65+,1164,Alaska,Prince of Wales-Hyder Census Area
02220,0-4,385,Alaska,Sitka City and Borough
02220,18-49,3587,Alaska,Sitka City and Borough
02220,5-17,1262,Alaska,Sitka City and Borough
02220,50-64,1710,Alaska,Sitka City and Borough
02220,65+,1449,Alaska,Sitka City and Borough
02230,0-4,65,Alaska,Skagway Municipality
02230,18-49,625,Alaska,Skagway Municipality
02230,5-17,112,Alaska,Skagway Municipality
02230,50-64,273,Alaska,Skagway Municipality
02230,65+,233,Alaska,Skagway Municipality
02240,0-4,500,Alaska,Southeast Fairbanks Census Area
02240,18-49,2678,Alaska,Southeast Fairbanks Census Area
02240,5-17,1251,Alaska,Southeast Fairbanks Census Area
02240,50-64,1408,Alaska,Southeast Fairbanks Census Area
02240,65+,1099,Alaska,Southeast Fairbanks Census Area
02275,0-4,137,Alaska,Wrangell City and Borough
02275,18-49,738,Alaska,Wrangell City and Borough
02275,5-17,296,Alaska,Wrangell City and Borough
02275,50-64,432,Alaska,Wrangell City and Borough
02275,65+,503,Alaska,Wrangell City and Borough
02282,0-4,29,Alaska,Yakutat City and Borough
02282,18-49,174,Alaska,Yakutat City and Borough
02282,5-17,37,Alaska,Yakutat City and Borough
02282,50-64,126,Alaska,Yakutat City and Borough
02282,65+,140,Alaska,Yakutat City and Borough
02290,0-4,356,Alaska,Yukon-Koyukuk Census Area
02290,18-49,2014,Alaska,Yukon-Koyukuk Census Area
02290,5-17,1041,Alaska,Yukon-Koyukuk Census Area
02290,50-64,990,Alaska,Yukon-Koyukuk Census Area
02290,65+,870,Alaska,Yukon-Koyukuk Census Area
04001,0-4,3939,Arizona,Apache County
04001,18-49,25601,Arizona,Apache County
04001,5-17,13335,Arizona,Apache County
04001,50-64,12143,Arizona,Apache County
04001,65+,10662,Arizona,Apache County
04003,0-4,6533,Arizona,Cochise County
04003,18-49,46030,Arizona,Cochise County
04003,5-17,19681,Arizona,Cochise County
04003,50-64,22894,Arizona,Cochise County
04003,65+,30320,Arizona,Cochise County
04005,0-4,7045,Arizona,Coconino County
04005,18-49,72451,Arizona,Coconino County
04005,5-17,21662,Arizona,Coconino County
04005,50-64,23285,Arizona,Coconino County
04005,65+,20200,Arizona,Coconino County
04007,0-4,2377,Arizona,Gila County
04007,18-49,15806,Arizona,Gila County
04007,5-17,7818,Arizona,Gila County
04007,50-64,11320,Arizona,Gila County
04007,65+,16289,Arizona,Gila County
04009,0-4,2540,Arizona,Graham County
04009,18-49,16985,Arizona,Graham County
04009,5-17,7772,Arizona,Graham County
04009,50-64,6017,Arizona,Graham County
04009,65+,5546,Arizona,Graham County
04011,0-4,709,Arizona,Greenlee County
04011,18-49,4070,Arizona,Greenlee County
04011,5-17,1856,Arizona,Greenlee County
04011,50-64,1498,Arizona,Greenlee County
04011,65+,1319,Arizona,Greenlee County
04012,0-4,702,Arizona,La Paz County
04012,18-49,4225,Arizona,La Paz County
04012,5-17,1903,Arizona,La Paz County
04012,50-64,2763,Arizona,La Paz County
04012,65+,7012,Arizona,La Paz County
04013,0-4,257715,Arizona,Maricopa County
04013,18-49,1941320,Arizona,Maricopa County
04013,5-17,767965,Arizona,Maricopa County
04013,50-64,806908,Arizona,Maricopa County
04013,65+,718079,Arizona,Maricopa County
04015,0-4,8827,Arizona,Mohave County
04015,18-49,64906,Arizona,Mohave County
04015,5-17,26715,Arizona,Mohave County
04015,50-64,47571,Arizona,Mohave County
04015,65+,69401,Arizona,Mohave County
04017,0-4,6583,Arizona,Navajo County
04017,18-49,38933,Arizona,Navajo County
04017,5-17,21004,Arizona,Navajo County
04017,50-64,20133,Arizona,Navajo County
04017,65+,21091,Arizona,Navajo County
04019,0-4,52285,Arizona,Pima County
04019,18-49,435199,Arizona,Pima County
04019,5-17,156299,Arizona,Pima County
04019,50-64,184090,Arizona,Pima County
04019,65+,222074,Arizona,Pima County
04021,0-4,24015,Arizona,Pinal County
04021,18-49,179098,Arizona,Pinal County
04021,5-17,73578,Arizona,Pinal County
04021,50-64,76774,Arizona,Pinal County
04021,65+,95754,Arizona,Pinal County
04023,0-4,3063,Arizona,Santa Cruz County
04023,18-49,18098,Arizona,Santa Cruz County
04023,5-17,9525,Arizona,Santa Cruz County
04023,50-64,8400,Arizona,Santa Cruz County
04023,65+,9123,Arizona,Santa Cruz County
04025,0-4,9087,Arizona,Yavapai County
04025,18-49,70233,Arizona,Yavapai County
04025,5-17,28636,Arizona,Yavapai County
04025,50-64,52822,Arizona,Yavapai County
04025,65+,80878,Arizona,Yavapai County
04027,0-4,14079,Arizona,Yuma County
04027,18-49,83773,Arizona,Yuma County
04027,5-17,37532,Arizona,Yuma County
04027,50-64,30115,Arizona,Yuma County
04027,65+,42186,Arizona,Yuma County
05001,0-4,1016,Arkansas,Arkansas County
05001,18-49,6141,Arkansas,Arkansas County
05001,5-17,2874,Arkansas,Arkansas County
05001,50-64,3400,Arkansas,Arkansas County
05001,65+,3342,Arkansas,Arkansas County
05003,0-4,1141,Arkansas,Ashley County
05003,18-49,6630,Arkansas,Ashley County
05003,5-17,3102,Arkansas,Ashley County
05003,50-64,3857,Arkansas,Ashley County
05003,65+,3992,Arkansas,Ashley County
05005,0-4,1784,Arkansas,Baxter County
05005,18-49,12827,Arkansas,Baxter County
05005,5-17,5696,Arkansas,Baxter County
05005,50-64,8745,Arkansas,Baxter County
05005,65+,13098,Arkansas,Baxter County
05007,0-4,19697,Arkansas,Benton County
05007,18-49,129671,Arkansas,Benton County
05007,5-17,56093,Arkansas,Benton County
05007,50-64,48923,Arkansas,Benton County
05007,65+,40157,Arkansas,Benton County
05009,0-4,2043,Arkansas,Boone County
05009,18-49,13859,Arkansas,Boone County
05009,5-17,6583,Arkansas,Boone County
05009,50-64,7468,Arkansas,Boone County
05009,65+,7943,Arkansas,Boone County
05011,0-4,626,Arkansas,Bradley County
05011,18-49,4054,Arkansas,Bradley County
05011,5-17,1939,Arkansas,Bradley County
05011,50-64,1816,Arkansas,Bradley County
05011,65+,1919,Arkansas,Bradley County
05013,0-4,172,Arkansas,Calhoun County
05013,18-49,1734,Arkansas,Calhoun County
05013,5-17,691,Arkansas,Calhoun County
05013,50-64,1096,Arkansas,Calhoun County
05013,65+,1024,Arkansas,Calhoun County
05015,0-4,1472,Arkansas,Carroll County
05015,18-49,9753,Arkansas,Carroll County
05015,5-17,4818,Arkansas,Carroll County
05015,50-64,5843,Arkansas,Carroll County
05015,65+,6640,Arkansas,Carroll County
05017,0-4,602,Arkansas,Chicot County
05017,18-49,3501,Arkansas,Chicot County
05017,5-17,1618,Arkansas,Chicot County
05017,50-64,2110,Arkansas,Chicot County
05017,65+,2166,Arkansas,Chicot County
05019,0-4,1069,Arkansas,Clark County
05019,18-49,10301,Arkansas,Clark County
05019,5-17,3145,Arkansas,Clark County
05019,50-64,3393,Arkansas,Clark County
05019,65+,3470,Arkansas,Clark County
05021,0-4,804,Arkansas,Clay County
05021,18-49,5170,Arkansas,Clay County
05021,5-17,2307,Arkansas,Clay County
05021,50-64,2979,Arkansas,Clay County
05021,65+,3139,Arkansas,Clay County
05023,0-4,1078,Arkansas,Cleburne County
05023,18-49,8003,Arkansas,Cleburne County
05023,5-17,3659,Arkansas,Cleburne County
05023,50-64,5479,Arkansas,Cleburne County
05023,65+,6829,Arkansas,Cleburne County
05025,0-4,297,Arkansas,Cleveland County
05025,18-49,2741,Arkansas,Cleveland County
05025,5-17,1276,Arkansas,Cleveland County
05025,50-64,1610,Arkansas,Cleveland County
05025,65+,1567,Arkansas,Cleveland County
05027,0-4,1400,Arkansas,Columbia County
05027,18-49,10038,Arkansas,Columbia County
05027,5-17,3442,Arkansas,Columbia County
05027,50-64,3748,Arkansas,Columbia County
05027,65+,3899,Arkansas,Columbia County
05029,0-4,1140,Arkansas,Conway County
05029,18-49,7488,Arkansas,Conway County
05029,5-17,3582,Arkansas,Conway County
05029,50-64,4570,Arkansas,Conway County
05029,65+,4092,Arkansas,Conway County
05031,0-4,7579,Arkansas,Craighead County
05031,18-49,50031,Arkansas,Craighead County
05031,5-17,20789,Arkansas,Craighead County
05031,50-64,18307,Arkansas,Craighead County
05031,65+,15391,Arkansas,Craighead County
05033,0-4,3667,Arkansas,Crawford County
05033,18-49,23361,Arkansas,Crawford County
05033,5-17,11009,Arkansas,Crawford County
05033,50-64,12132,Arkansas,Crawford County
05033,65+,10623,Arkansas,Crawford County
05035,0-4,3483,Arkansas,Crittenden County
05035,18-49,18774,Arkansas,Crittenden County
05035,5-17,9510,Arkansas,Crittenden County
05035,50-64,8781,Arkansas,Crittenden County
05035,65+,7061,Arkansas,Crittenden County
05037,0-4,1049,Arkansas,Cross County
05037,18-49,6266,Arkansas,Cross County
05037,5-17,3010,Arkansas,Cross County
05037,50-64,3259,Arkansas,Cross County
05037,65+,3097,Arkansas,Cross County
05039,0-4,315,Arkansas,Dallas County
05039,18-49,2116,Arkansas,Dallas County
05039,5-17,978,Arkansas,Dallas County
05039,50-64,1356,Arkansas,Dallas County
05039,65+,1586,Arkansas,Dallas County
05041,0-4,738,Arkansas,Desha County
05041,18-49,3916,Arkansas,Desha County
05041,5-17,2052,Arkansas,Desha County
05041,50-64,2166,Arkansas,Desha County
05041,65+,2169,Arkansas,Desha County
05043,0-4,1003,Arkansas,Drew County
05043,18-49,7171,Arkansas,Drew County
05043,5-17,2801,Arkansas,Drew County
05043,50-64,3091,Arkansas,Drew County
05043,65+,3077,Arkansas,Drew County
05045,0-4,7414,Arkansas,Faulkner County
05045,18-49,59562,Arkansas,Faulkner County
05045,5-17,21304,Arkansas,Faulkner County
05045,50-64,20797,Arkansas,Faulkner County
05045,65+,16924,Arkansas,Faulkner County
05047,0-4,923,Arkansas,Franklin County
05047,18-49,6274,Arkansas,Franklin County
05047,5-17,2969,Arkansas,Franklin County
05047,50-64,3560,Arkansas,Franklin County
05047,65+,3494,Arkansas,Franklin County
05049,0-4,582,Arkansas,Fulton County
05049,18-49,3791,Arkansas,Fulton County
05049,5-17,1914,Arkansas,Fulton County
05049,50-64,2778,Arkansas,Fulton County
05049,65+,3174,Arkansas,Fulton County
05051,0-4,5252,Arkansas,Garland County
05051,18-49,35511,Arkansas,Garland County
05051,5-17,14752,Arkansas,Garland County
05051,50-64,20243,Arkansas,Garland County
05051,65+,24304,Arkansas,Garland County
05053,0-4,965,Arkansas,Grant County
05053,18-49,7163,Arkansas,Grant County
05053,5-17,2903,Arkansas,Grant County
05053,50-64,3793,Arkansas,Grant County
05053,65+,3287,Arkansas,Grant County
05055,0-4,2919,Arkansas,Greene County
05055,18-49,19017,Arkansas,Greene County
05055,5-17,8239,Arkansas,Greene County
05055,50-64,8542,Arkansas,Greene County
05055,65+,7465,Arkansas,Greene County
05057,0-4,1290,Arkansas,Hempstead County
05057,18-49,7236,Arkansas,Hempstead County
05057,5-17,3761,Arkansas,Hempstead County
05057,50-64,3799,Arkansas,Hempstead County
05057,65+,3692,Arkansas,Hempstead County
05059,0-4,1557,Arkansas,Hot Spring County
05059,18-49,13437,Arkansas,Hot Spring County
05059,5-17,4942,Arkansas,Hot Spring County
05059,50-64,6665,Arkansas,Hot Spring County
05059,65+,6541,Arkansas,Hot Spring County
05061,0-4,872,Arkansas,Howard County
05061,18-49,4718,Arkansas,Howard County
05061,5-17,2418,Arkansas,Howard County
05061,50-64,2363,Arkansas,Howard County
05061,65+,2330,Arkansas,Howard County
05063,0-4,2342,Arkansas,Independence County
05063,18-49,14942,Arkansas,Independence County
05063,5-17,6874,Arkansas,Independence County
05063,50-64,7290,Arkansas,Independence County
05063,65+,6672,Arkansas,Independence County
05065,0-4,579,Arkansas,Izard County
05065,18-49,4938,Arkansas,Izard County
05065,5-17,1881,Arkansas,Izard County
05065,50-64,2995,Arkansas,Izard County
05065,65+,3473,Arkansas,Izard County
05067,0-4,841,Arkansas,Jackson County
05067,18-49,7268,Arkansas,Jackson County
05067,5-17,2444,Arkansas,Jackson County
05067,50-64,3221,Arkansas,Jackson County
05067,65+,3001,Arkansas,Jackson County
05069,0-4,3871,Arkansas,Jefferson County
05069,18-49,26771,Arkansas,Jefferson County
05069,5-17,10351,Arkansas,Jefferson County
05069,50-64,12852,Arkansas,Jefferson County
05069,65+,11935,Arkansas,Jefferson County
05071,0-4,1699,Arkansas,Johnson County
05071,18-49,9955,Arkansas,Johnson County
05071,5-17,4650,Arkansas,Johnson County
05071,50-64,5271,Arkansas,Johnson County
05071,65+,4357,Arkansas,Johnson County
05073,0-4,221,Arkansas,Lafayette County
05073,18-49,2100,Arkansas,Lafayette County
05073,5-17,927,Arkansas,Lafayette County
05073,50-64,1387,Arkansas,Lafayette County
05073,65+,1576,Arkansas,Lafayette County
05075,0-4,944,Arkansas,Lawrence County
05075,18-49,6303,Arkansas,Lawrence County
05075,5-17,2723,Arkansas,Lawrence County
05075,50-64,3216,Arkansas,Lawrence County
05075,65+,3079,Arkansas,Lawrence County
05077,0-4,538,Arkansas,Lee County
05077,18-49,3637,Arkansas,Lee County
05077,5-17,1102,Arkansas,Lee County
05077,50-64,1531,Arkansas,Lee County
05077,65+,1703,Arkansas,Lee County
05079,0-4,571,Arkansas,Lincoln County
05079,18-49,6355,Arkansas,Lincoln County
05079,5-17,1497,Arkansas,Lincoln County
05079,50-64,2601,Arkansas,Lincoln County
05079,65+,1942,Arkansas,Lincoln County
05081,0-4,704,Arkansas,Little River County
05081,18-49,4362,Arkansas,Little River County
05081,5-17,1957,Arkansas,Little River County
05081,50-64,2402,Arkansas,Little River County
05081,65+,2534,Arkansas,Little River County
05083,0-4,1244,Arkansas,Logan County
05083,18-49,7695,Arkansas,Logan County
05083,5-17,3299,Arkansas,Logan County
05083,50-64,4717,Arkansas,Logan County
05083,65+,4285,Arkansas,Logan County
05085,0-4,4570,Arkansas,Lonoke County
05085,18-49,31453,Arkansas,Lonoke County
05085,5-17,14110,Arkansas,Lonoke County
05085,50-64,13860,Arkansas,Lonoke County
05085,65+,10754,Arkansas,Lonoke County
05087,0-4,976,Arkansas,Madison County
05087,18-49,6082,Arkansas,Madison County
05087,5-17,3006,Arkansas,Madison County
05087,50-64,3675,Arkansas,Madison County
05087,65+,3293,Arkansas,Madison County
05089,0-4,722,Arkansas,Marion County
05089,18-49,4966,Arkansas,Marion County
05089,5-17,2450,Arkansas,Marion County
05089,50-64,3969,Arkansas,Marion County
05089,65+,4969,Arkansas,Marion County
05091,0-4,2547,Arkansas,Miller County
05091,18-49,17101,Arkansas,Miller County
05091,5-17,7516,Arkansas,Miller County
05091,50-64,8269,Arkansas,Miller County
05091,65+,7155,Arkansas,Miller County
05093,0-4,2791,Arkansas,Mississippi County
05093,18-49,15840,Arkansas,Mississippi County
05093,5-17,7602,Arkansas,Mississippi County
05093,50-64,7467,Arkansas,Mississippi County
05093,65+,6049,Arkansas,Mississippi County
05095,0-4,411,Arkansas,Monroe County
05095,18-49,2161,Arkansas,Monroe County
05095,5-17,1133,Arkansas,Monroe County
05095,50-64,1422,Arkansas,Monroe County
05095,65+,1554,Arkansas,Monroe County
05097,0-4,395,Arkansas,Montgomery County
05097,18-49,2657,Arkansas,Montgomery County
05097,5-17,1163,Arkansas,Montgomery County
05097,50-64,2042,Arkansas,Montgomery County
05097,65+,2314,Arkansas,Montgomery County
05099,0-4,485,Arkansas,Nevada County
05099,18-49,2884,Arkansas,Nevada County
05099,5-17,1358,Arkansas,Nevada County
05099,50-64,1761,Arkansas,Nevada County
05099,65+,1740,Arkansas,Nevada County
05101,0-4,314,Arkansas,Newton County
05101,18-49,2275,Arkansas,Newton County
05101,5-17,1053,Arkansas,Newton County
05101,50-64,1593,Arkansas,Newton County
05101,65+,1940,Arkansas,Newton County
05103,0-4,1220,Arkansas,Ouachita County
05103,18-49,7945,Arkansas,Ouachita County
05103,5-17,3748,Arkansas,Ouachita County
05103,50-64,4687,Arkansas,Ouachita County
05103,65+,4717,Arkansas,Ouachita County
05105,0-4,492,Arkansas,Perry County
05105,18-49,3571,Arkansas,Perry County
05105,5-17,1708,Arkansas,Perry County
05105,50-64,2235,Arkansas,Perry County
05105,65+,2067,Arkansas,Perry County
05107,0-4,1097,Arkansas,Phillips County
05107,18-49,5353,Arkansas,Phillips County
05107,5-17,3160,Arkansas,Phillips County
05107,50-64,3096,Arkansas,Phillips County
05107,65+,3204,Arkansas,Phillips County
05109,0-4,547,Arkansas,Pike County
05109,18-49,3798,Arkansas,Pike County
05109,5-17,1722,Arkansas,Pike County
05109,50-64,2027,Arkansas,Pike County
05109,65+,2088,Arkansas,Pike County
05111,0-4,1438,Arkansas,Poinsett County
05111,18-49,8591,Arkansas,Poinsett County
05111,5-17,4046,Arkansas,Poinsett County
05111,50-64,4491,Arkansas,Poinsett County
05111,65+,4174,Arkansas,Poinsett County
05113,0-4,1033,Arkansas,Polk County
05113,18-49,6502,Arkansas,Polk County
05113,5-17,3328,Arkansas,Polk County
05113,50-64,4126,Arkansas,Polk County
05113,65+,4359,Arkansas,Polk County
05115,0-4,3847,Arkansas,Pope County
05115,18-49,27061,Arkansas,Pope County
05115,5-17,10950,Arkansas,Pope County
05115,50-64,11680,Arkansas,Pope County
05115,65+,10292,Arkansas,Pope County
05117,0-4,373,Arkansas,Prairie County
05117,18-49,2740,Arkansas,Prairie County
05117,5-17,1276,Arkansas,Prairie County
05117,50-64,1850,Arkansas,Prairie County
05117,65+,1923,Arkansas,Prairie County
05119,0-4,25296,Arkansas,Pulaski County
05119,18-49,168060,Arkansas,Pulaski County
05119,5-17,68159,Arkansas,Pulaski County
05119,50-64,72602,Arkansas,Pulaski County
05119,65+,64832,Arkansas,Pulaski County
05121,0-4,1202,Arkansas,Randolph County
05121,18-49,6970,Arkansas,Randolph County
05121,5-17,3362,Arkansas,Randolph County
05121,50-64,3557,Arkansas,Randolph County
05121,65+,3642,Arkansas,Randolph County
05123,0-4,1390,Arkansas,St. Francis County
05123,18-49,9647,Arkansas,St. Francis County
05123,5-17,3461,Arkansas,St. Francis County
05123,50-64,4231,Arkansas,St. Francis County
05123,65+,4011,Arkansas,St. Francis County
05125,0-4,7029,Arkansas,Saline County
05125,18-49,50180,Arkansas,Saline County
05125,5-17,22350,Arkansas,Saline County
05125,50-64,23330,Arkansas,Saline County
05125,65+,22835,Arkansas,Saline County
05127,0-4,505,Arkansas,Scott County
05127,18-49,3362,Arkansas,Scott County
05127,5-17,1762,Arkansas,Scott County
05127,50-64,2128,Arkansas,Scott County
05127,65+,2082,Arkansas,Scott County
05129,0-4,405,Arkansas,Searcy County
05129,18-49,2452,Arkansas,Searcy County
05129,5-17,1209,Arkansas,Searcy County
05129,50-64,1773,Arkansas,Searcy County
05129,65+,2022,Arkansas,Searcy County
05131,0-4,8148,Arkansas,Sebastian County
05131,18-49,51968,Arkansas,Sebastian County
05131,5-17,22562,Arkansas,Sebastian County
05131,50-64,24263,Arkansas,Sebastian County
05131,65+,21507,Arkansas,Sebastian County
05133,0-4,1142,Arkansas,Sevier County
05133,18-49,6428,Arkansas,Sevier County
05133,5-17,3382,Arkansas,Sevier County
05133,50-64,2591,Arkansas,Sevier County
05133,65+,2254,Arkansas,Sevier County
05135,0-4,929,Arkansas,Sharp County
05135,18-49,5681,Arkansas,Sharp County
05135,5-17,2707,Arkansas,Sharp County
05135,50-64,3800,Arkansas,Sharp County
05135,65+,4480,Arkansas,Sharp County
05137,0-4,638,Arkansas,Stone County
05137,18-49,3892,Arkansas,Stone County
05137,5-17,1862,Arkansas,Stone County
05137,50-64,2620,Arkansas,Stone County
05137,65+,3462,Arkansas,Stone County
05139,0-4,2287,Arkansas,Union County
05139,18-49,14392,Arkansas,Union County
05139,5-17,6911,Arkansas,Union County
05139,50-64,7524,Arkansas,Union County
05139,65+,7254,Arkansas,Union County
05141,0-4,712,Arkansas,Van Buren County
05141,18-49,4992,Arkansas,Van Buren County
05141,5-17,2335,Arkansas,Van Buren County
05141,50-64,3638,Arkansas,Van Buren County
05141,65+,4259,Arkansas,Van Buren County
05143,0-4,15979,Arkansas,Washington County
05143,18-49,122827,Arkansas,Washington County
05143,5-17,43920,Arkansas,Washington County
05143,50-64,38637,Arkansas,Washington County
05143,65+,30500,Arkansas,Washington County
05145,0-4,4398,Arkansas,White County
05145,18-49,31609,Arkansas,White County
05145,5-17,13662,Arkansas,White County
05145,50-64,14909,Arkansas,White County
05145,65+,12817,Arkansas,White County
05147,0-4,367,Arkansas,Woodruff County
05147,18-49,2087,Arkansas,Woodruff County
05147,5-17,964,Arkansas,Woodruff County
05147,50-64,1238,Arkansas,Woodruff County
05147,65+,1501,Arkansas,Woodruff County
05149,0-4,1250,Arkansas,Yell County
05149,18-49,7478,Arkansas,Yell County
05149,5-17,3623,Arkansas,Yell County
05149,50-64,4299,Arkansas,Yell County
05149,65+,3545,Arkansas,Yell County
06001,0-4,88228,California,Alameda County
06001,18-49,764042,California,Alameda County
06001,5-17,242807,California,Alameda County
06001,50-64,310031,California,Alameda County
06001,65+,246841,California,Alameda County
06003,0-4,161,California,Alpine County
06003,18-49,600,California,Alpine County
06003,5-17,222,California,Alpine County
06003,50-64,343,California,Alpine County
06003,65+,369,California,Alpine County
06005,0-4,1587,California,Amador County
06005,18-49,14218,California,Amador County
06005,5-17,4769,California,Amador County
06005,50-64,9292,California,Amador County
06005,65+,11163,California,Amador County
06007,0-4,11053,California,Butte County
06007,18-49,93031,California,Butte County
06007,5-17,31882,California,Butte County
06007,50-64,35450,California,Butte County
06007,65+,38054,California,Butte County
06009,0-4,1850,California,Calaveras County
06009,18-49,13941,California,Calaveras County
06009,5-17,5918,California,Calaveras County
06009,50-64,11066,California,Calaveras County
06009,65+,13220,California,Calaveras County
06011,0-4,1458,California,Colusa County
06011,18-49,8725,California,Colusa County
06011,5-17,4529,California,Colusa County
06011,50-64,3828,California,Colusa County
06011,65+,3355,California,Colusa County
06013,0-4,62580,California,Contra Costa County
06013,18-49,476518,California,Contra Costa County
06013,5-17,195512,California,Contra Costa County
06013,50-64,233032,California,Contra Costa County
06013,65+,193816,California,Contra Costa County
06015,0-4,1400,California,Del Norte County
06015,18-49,10668,California,Del Norte County
06015,5-17,4328,California,Del Norte County
06015,50-64,5505,California,Del Norte County
06015,65+,5392,California,Del Norte County
06017,0-4,8711,California,El Dorado County
06017,18-49,67125,California,El Dorado County
06017,5-17,29206,California,El Dorado County
06017,50-64,43449,California,El Dorado County
06017,65+,43808,California,El Dorado County
06019,0-4,72049,California,Fresno County
06019,18-49,439938,California,Fresno County
06019,5-17,211774,California,Fresno County
06019,50-64,159640,California,Fresno County
06019,65+,128751,California,Fresno County
06021,0-4,1851,California,Glenn County
06021,18-49,11283,California,Glenn County
06021,5-17,5650,California,Glenn County
06021,50-64,5017,California,Glenn County
06021,65+,4822,California,Glenn County
06023,0-4,6455,California,Humboldt County
06023,18-49,59897,California,Humboldt County
06023,5-17,19230,California,Humboldt County
06023,50-64,23754,California,Humboldt County
06023,65+,26082,California,Humboldt County
06025,0-4,12999,California,Imperial County
06025,18-49,75714,California,Imperial County
06025,5-17,38117,California,Imperial County
06025,50-64,28370,California,Imperial County
06025,65+,24119,California,Imperial County
06027,0-4,933,California,Inyo County
06027,18-49,6551,California,Inyo County
06027,5-17,2886,California,Inyo County
06027,50-64,3839,California,Inyo County
06027,65+,4594,California,Inyo County
06029,0-4,65691,California,Kern County
06029,18-49,398742,California,Kern County
06029,5-17,196859,California,Kern County
06029,50-64,143488,California,Kern County
06029,65+,105653,California,Kern County
06031,0-4,11068,California,Kings County
06031,18-49,72816,California,Kings County
06031,5-17,30306,California,Kings County
06031,50-64,22419,California,Kings County
06031,65+,16221,California,Kings County
06033,0-4,3740,California,Lake County
06033,18-49,23253,California,Lake County
06033,5-17,11088,California,Lake County
06033,50-64,13953,California,Lake County
06033,65+,16105,California,Lake County
06035,0-4,1474,California,Lassen County
06035,18-49,15094,California,Lassen County
06035,5-17,4106,California,Lassen County
06035,50-64,5526,California,Lassen County
06035,65+,4977,California,Lassen County
06037,0-4,518797,California,Los Angeles County
06037,18-49,4468875,California,Los Angeles County
06037,5-17,1538739,California,Los Angeles County
06037,50-64,1873424,California,Los Angeles County
06037,65+,1448571,California,Los Angeles County
06039,0-4,10763,California,Madera County
06039,18-49,66984,California,Madera County
06039,5-17,32684,California,Madera County
06039,50-64,25557,California,Madera County
06039,65+,22802,California,Madera County
06041,0-4,11472,California,Marin County
06041,18-49,88577,California,Marin County
06041,5-17,39540,California,Marin County
06041,50-64,58984,California,Marin County
06041,65+,60192,California,Marin County
06043,0-4,570,California,Mariposa County
06043,18-49,5382,California,Mariposa County
06043,5-17,2304,California,Mariposa County
06043,50-64,3795,California,Mariposa County
06043,65+,5009,California,Mariposa County
06045,0-4,4887,California,Mendocino County
06045,18-49,32296,California,Mendocino County
06045,5-17,14255,California,Mendocino County
06045,50-64,17442,California,Mendocino County
06045,65+,21829,California,Mendocino County
06047,0-4,20595,California,Merced County
06047,18-49,125219,California,Merced County
06047,5-17,62647,California,Merced County
06047,50-64,44068,California,Merced County
06047,65+,33068,California,Merced County
06049,0-4,409,California,Modoc County
06049,18-49,2721,California,Modoc County
06049,5-17,1252,California,Modoc County
06049,50-64,1584,California,Modoc County
06049,65+,2680,California,Modoc County
06051,0-4,684,California,Mono County
06051,18-49,5739,California,Mono County
06051,5-17,1735,California,Mono County
06051,50-64,2847,California,Mono County
06051,65+,2164,California,Mono County
06053,0-4,28880,California,Monterey County
06053,18-49,186349,California,Monterey County
06053,5-17,84321,California,Monterey County
06053,50-64,73052,California,Monterey County
06053,65+,63232,California,Monterey County
06055,0-4,6221,California,Napa County
06055,18-49,53790,California,Napa County
06055,5-17,20802,California,Napa County
06055,50-64,27240,California,Napa County
06055,65+,28017,California,Napa County
06057,0-4,4121,California,Nevada County
06057,18-49,33412,California,Nevada County
06057,5-17,13393,California,Nevada County
06057,50-64,21935,California,Nevada County
06057,65+,29591,California,Nevada County
06059,0-4,170215,California,Orange County
06059,18-49,1355552,California,Orange County
06059,5-17,504618,California,Orange County
06059,50-64,634681,California,Orange County
06059,65+,498997,California,Orange County
06061,0-4,20738,California,Placer County
06061,18-49,157306,California,Placer County
06061,5-17,69872,California,Placer County
06061,50-64,81283,California,Placer County
06061,65+,83236,California,Placer County
06063,0-4,836,California,Plumas County
06063,18-49,5824,California,Plumas County
06063,5-17,2594,California,Plumas County
06063,50-64,4505,California,Plumas County
06063,65+,5848,California,Plumas County
06065,0-4,145266,California,Riverside County
06065,18-49,1043748,California,Riverside County
06065,5-17,453405,California,Riverside County
06065,50-64,436444,California,Riverside County
06065,65+,371046,California,Riverside County
06067,0-4,95165,California,Sacramento County
06067,18-49,694837,California,Sacramento County
06067,5-17,270502,California,Sacramento County
06067,50-64,287076,California,Sacramento County
06067,65+,236467,California,Sacramento County
06069,0-4,4229,California,San Benito County
06069,18-49,28332,California,San Benito County
06069,5-17,12591,California,San Benito County
06069,50-64,12004,California,San Benito County
06069,65+,8900,California,San Benito County
06071,0-4,142401,California,San Bernardino County
06071,18-49,976793,California,San Bernardino County
06071,5-17,421578,California,San Bernardino County
06071,50-64,378043,California,San Bernardino County
06071,65+,269001,California,San Bernardino County
06073,0-4,187443,California,San Diego County
06073,18-49,1507944,California,San Diego County
06073,5-17,506726,California,San Diego County
06073,50-64,586832,California,San Diego County
06073,65+,493837,California,San Diego County
06075,0-4,35279,California,San Francisco County
06075,18-49,422024,California,San Francisco County
06075,5-17,79449,California,San Francisco County
06075,50-64,155964,California,San Francisco County
06075,65+,143605,California,San Francisco County
06077,0-4,52015,California,San Joaquin County
06077,18-49,338856,California,San Joaquin County
06077,5-17,156915,California,San Joaquin County
06077,50-64,135149,California,San Joaquin County
06077,65+,104481,California,San Joaquin County
06079,0-4,12377,California,San Luis Obispo County
06079,18-49,120190,California,San Luis Obispo County
06079,5-17,37187,California,San Luis Obispo County
06079,50-64,51024,California,San Luis Obispo County
06079,65+,60708,California,San Luis Obispo County
06081,0-4,38822,California,San Mateo County
06081,18-49,319997,California,San Mateo County
06081,5-17,109242,California,San Mateo County
06081,50-64,148146,California,San Mateo County
06081,65+,128893,California,San Mateo County
06083,0-4,26949,California,Santa Barbara County
06083,18-49,199563,California,Santa Barbara County
06083,5-17,72659,California,Santa Barbara County
06083,50-64,72822,California,Santa Barbara County
06083,65+,71982,California,Santa Barbara County
06085,0-4,101451,California,Santa Clara County
06085,18-49,872820,California,Santa Clara County
06085,5-17,297302,California,Santa Clara County
06085,50-64,357803,California,Santa Clara County
06085,65+,273921,California,Santa Clara County
06087,0-4,12077,California,Santa Cruz County
06087,18-49,116063,California,Santa Cruz County
06087,5-17,37825,California,Santa Cruz County
06087,50-64,51272,California,Santa Cruz County
06087,65+,48784,California,Santa Cruz County
06089,0-4,9945,California,Shasta County
06089,18-49,67886,California,Shasta County
06089,5-17,29459,California,Shasta County
06089,50-64,35684,California,Shasta County
06089,65+,38580,California,Shasta County
06091,0-4,0,California,Sierra County
06091,18-49,847,California,Sierra County
06091,5-17,349,California,Sierra County
06091,50-64,593,California,Sierra County
06091,65+,942,California,Sierra County
06093,0-4,2094,California,Siskiyou County
06093,18-49,14176,California,Siskiyou County
06093,5-17,6733,California,Siskiyou County
06093,50-64,8928,California,Siskiyou County
06093,65+,11903,California,Siskiyou County
06095,0-4,25947,California,Solano County
06095,18-49,188600,California,Solano County
06095,5-17,73477,California,Solano County
06095,50-64,86513,California,Solano County
06095,65+,76287,California,Solano County
06097,0-4,22837,California,Sonoma County
06097,18-49,191203,California,Sonoma County
06097,5-17,71101,California,Sonoma County
06097,50-64,98696,California,Sonoma County
06097,65+,101805,California,Sonoma County
06099,0-4,37447,California,Stanislaus County
06099,18-49,235480,California,Stanislaus County
06099,5-17,110868,California,Stanislaus County
06099,50-64,93550,California,Stanislaus County
06099,65+,74905,California,Stanislaus County
06101,0-4,6217,California,Sutter County
06101,18-49,40220,California,Sutter County
06101,5-17,18951,California,Sutter County
06101,50-64,17656,California,Sutter County
06101,65+,15927,California,Sutter County
06103,0-4,3836,California,Tehama County
06103,18-49,23932,California,Tehama County
06103,5-17,11947,California,Tehama County
06103,50-64,12730,California,Tehama County
06103,65+,13075,California,Tehama County
06105,0-4,680,California,Trinity County
06105,18-49,4221,California,Trinity County
06105,5-17,2232,California,Trinity County
06105,50-64,4091,California,Trinity County
06105,65+,4662,California,Trinity County
06107,0-4,35008,California,Tulare County
06107,18-49,203633,California,Tulare County
06107,5-17,108107,California,Tulare County
06107,50-64,73147,California,Tulare County
06107,65+,55879,California,Tulare County
06109,0-4,2414,California,Tuolumne County
06109,18-49,18966,California,Tuolumne County
06109,5-17,7014,California,Tuolumne County
06109,50-64,11280,California,Tuolumne County
06109,65+,15199,California,Tuolumne County
06111,0-4,44886,California,Ventura County
06111,18-49,344232,California,Ventura County
06111,5-17,140909,California,Ventura County
06111,50-64,166917,California,Ventura County
06111,65+,141315,California,Ventura County
06113,0-4,10781,California,Yolo County
06113,18-49,110396,California,Yolo County
06113,5-17,33857,California,Yolo County
06113,50-64,33833,California,Yolo County
06113,65+,28915,California,Yolo County
06115,0-4,6099,California,Yuba County
06115,18-49,36209,California,Yuba County
06115,5-17,16541,California,Yuba County
06115,50-64,13341,California,Yuba County
06115,65+,10889,California,Yuba County
08001,0-4,33921,Colorado,Adams County
08001,18-49,246401,Colorado,Adams County
08001,5-17,99079,Colorado,Adams County
08001,50-64,87166,Colorado,Adams County
08001,65+,57841,Colorado,Adams County
08003,0-4,955,Colorado,Alamosa County
08003,18-49,7788,Colorado,Alamosa County
08003,5-17,2947,Colorado,Alamosa County
08003,50-64,2389,Colorado,Alamosa County
08003,65+,2436,Colorado,Alamosa County
08005,0-4,38128,Colorado,Arapahoe County
08005,18-49,295894,Colorado,Arapahoe County
08005,5-17,111923,Colorado,Arapahoe County
08005,50-64,117693,Colorado,Arapahoe County
08005,65+,92071,Colorado,Arapahoe County
08007,0-4,520,Colorado,Archuleta County
08007,18-49,4242,Colorado,Archuleta County
08007,5-17,1846,Colorado,Archuleta County
08007,50-64,3321,Colorado,Archuleta County
08007,65+,3801,Colorado,Archuleta County
08009,0-4,179,Colorado,Baca County
08009,18-49,1171,Colorado,Baca County
08009,5-17,593,Colorado,Baca County
08009,50-64,651,Colorado,Baca County
08009,65+,866,Colorado,Baca County
08011,0-4,220,Colorado,Bent County
08011,18-49,2502,Colorado,Bent County
08011,5-17,674,Colorado,Bent County
08011,50-64,1089,Colorado,Bent County
08011,65+,1039,Colorado,Bent County
08013,0-4,13135,Colorado,Boulder County
08013,18-49,156574,Colorado,Boulder County
08013,5-17,45997,Colorado,Boulder County
08013,50-64,60744,Colorado,Boulder County
08013,65+,51867,Colorado,Boulder County
08014,0-4,3468,Colorado,Broomfield County
08014,18-49,34135,Colorado,Broomfield County
08014,5-17,12377,Colorado,Broomfield County
08014,50-64,13773,Colorado,Broomfield County
08014,65+,11357,Colorado,Broomfield County
08015,0-4,783,Colorado,Chaffee County
08015,18-49,7548,Colorado,Chaffee County
08015,5-17,2112,Colorado,Chaffee County
08015,50-64,4304,Colorado,Chaffee County
08015,65+,5129,Colorado,Chaffee County
08017,0-4,70,Colorado,Cheyenne County
08017,18-49,590,Colorado,Cheyenne County
08017,5-17,325,Colorado,Cheyenne County
08017,50-64,403,Colorado,Cheyenne County
08017,65+,344,Colorado,Cheyenne County
08019,0-4,263,Colorado,Clear Creek County
08019,18-49,3498,Colorado,Clear Creek County
08019,5-17,1064,Colorado,Clear Creek County
08019,50-64,2462,Colorado,Clear Creek County
08019,65+,2071,Colorado,Clear Creek County
08021,0-4,457,Colorado,Conejos County
08021,18-49,2685,Colorado,Conejos County
08021,5-17,1457,Colorado,Conejos County
08021,50-64,1399,Colorado,Conejos County
08021,65+,1538,Colorado,Conejos County
08023,0-4,170,Colorado,Costilla County
08023,18-49,1103,Colorado,Costilla County
08023,5-17,500,Colorado,Costilla County
08023,50-64,817,Colorado,Costilla County
08023,65+,981,Colorado,Costilla County
08025,0-4,141,Colorado,Crowley County
08025,18-49,3171,Colorado,Crowley County
08025,5-17,633,Colorado,Crowley County
08025,50-64,984,Colorado,Crowley County
08025,65+,805,Colorado,Crowley County
08027,0-4,91,Colorado,Custer County
08027,18-49,1295,Colorado,Custer County
08027,5-17,640,Colorado,Custer County
08027,50-64,1506,Colorado,Custer County
08027,65+,1541,Colorado,Custer County
08029,0-4,1397,Colorado,Delta County
08029,18-49,10152,Colorado,Delta County
08029,5-17,4654,Colorado,Delta County
08029,50-64,6449,Colorado,Delta County
08029,65+,8701,Colorado,Delta County
08031,0-4,38964,Colorado,Denver County
08031,18-49,387765,Colorado,Denver County
08031,5-17,91856,Colorado,Denver County
08031,50-64,107489,Colorado,Denver County
08031,65+,87660,Colorado,Denver County
08033,0-4,125,Colorado,Dolores County
08033,18-49,736,Colorado,Dolores County
08033,5-17,210,Colorado,Dolores County
08033,50-64,426,Colorado,Dolores County
08033,65+,888,Colorado,Dolores County
08035,0-4,19980,Colorado,Douglas County
08035,18-49,155100,Colorado,Douglas County
08035,5-17,68480,Colorado,Douglas County
08035,50-64,75399,Colorado,Douglas County
08035,65+,49324,Colorado,Douglas County
08037,0-4,2672,Colorado,Eagle County
08037,18-49,24902,Colorado,Eagle County
08037,5-17,8848,Colorado,Eagle County
08037,50-64,11040,Colorado,Eagle County
08037,65+,7912,Colorado,Eagle County
08039,0-4,1278,Colorado,Elbert County
08039,18-49,9691,Colorado,Elbert County
08039,5-17,4450,Colorado,Elbert County
08039,50-64,6813,Colorado,Elbert County
08039,65+,4920,Colorado,Elbert County
08041,0-4,45945,Colorado,El Paso County
08041,18-49,337375,Colorado,El Paso County
08041,5-17,126475,Colorado,El Paso County
08041,50-64,125571,Colorado,El Paso County
08041,65+,100642,Colorado,El Paso County
08043,0-4,1865,Colorado,Fremont County
08043,18-49,19898,Colorado,Fremont County
08043,5-17,6052,Colorado,Fremont County
08043,50-64,10505,Colorado,Fremont County
08043,65+,11074,Colorado,Fremont County
08045,0-4,4075,Colorado,Garfield County
08045,18-49,26227,Colorado,Garfield County
08045,5-17,11389,Colorado,Garfield County
08045,50-64,11516,Colorado,Garfield County
08045,65+,8827,Colorado,Garfield County
08047,0-4,273,Colorado,Gilpin County
08047,18-49,2262,Colorado,Gilpin County
08047,5-17,651,Colorado,Gilpin County
08047,50-64,1511,Colorado,Gilpin County
08047,65+,1180,Colorado,Gilpin County
08049,0-4,647,Colorado,Grand County
08049,18-49,6259,Colorado,Grand County
08049,5-17,1893,Colorado,Grand County
08049,50-64,3840,Colorado,Grand County
08049,65+,3155,Colorado,Grand County
08051,0-4,503,Colorado,Gunnison County
08051,18-49,8888,Colorado,Gunnison County
08051,5-17,2189,Colorado,Gunnison County
08051,50-64,3089,Colorado,Gunnison County
08051,65+,2489,Colorado,Gunnison County
08053,0-4,15,Colorado,Hinsdale County
08053,18-49,300,Colorado,Hinsdale County
08053,5-17,113,Colorado,Hinsdale County
08053,50-64,188,Colorado,Hinsdale County
08053,65+,323,Colorado,Hinsdale County
08055,0-4,358,Colorado,Huerfano County
08055,18-49,1902,Colorado,Huerfano County
08055,5-17,754,Colorado,Huerfano County
08055,50-64,1572,Colorado,Huerfano County
08055,65+,2360,Colorado,Huerfano County
08057,0-4,33,Colorado,Jackson County
08057,18-49,394,Colorado,Jackson County
08057,5-17,238,Colorado,Jackson County
08057,50-64,292,Colorado,Jackson County
08057,65+,465,Colorado,Jackson County
08059,0-4,27601,Colorado,Jefferson County
08059,18-49,253875,Colorado,Jefferson County
08059,5-17,81689,Colorado,Jefferson County
08059,50-64,115468,Colorado,Jefferson County
08059,65+,101082,Colorado,Jefferson County
08061,0-4,50,Colorado,Kiowa County
08061,18-49,424,Colorado,Kiowa County
08061,5-17,251,Colorado,Kiowa County
08061,50-64,337,Colorado,Kiowa County
08061,65+,294,Colorado,Kiowa County
08063,0-4,448,Colorado,Kit Carson County
08063,18-49,2566,Colorado,Kit Carson County
08063,5-17,1368,Colorado,Kit Carson County
08063,50-64,1239,Colorado,Kit Carson County
08063,65+,1394,Colorado,Kit Carson County
08065,0-4,357,Colorado,Lake County
08065,18-49,3968,Colorado,Lake County
08065,5-17,1074,Colorado,Lake County
08065,50-64,1037,Colorado,Lake County
08065,65+,975,Colorado,Lake County
08067,0-4,2358,Colorado,La Plata County
08067,18-49,23326,Colorado,La Plata County
08067,5-17,7696,Colorado,La Plata County
08067,50-64,11516,Colorado,La Plata County
08067,65+,11192,Colorado,La Plata County
08069,0-4,16179,Colorado,Larimer County
08069,18-49,172372,Colorado,Larimer County
08069,5-17,51817,Colorado,Larimer County
08069,50-64,61929,Colorado,Larimer County
08069,65+,61264,Colorado,Larimer County
08071,0-4,655,Colorado,Las Animas County
08071,18-49,5228,Colorado,Las Animas County
08071,5-17,1973,Colorado,Las Animas County
08071,50-64,2853,Colorado,Las Animas County
08071,65+,3683,Colorado,Las Animas County
08073,0-4,247,Colorado,Lincoln County
08073,18-49,2544,Colorado,Lincoln County
08073,5-17,735,Colorado,Lincoln County
08073,50-64,1046,Colorado,Lincoln County
08073,65+,989,Colorado,Lincoln County
08075,0-4,1015,Colorado,Logan County
08075,18-49,9404,Colorado,Logan County
08075,5-17,2834,Colorado,Logan County
08075,50-64,3888,Colorado,Logan County
08075,65+,3926,Colorado,Logan County
08077,0-4,8170,Colorado,Mesa County
08077,18-49,62694,Colorado,Mesa County
08077,5-17,24637,Colorado,Mesa County
08077,50-64,29668,Colorado,Mesa County
08077,65+,32147,Colorado,Mesa County
08079,0-4,28,Colorado,Mineral County
08079,18-49,255,Colorado,Mineral County
08079,5-17,72,Colorado,Mineral County
08079,50-64,207,Colorado,Mineral County
08079,65+,237,Colorado,Mineral County
08081,0-4,766,Colorado,Moffat County
08081,18-49,5174,Colorado,Moffat County
08081,5-17,2576,Colorado,Moffat County
08081,50-64,2601,Colorado,Moffat County
08081,65+,2141,Colorado,Moffat County
08083,0-4,1333,Colorado,Montezuma County
08083,18-49,9201,Colorado,Montezuma County
08083,5-17,4156,Colorado,Montezuma County
08083,50-64,5252,Colorado,Montezuma County
08083,65+,6262,Colorado,Montezuma County
08085,0-4,2049,Colorado,Montrose County
08085,18-49,14921,Colorado,Montrose County
08085,5-17,6815,Colorado,Montrose County
08085,50-64,8519,Colorado,Montrose County
08085,65+,10968,Colorado,Montrose County
08087,0-4,2006,Colorado,Morgan County
08087,18-49,11570,Colorado,Morgan County
08087,5-17,5632,Colorado,Morgan County
08087,50-64,5369,Colorado,Morgan County
08087,65+,4609,Colorado,Morgan County
08089,0-4,1063,Colorado,Otero County
08089,18-49,6831,Colorado,Otero County
08089,5-17,3252,Colorado,Otero County
08089,50-64,3438,Colorado,Otero County
08089,65+,3876,Colorado,Otero County
08091,0-4,114,Colorado,Ouray County
08091,18-49,1451,Colorado,Ouray County
08091,5-17,519,Colorado,Ouray County
08091,50-64,1158,Colorado,Ouray County
08091,65+,1782,Colorado,Ouray County
08093,0-4,558,Colorado,Park County
08093,18-49,5925,Colorado,Park County
08093,5-17,2047,Colorado,Park County
08093,50-64,5162,Colorado,Park County
08093,65+,4047,Colorado,Park County
08095,0-4,351,Colorado,Phillips County
08095,18-49,1609,Colorado,Phillips County
08095,5-17,817,Colorado,Phillips County
08095,50-64,906,Colorado,Phillips County
08095,65+,808,Colorado,Phillips County
08097,0-4,635,Colorado,Pitkin County
08097,18-49,6842,Colorado,Pitkin County
08097,5-17,1925,Colorado,Pitkin County
08097,50-64,4013,Colorado,Pitkin County
08097,65+,3704,Colorado,Pitkin County
08099,0-4,779,Colorado,Prowers County
08099,18-49,4544,Colorado,Prowers County
08099,5-17,2291,Colorado,Prowers County
08099,50-64,2094,Colorado,Prowers County
08099,65+,2223,Colorado,Prowers County
08101,0-4,9109,Colorado,Pueblo County
08101,18-49,66976,Colorado,Pueblo County
08101,5-17,28036,Colorado,Pueblo County
08101,50-64,31867,Colorado,Pueblo County
08101,65+,32738,Colorado,Pueblo County
08103,0-4,417,Colorado,Rio Blanco County
08103,18-49,2606,Colorado,Rio Blanco County
08103,5-17,1177,Colorado,Rio Blanco County
08103,50-64,1219,Colorado,Rio Blanco County
08103,65+,1099,Colorado,Rio Blanco County
08105,0-4,579,Colorado,Rio Grande County
08105,18-49,4317,Colorado,Rio Grande County
08105,5-17,1744,Colorado,Rio Grande County
08105,50-64,2238,Colorado,Rio Grande County
08105,65+,2516,Colorado,Rio Grande County
08107,0-4,1023,Colorado,Routt County
08107,18-49,10705,Colorado,Routt County
08107,5-17,3357,Colorado,Routt County
08107,50-64,5517,Colorado,Routt County
08107,65+,4388,Colorado,Routt County
08109,0-4,383,Colorado,Saguache County
08109,18-49,2075,Colorado,Saguache County
08109,5-17,824,Colorado,Saguache County
08109,50-64,1503,Colorado,Saguache County
08109,65+,1726,Colorado,Saguache County
08111,0-4,19,Colorado,San Juan County
08111,18-49,324,Colorado,San Juan County
08111,5-17,59,Colorado,San Juan County
08111,50-64,145,Colorado,San Juan County
08111,65+,143,Colorado,San Juan County
08113,0-4,244,Colorado,San Miguel County
08113,18-49,3510,Colorado,San Miguel County
08113,5-17,1040,Colorado,San Miguel County
08113,50-64,1841,Colorado,San Miguel County
08113,65+,1391,Colorado,San Miguel County
08115,0-4,188,Colorado,Sedgwick County
08115,18-49,770,Colorado,Sedgwick County
08115,5-17,325,Colorado,Sedgwick County
08115,50-64,489,Colorado,Sedgwick County
08115,65+,574,Colorado,Sedgwick County
08117,0-4,1102,Colorado,Summit County
08117,18-49,14973,Colorado,Summit County
08117,5-17,3962,Colorado,Summit County
08117,50-64,6081,Colorado,Summit County
08117,65+,4739,Colorado,Summit County
08119,0-4,803,Colorado,Teller County
08119,18-49,7964,Colorado,Teller County
08119,5-17,3167,Colorado,Teller County
08119,50-64,6851,Colorado,Teller County
08119,65+,5989,Colorado,Teller County
08121,0-4,238,Colorado,Washington County
08121,18-49,1766,Colorado,Washington County
08121,5-17,840,Colorado,Washington County
08121,50-64,935,Colorado,Washington County
08121,65+,1060,Colorado,Washington County
08123,0-4,23272,Colorado,Weld County
08123,18-49,152576,Colorado,Weld County
08123,5-17,64263,Colorado,Weld County
08123,50-64,57371,Colorado,Weld County
08123,65+,43229,Colorado,Weld County
08125,0-4,700,Colorado,Yuma County
08125,18-49,3703,Colorado,Yuma County
08125,5-17,2023,Colorado,Yuma County
08125,50-64,1740,Colorado,Yuma County
08125,65+,1755,Colorado,Yuma County
09110,0-4,49427,Connecticut,Capitol Planning Region
09110,18-49,402395,Connecticut,Capitol Planning Region
09110,5-17,148495,Connecticut,Capitol Planning Region
09110,50-64,197205,Connecticut,Capitol Planning Region
09110,65+,171507,Connecticut,Capitol Planning Region
09120,0-4,17622,Connecticut,Greater Bridgeport Planning Region
09120,18-49,133597,Connecticut,Greater Bridgeport Planning Region
09120,5-17,55030,Connecticut,Greater Bridgeport Planning Region
09120,50-64,68580,Connecticut,Greater Bridgeport Planning Region
09120,65+,51467,Connecticut,Greater Bridgeport Planning Region
09130,0-4,7154,Connecticut,Lower Connecticut River Valley Planning Region
09130,18-49,66335,Connecticut,Lower Connecticut River Valley Planning Region
09130,5-17,22592,Connecticut,Lower Connecticut River Valley Planning Region
09130,50-64,41094,Connecticut,Lower Connecticut River Valley Planning Region
09130,65+,37808,Connecticut,Lower Connecticut River Valley Planning Region
09140,0-4,22997,Connecticut,Naugatuck Valley Planning Region
09140,18-49,179005,Connecticut,Naugatuck Valley Planning Region
09140,5-17,69293,Connecticut,Naugatuck Valley Planning Region
09140,50-64,96352,Connecticut,Naugatuck Valley Planning Region
09140,65+,84656,Connecticut,Naugatuck Valley Planning Region
09150,0-4,4399,Connecticut,Northeastern Connecticut Planning Region
09150,18-49,37220,Connecticut,Northeastern Connecticut Planning Region
09150,5-17,13437,Connecticut,Northeastern Connecticut Planning Region
09150,50-64,22521,Connecticut,Northeastern Connecticut Planning Region
09150,65+,18252,Connecticut,Northeastern Connecticut Planning Region
09160,0-4,4786,Connecticut,Northwest Hills Planning Region
09160,18-49,40286,Connecticut,Northwest Hills Planning Region
09160,5-17,15614,Connecticut,Northwest Hills Planning Region
09160,50-64,27061,Connecticut,Northwest Hills Planning Region
09160,65+,25101,Connecticut,Northwest Hills Planning Region
09170,0-4,28367,Connecticut,South Central Connecticut Planning Region
09170,18-49,234855,Connecticut,South Central Connecticut Planning Region
09170,5-17,83793,Connecticut,South Central Connecticut Planning Region
09170,50-64,116664,Connecticut,South Central Connecticut Planning Region
09170,65+,103124,Connecticut,South Central Connecticut Planning Region
09180,0-4,13480,Connecticut,Southeastern Connecticut Planning Region
09180,18-49,112357,Connecticut,Southeastern Connecticut Planning Region
09180,5-17,41141,Connecticut,Southeastern Connecticut Planning Region
09180,50-64,58904,Connecticut,Southeastern Connecticut Planning Region
09180,65+,53143,Connecticut,Southeastern Connecticut Planning Region
09190,0-4,33008,Connecticut,Western Connecticut Planning Region
09190,18-49,243311,Connecticut,Western Connecticut Planning Region
09190,5-17,103363,Connecticut,Western Connecticut Planning Region
09190,50-64,135836,Connecticut,Western Connecticut Planning Region
09190,65+,105714,Connecticut,Western Connecticut Planning Region
10001,0-4,10969,Delaware,Kent County
10001,18-49,75024,Delaware,Kent County
10001,5-17,31405,Delaware,Kent County
10001,50-64,34601,Delaware,Kent County
10001,65+,33044,Delaware,Kent County
10003,0-4,31591,Delaware,New Castle County
10003,18-49,240308,Delaware,New Castle County
10003,5-17,90962,Delaware,New Castle County
10003,50-64,115008,Delaware,New Castle County
10003,65+,95161,Delaware,New Castle County
10005,0-4,11985,Delaware,Sussex County
10005,18-49,74600,Delaware,Sussex County
10005,5-17,33484,Delaware,Sussex County
10005,50-64,54680,Delaware,Sussex County
10005,65+,73050,Delaware,Sussex County
11001,0-4,40916,District of Columbia,District of Columbia
11001,18-49,359824,District of Columbia,District of Columbia
11001,5-17,84759,District of Columbia,District of Columbia
11001,50-64,101079,District of Columbia,District of Columbia
11001,65+,85501,District of Columbia,District of Columbia
12001,0-4,13539,Florida,Alachua County
12001,18-49,147184,Florida,Alachua County
12001,5-17,36800,Florida,Alachua County
12001,50-64,42114,Florida,Alachua County
12001,65+,42114,Florida,Alachua County
12003,0-4,1811,Florida,Baker County
12003,18-49,11858,Florida,Baker County
12003,5-17,5003,Florida,Baker County
12003,50-64,5261,Florida,Baker County
12003,65+,4253,Florida,Baker County
12005,0-4,10115,Florida,Bay County
12005,18-49,71510,Florida,Bay County
12005,5-17,28034,Florida,Bay County
12005,50-64,38644,Florida,Bay County
12005,65+,33065,Florida,Bay County
12007,0-4,1410,Florida,Bradford County
12007,18-49,11767,Florida,Bradford County
12007,5-17,4302,Florida,Bradford County
12007,50-64,5354,Florida,Bradford County
12007,65+,5055,Florida,Bradford County
12009,0-4,27381,Florida,Brevard County
12009,18-49,217788,Florida,Brevard County
12009,5-17,85374,Florida,Brevard County
12009,50-64,139828,Florida,Brevard County
12009,65+,150162,Florida,Brevard County
12011,0-4,106739,Florida,Broward County
12011,18-49,793751,Florida,Broward County
12011,5-17,299993,Florida,Broward County
12011,50-64,403050,Florida,Broward County
12011,65+,342594,Florida,Broward County
12013,0-4,641,Florida,Calhoun County
12013,18-49,5592,Florida,Calhoun County
12013,5-17,2072,Florida,Calhoun County
12013,50-64,2860,Florida,Calhoun County
12013,65+,2428,Florida,Calhoun County
12015,0-4,5433,Florida,Charlotte County
12015,18-49,48292,Florida,Charlotte County
12015,5-17,17637,Florida,Charlotte County
12015,50-64,44848,Florida,Charlotte County
12015,65+,78873,Florida,Charlotte County
12017,0-4,5362,Florida,Citrus County
12017,18-49,42607,Florida,Citrus County
12017,5-17,18146,Florida,Citrus County
12017,50-64,34919,Florida,Citrus County
12017,65+,57659,Florida,Citrus County
12019,0-4,11684,Florida,Clay County
12019,18-49,88635,Florida,Clay County
12019,5-17,39632,Florida,Clay County
12019,50-64,45944,Florida,Clay County
12019,65+,37541,Florida,Clay County
12021,0-4,15948,Florida,Collier County
12021,18-49,116642,Florida,Collier County
12021,5-17,47689,Florida,Collier County
12021,50-64,77310,Florida,Collier County
12021,65+,130092,Florida,Collier County
12023,0-4,3978,Florida,Columbia County
12023,18-49,27038,Florida,Columbia County
12023,5-17,11768,Florida,Columbia County
12023,50-64,13828,Florida,Columbia County
12023,65+,14143,Florida,Columbia County
12027,0-4,1729,Florida,DeSoto County
12027,18-49,13802,Florida,DeSoto County
12027,5-17,4562,Florida,DeSoto County
12027,50-64,6372,Florida,DeSoto County
12027,65+,8254,Florida,DeSoto County
12029,0-4,715,Florida,Dixie County
12029,18-49,6155,Florida,Dixie County
12029,5-17,2370,Florida,Dixie County
12029,50-64,3705,Florida,Dixie County
12029,65+,4007,Florida,Dixie County
12031,0-4,64599,Florida,Duval County
12031,18-49,441979,Florida,Duval County
12031,5-17,162108,Florida,Duval County
12031,50-64,187633,Florida,Duval County
12031,65+,150870,Florida,Duval County
12033,0-4,18752,Florida,Escambia County
12033,18-49,136822,Florida,Escambia County
12033,5-17,49150,Florida,Escambia County
12033,50-64,61491,Florida,Escambia County
12033,65+,57060,Florida,Escambia County
12035,0-4,4359,Florida,Flagler County
12035,18-49,36862,Florida,Flagler County
12035,5-17,15519,Florida,Flagler County
12035,50-64,27137,Florida,Flagler County
12035,65+,37833,Florida,Flagler County
12037,0-4,455,Florida,Franklin County
12037,18-49,4463,Florida,Franklin County
12037,5-17,1446,Florida,Franklin County
12037,50-64,2797,Florida,Franklin County
12037,65+,3257,Florida,Franklin County
12039,0-4,2550,Florida,Gadsden County
12039,18-49,16380,Florida,Gadsden County
12039,5-17,7141,Florida,Gadsden County
12039,50-64,9086,Florida,Gadsden County
12039,65+,8485,Florida,Gadsden County
12041,0-4,998,Florida,Gilchrist County
12041,18-49,6839,Florida,Gilchrist County
12041,5-17,2853,Florida,Gilchrist County
12041,50-64,4067,Florida,Gilchrist County
12041,65+,3737,Florida,Gilchrist County
12043,0-4,365,Florida,Glades County
12043,18-49,5063,Florida,Glades County
12043,5-17,1321,Florida,Glades County
12043,50-64,2302,Florida,Glades County
12043,65+,3273,Florida,Glades County
12045,0-4,526,Florida,Gulf County
12045,18-49,5741,Florida,Gulf County
12045,5-17,1663,Florida,Gulf County
12045,50-64,3373,Florida,Gulf County
12045,65+,3469,Florida,Gulf County
12047,0-4,653,Florida,Hamilton County
12047,18-49,5427,Florida,Hamilton County
12047,5-17,2116,Florida,Hamilton County
12047,50-64,2615,Florida,Hamilton County
12047,65+,2634,Florida,Hamilton County
12049,0-4,1613,Florida,Hardee County
12049,18-49,10471,Florida,Hardee County
12049,5-17,4797,Florida,Hardee County
12049,50-64,4470,Florida,Hardee County
12049,65+,4157,Florida,Hardee County
12051,0-4,3010,Florida,Hendry County
12051,18-49,17868,Florida,Hendry County
12051,5-17,7278,Florida,Hendry County
12051,50-64,7102,Florida,Hendry County
12051,65+,5540,Florida,Hendry County
12053,0-4,8760,Florida,Hernando County
12053,18-49,68360,Florida,Hernando County
12053,5-17,28606,Florida,Hernando County
12053,50-64,42259,Florida,Hernando County
12053,65+,53527,Florida,Hernando County
12055,0-4,4280,Florida,Highlands County
12055,18-49,30000,Florida,Highlands County
12055,5-17,13197,Florida,Highlands County
12055,50-64,19031,Florida,Highlands County
12055,65+,37300,Florida,Highlands County
12057,0-4,85682,Florida,Hillsborough County
12057,18-49,665057,Florida,Hillsborough County
12057,5-17,239342,Florida,Hillsborough County
12057,50-64,278432,Florida,Hillsborough County
12057,65+,221121,Florida,Hillsborough County
12059,0-4,989,Florida,Holmes County
12059,18-49,7592,Florida,Holmes County
12059,5-17,3041,Florida,Holmes County
12059,50-64,4038,Florida,Holmes County
12059,65+,3966,Florida,Holmes County
12061,0-4,6295,Florida,Indian River County
12061,18-49,47666,Florida,Indian River County
12061,5-17,18680,Florida,Indian River County
12061,50-64,35192,Florida,Indian River County
12061,65+,56023,Florida,Indian River County
12063,0-4,2430,Florida,Jackson County
12063,18-49,19352,Florida,Jackson County
12063,5-17,6635,Florida,Jackson County
12063,50-64,9274,Florida,Jackson County
12063,65+,9961,Florida,Jackson County
12065,0-4,604,Florida,Jefferson County
12065,18-49,5270,Florida,Jefferson County
12065,5-17,1925,Florida,Jefferson County
12065,50-64,3309,Florida,Jefferson County
12065,65+,3605,Florida,Jefferson County
12067,0-4,324,Florida,Lafayette County
12067,18-49,3520,Florida,Lafayette County
12067,5-17,1132,Florida,Lafayette County
12067,50-64,1447,Florida,Lafayette County
12067,65+,1612,Florida,Lafayette County
12069,0-4,18798,Florida,Lake County
12069,18-49,137850,Florida,Lake County
12069,5-17,57274,Florida,Lake County
12069,50-64,78619,Florida,Lake County
12069,65+,106155,Florida,Lake County
12071,0-4,35395,Florida,Lee County
12071,18-49,266767,Florida,Lee County
12071,5-17,101066,Florida,Lee County
12071,50-64,159984,Florida,Lee County
12071,65+,229480,Florida,Lee County
12073,0-4,14560,Florida,Leon County
12073,18-49,152573,Florida,Leon County
12073,5-17,40371,Florida,Leon County
12073,50-64,45285,Florida,Leon County
12073,65+,42546,Florida,Leon County
12075,0-4,2183,Florida,Levy County
12075,18-49,14903,Florida,Levy County
12075,5-17,6504,Florida,Levy County
12075,50-64,9627,Florida,Levy County
12075,65+,11059,Florida,Levy County
12077,0-4,280,Florida,Liberty County
12077,18-49,3534,Florida,Liberty County
12077,5-17,1188,Florida,Liberty County
12077,50-64,1595,Florida,Liberty County
12077,65+,1053,Florida,Liberty County
12079,0-4,867,Florida,Madison County
12079,18-49,6936,Florida,Madison County
12079,5-17,2353,Florida,Madison County
12079,50-64,3861,Florida,Madison County
12079,65+,4096,Florida,Madison County
12081,0-4,18216,Florida,Manatee County
12081,18-49,136882,Florida,Manatee County
12081,5-17,55471,Florida,Manatee County
12081,50-64,88026,Florida,Manatee County
12081,65+,117425,Florida,Manatee County
12083,0-4,18319,Florida,Marion County
12083,18-49,127715,Florida,Marion County
12083,5-17,54613,Florida,Marion County
12083,50-64,75594,Florida,Marion County
12083,65+,111456,Florida,Marion County
12085,0-4,6391,Florida,Martin County
12085,18-49,48364,Florida,Martin County
12085,5-17,19685,Florida,Martin County
12085,50-64,35032,Florida,Martin County
12085,65+,50992,Florida,Martin County
12086,0-4,147638,Florida,Miami-Dade County
12086,18-49,1143884,Florida,Miami-Dade County
12086,5-17,393057,Florida,Miami-Dade County
12086,50-64,548603,Florida,Miami-Dade County
12086,65+,452114,Florida,Miami-Dade County
12087,0-4,3552,Florida,Monroe County
12087,18-49,29247,Florida,Monroe County
12087,5-17,9217,Florida,Monroe County
12087,50-64,19936,Florida,Monroe County
12087,65+,19888,Florida,Monroe County
12089,0-4,4484,Florida,Nassau County
12089,18-49,32967,Florida,Nassau County
12089,5-17,14037,Florida,Nassau County
12089,50-64,21068,Florida,Nassau County
12089,65+,22097,Florida,Nassau County
12091,0-4,13396,Florida,Okaloosa County
12091,18-49,90870,Florida,Okaloosa County
12091,5-17,35041,Florida,Okaloosa County
12091,50-64,39868,Florida,Okaloosa County
12091,65+,35106,Florida,Okaloosa County
12093,0-4,2326,Florida,Okeechobee County
12093,18-49,15722,Florida,Okeechobee County
12093,5-17,6288,Florida,Okeechobee County
12093,50-64,7841,Florida,Okeechobee County
12093,65+,8072,Florida,Okeechobee County
12095,0-4,82213,Florida,Orange County
12095,18-49,688249,Florida,Orange County
12095,5-17,228453,Florida,Orange County
12095,50-64,257875,Florida,Orange County
12095,65+,183681,Florida,Orange County
12097,0-4,24257,Florida,Osceola County
12097,18-49,183018,Florida,Osceola County
12097,5-17,73527,Florida,Osceola County
12097,50-64,71649,Florida,Osceola County
12097,65+,54492,Florida,Osceola County
12099,0-4,74364,Florida,Palm Beach County
12099,18-49,551773,Florida,Palm Beach County
12099,5-17,210448,Florida,Palm Beach County
12099,50-64,300071,Florida,Palm Beach County
12099,65+,370797,Florida,Palm Beach County
12101,0-4,29016,Florida,Pasco County
12101,18-49,221370,Florida,Pasco County
12101,5-17,90528,Florida,Pasco County
12101,50-64,118183,Florida,Pasco County
12101,65+,129661,Florida,Pasco County
12103,0-4,38122,Florida,Pinellas County
12103,18-49,342140,Florida,Pinellas County
12103,5-17,112337,Florida,Pinellas County
12103,50-64,219506,Florida,Pinellas County
12103,65+,248460,Florida,Pinellas County
12105,0-4,42847,Florida,Polk County
12105,18-49,307310,Florida,Polk County
12105,5-17,125123,Florida,Polk County
12105,50-64,136050,Florida,Polk County
12105,65+,149631,Florida,Polk County
12107,0-4,4114,Florida,Putnam County
12107,18-49,25402,Florida,Putnam County
12107,5-17,11756,Florida,Putnam County
12107,50-64,15491,Florida,Putnam County
12107,65+,17472,Florida,Putnam County
12109,0-4,13505,Florida,St. Johns County
12109,18-49,106399,Florida,St. Johns County
12109,5-17,49840,Florida,St. Johns County
12109,50-64,61542,Florida,St. Johns County
12109,65+,60957,Florida,St. Johns County
12111,0-4,17163,Florida,St. Lucie County
12111,18-49,123240,Florida,St. Lucie County
12111,5-17,51172,Florida,St. Lucie County
12111,50-64,69929,Florida,St. Lucie County
12111,65+,84733,Florida,St. Lucie County
12113,0-4,10366,Florida,Santa Rosa County
12113,18-49,79249,Florida,Santa Rosa County
12113,5-17,32185,Florida,Santa Rosa County
12113,50-64,40029,Florida,Santa Rosa County
12113,65+,31890,Florida,Santa Rosa County
12115,0-4,14988,Florida,Sarasota County
12115,18-49,122540,Florida,Sarasota County
12115,5-17,48076,Florida,Sarasota County
12115,50-64,95876,Florida,Sarasota County
12115,65+,167531,Florida,Sarasota County
12117,0-4,23755,Florida,Seminole County
12117,18-49,206488,Florida,Seminole County
12117,5-17,74650,Florida,Seminole County
12117,50-64,92540,Florida,Seminole County
12117,65+,77479,Florida,Seminole County
12119,0-4,2534,Florida,Sumter County
12119,18-49,23965,Florida,Sumter County
12119,5-17,7235,Florida,Sumter County
12119,50-64,24339,Florida,Sumter County
12119,65+,79463,Florida,Sumter County
12121,0-4,2110,Florida,Suwannee County
12121,18-49,16724,Florida,Suwannee County
12121,5-17,7283,Florida,Suwannee County
12121,50-64,8999,Florida,Suwannee County
12121,65+,9368,Florida,Suwannee County
12123,0-4,931,Florida,Taylor County
12123,18-49,8361,Florida,Taylor County
12123,5-17,3367,Florida,Taylor County
12123,50-64,4296,Florida,Taylor County
12123,65+,4467,Florida,Taylor County
12125,0-4,852,Florida,Union County
12125,18-49,6344,Florida,Union County
12125,5-17,2447,Florida,Union County
12125,50-64,3234,Florida,Union County
12125,65+,2674,Florida,Union County
12127,0-4,25456,Florida,Volusia County
12127,18-49,204255,Florida,Volusia County
12127,5-17,74004,Florida,Volusia County
12127,50-64,121930,Florida,Volusia County
12127,65+,142584,Florida,Volusia County
12129,0-4,1744,Florida,Wakulla County
12129,18-49,14414,Florida,Wakulla County
12129,5-17,5316,Florida,Wakulla County
12129,50-64,7384,Florida,Wakulla County
12129,65+,5750,Florida,Wakulla County
12131,0-4,4583,Florida,Walton County
12131,18-49,29337,Florida,Walton County
12131,5-17,11988,Florida,Walton County
12131,50-64,18137,Florida,Walton County
12131,65+,15801,Florida,Walton County
12133,0-4,1274,Florida,Washington County
12133,18-49,10160,Florida,Washington County
12133,5-17,3806,Florida,Washington County
12133,50-64,5386,Florida,Washington County
12133,65+,4633,Florida,Washington County
13001,0-4,1156,Georgia,Appling County
13001,18-49,6873,Georgia,Appling County
13001,5-17,3378,Georgia,Appling County
13001,50-64,3702,Georgia,Appling County
13001,65+,3317,Georgia,Appling County
13003,0-4,545,Georgia,Atkinson County
13003,18-49,3511,Georgia,Atkinson County
13003,5-17,1554,Georgia,Atkinson County
13003,50-64,1528,Georgia,Atkinson County
13003,65+,1123,Georgia,Atkinson County
13005,0-4,515,Georgia,Bacon County
13005,18-49,4388,Georgia,Bacon County
13005,5-17,2314,Georgia,Bacon County
13005,50-64,2039,Georgia,Bacon County
13005,65+,1873,Georgia,Bacon County
13007,0-4,67,Georgia,Baker County
13007,18-49,962,Georgia,Baker County
13007,5-17,455,Georgia,Baker County
13007,50-64,608,Georgia,Baker County
13007,65+,738,Georgia,Baker County
13009,0-4,2014,Georgia,Baldwin County
13009,18-49,20060,Georgia,Baldwin County
13009,5-17,6260,Georgia,Baldwin County
13009,50-64,8042,Georgia,Baldwin County
13009,65+,7293,Georgia,Baldwin County
13011,0-4,948,Georgia,Banks County
13011,18-49,7171,Georgia,Banks County
13011,5-17,3069,Georgia,Banks County
13011,50-64,4354,Georgia,Banks County
13011,65+,3215,Georgia,Banks County
13013,0-4,5549,Georgia,Barrow County
13013,18-49,38135,Georgia,Barrow County
13013,5-17,16547,Georgia,Barrow County
13013,50-64,15610,Georgia,Barrow County
13013,65+,11141,Georgia,Barrow County
13015,0-4,6761,Georgia,Bartow County
13015,18-49,46139,Georgia,Bartow County
13015,5-17,19458,Georgia,Bartow County
13015,50-64,22644,Georgia,Bartow County
13015,65+,16151,Georgia,Bartow County
13017,0-4,1010,Georgia,Ben Hill County
13017,18-49,6642,Georgia,Ben Hill County
13017,5-17,3219,Georgia,Ben Hill County
13017,50-64,3221,Georgia,Ben Hill County
13017,65+,3046,Georgia,Ben Hill County
13019,0-4,1129,Georgia,Berrien County
13019,18-49,7071,Georgia,Berrien County
13019,5-17,3218,Georgia,Berrien County
13019,50-64,3597,Georgia,Berrien County
13019,65+,3242,Georgia,Berrien County
13021,0-4,10102,Georgia,Bibb County
13021,18-49,64637,Georgia,Bibb County
13021,5-17,28185,Georgia,Bibb County
13021,50-64,28265,Georgia,Bibb County
13021,65+,25354,Georgia,Bibb County
13023,0-4,524,Georgia,Bleckley County
13023,18-49,5334,Georgia,Bleckley County
13023,5-17,1953,Georgia,Bleckley County
13023,50-64,2405,Georgia,Bleckley County
13023,65+,2198,Georgia,Bleckley County
13025,0-4,919,Georgia,Brantley County
13025,18-49,7069,Georgia,Brantley County
13025,5-17,3146,Georgia,Brantley County
13025,50-64,3947,Georgia,Brantley County
13025,65+,3090,Georgia,Brantley County
13027,0-4,953,Georgia,Brooks County
13027,18-49,6031,Georgia,Brooks County
13027,5-17,2499,Georgia,Brooks County
13027,50-64,3419,Georgia,Brooks County
13027,65+,3383,Georgia,Brooks County
13029,0-4,3342,Georgia,Bryan County
13029,18-49,20682,Georgia,Bryan County
13029,5-17,10314,Georgia,Bryan County
13029,50-64,7325,Georgia,Bryan County
13029,65+,5018,Georgia,Bryan County
13031,0-4,4549,Georgia,Bulloch County
13031,18-49,42825,Georgia,Bulloch County
13031,5-17,11856,Georgia,Bulloch County
13031,50-64,12306,Georgia,Bulloch County
13031,65+,9836,Georgia,Bulloch County
13033,0-4,1453,Georgia,Burke County
13033,18-49,9240,Georgia,Burke County
13033,5-17,4614,Georgia,Burke County
13033,50-64,4967,Georgia,Burke County
13033,65+,4153,Georgia,Burke County
13035,0-4,1172,Georgia,Butts County
13035,18-49,11271,Georgia,Butts County
13035,5-17,4178,Georgia,Butts County
13035,50-64,5408,Georgia,Butts County
13035,65+,4045,Georgia,Butts County
13037,0-4,227,Georgia,Calhoun County
13037,18-49,2726,Georgia,Calhoun County
13037,5-17,642,Georgia,Calhoun County
13037,50-64,1002,Georgia,Calhoun County
13037,65+,931,Georgia,Calhoun County
13039,0-4,3755,Georgia,Camden County
13039,18-49,24698,Georgia,Camden County
13039,5-17,9726,Georgia,Camden County
13039,50-64,9622,Georgia,Camden County
13039,65+,8235,Georgia,Camden County
13043,0-4,665,Georgia,Candler County
13043,18-49,4017,Georgia,Candler County
13043,5-17,2089,Georgia,Candler County
13043,50-64,2195,Georgia,Candler County
13043,65+,2006,Georgia,Candler County
13045,0-4,7675,Georgia,Carroll County
13045,18-49,54133,Georgia,Carroll County
13045,5-17,21449,Georgia,Carroll County
13045,50-64,21818,Georgia,Carroll County
13045,65+,17112,Georgia,Carroll County
13047,0-4,3485,Georgia,Catoosa County
13047,18-49,26900,Georgia,Catoosa County
13047,5-17,11814,Georgia,Catoosa County
13047,50-64,13686,Georgia,Catoosa County
13047,65+,12471,Georgia,Catoosa County
13049,0-4,476,Georgia,Charlton County
13049,18-49,6037,Georgia,Charlton County
13049,5-17,2026,Georgia,Charlton County
13049,50-64,2300,Georgia,Charlton County
13049,65+,1872,Georgia,Charlton County
13051,0-4,17495,Georgia,Chatham County
13051,18-49,133742,Georgia,Chatham County
13051,5-17,44915,Georgia,Chatham County
13051,50-64,53177,Georgia,Chatham County
13051,65+,48814,Georgia,Chatham County
13053,0-4,675,Georgia,Chattahoochee County
13053,18-49,6483,Georgia,Chattahoochee County
13053,5-17,1084,Georgia,Chattahoochee County
13053,50-64,634,Georgia,Chattahoochee County
13053,65+,305,Georgia,Chattahoochee County
13055,0-4,1397,Georgia,Chattooga County
13055,18-49,9980,Georgia,Chattooga County
13055,5-17,3985,Georgia,Chattooga County
13055,50-64,5035,Georgia,Chattooga County
13055,65+,4578,Georgia,Chattooga County
13057,0-4,15080,Georgia,Cherokee County
13057,18-49,112499,Georgia,Cherokee County
13057,5-17,48857,Georgia,Cherokee County
13057,50-64,55888,Georgia,Cherokee County
13057,65+,42215,Georgia,Cherokee County
13059,0-4,6247,Georgia,Clarke County
13059,18-49,74250,Georgia,Clarke County
13059,5-17,15689,Georgia,Clarke County
13059,50-64,17485,Georgia,Clarke County
13059,65+,15596,Georgia,Clarke County
13061,0-4,119,Georgia,Clay County
13061,18-49,945,Georgia,Clay County
13061,5-17,442,Georgia,Clay County
13061,50-64,454,Georgia,Clay County
13061,65+,893,Georgia,Clay County
13063,0-4,20910,Georgia,Clayton County
13063,18-49,133349,Georgia,Clayton County
13063,5-17,60579,Georgia,Clayton County
13063,50-64,53250,Georgia,Clayton County
13063,65+,30683,Georgia,Clayton County
13065,0-4,436,Georgia,Clinch County
13065,18-49,2758,Georgia,Clinch County
13065,5-17,1243,Georgia,Clinch County
13065,50-64,1163,Georgia,Clinch County
13065,65+,1122,Georgia,Clinch County
13067,0-4,44004,Georgia,Cobb County
13067,18-49,343508,Georgia,Cobb County
13067,5-17,132078,Georgia,Cobb County
13067,50-64,147669,Georgia,Cobb County
13067,65+,101893,Georgia,Cobb County
13069,0-4,2939,Georgia,Coffee County
13069,18-49,18745,Georgia,Coffee County
13069,5-17,7683,Georgia,Coffee County
13069,50-64,7491,Georgia,Coffee County
13069,65+,6303,Georgia,Coffee County
13071,0-4,3016,Georgia,Colquitt County
13071,18-49,18674,Georgia,Colquitt County
13071,5-17,8809,Georgia,Colquitt County
13071,50-64,8316,Georgia,Colquitt County
13071,65+,7092,Georgia,Colquitt County
13073,0-4,9632,Georgia,Columbia County
13073,18-49,67469,Georgia,Columbia County
13073,5-17,30398,Georgia,Columbia County
13073,50-64,28669,Georgia,Columbia County
13073,65+,23470,Georgia,Columbia County
13075,0-4,1162,Georgia,Cook County
13075,18-49,6808,Georgia,Cook County
13075,5-17,3238,Georgia,Cook County
13075,50-64,3352,Georgia,Cook County
13075,65+,2803,Georgia,Cook County
13077,0-4,8380,Georgia,Coweta County
13077,18-49,61259,Georgia,Coweta County
13077,5-17,26753,Georgia,Coweta County
13077,50-64,31565,Georgia,Coweta County
13077,65+,22114,Georgia,Coweta County
13079,0-4,598,Georgia,Crawford County
13079,18-49,4206,Georgia,Crawford County
13079,5-17,1935,Georgia,Crawford County
13079,50-64,3015,Georgia,Crawford County
13079,65+,2429,Georgia,Crawford County
13081,0-4,1291,Georgia,Crisp County
13081,18-49,7432,Georgia,Crisp County
13081,5-17,3378,Georgia,Crisp County
13081,50-64,4021,Georgia,Crisp County
13081,65+,3873,Georgia,Crisp County
13083,0-4,875,Georgia,Dade County
13083,18-49,6441,Georgia,Dade County
13083,5-17,2303,Georgia,Dade County
13083,50-64,3272,Georgia,Dade County
13083,65+,3305,Georgia,Dade County
13085,0-4,1548,Georgia,Dawson County
13085,18-49,11011,Georgia,Dawson County
13085,5-17,4205,Georgia,Dawson County
13085,50-64,6339,Georgia,Dawson County
13085,65+,5601,Georgia,Dawson County
13087,0-4,1961,Georgia,Decatur County
13087,18-49,11411,Georgia,Decatur County
13087,5-17,5129,Georgia,Decatur County
13087,50-64,5723,Georgia,Decatur County
13087,65+,4894,Georgia,Decatur County
13089,0-4,50486,Georgia,DeKalb County
13089,18-49,347791,Georgia,DeKalb County
13089,5-17,124853,Georgia,DeKalb County
13089,50-64,137523,Georgia,DeKalb County
13089,65+,101452,Georgia,DeKalb County
13091,0-4,892,Georgia,Dodge County
13091,18-49,8185,Georgia,Dodge County
13091,5-17,2893,Georgia,Dodge County
13091,50-64,4120,Georgia,Dodge County
13091,65+,3819,Georgia,Dodge County
13093,0-4,441,Georgia,Dooly County
13093,18-49,4422,Georgia,Dooly County
13093,5-17,1312,Georgia,Dooly County
13093,50-64,2427,Georgia,Dooly County
13093,65+,2424,Georgia,Dooly County
13095,0-4,5469,Georgia,Dougherty County
13095,18-49,34289,Georgia,Dougherty County
13095,5-17,14808,Georgia,Dougherty County
13095,50-64,15094,Georgia,Dougherty County
13095,65+,14255,Georgia,Dougherty County
13097,0-4,8662,Georgia,Douglas County
13097,18-49,62212,Georgia,Douglas County
13097,5-17,28734,Georgia,Douglas County
13097,50-64,29067,Georgia,Douglas County
13097,65+,17466,Georgia,Douglas County
13099,0-4,645,Georgia,Early County
13099,18-49,3850,Georgia,Early County
13099,5-17,1972,Georgia,Early County
13099,50-64,2149,Georgia,Early County
13099,65+,2067,Georgia,Early County
13101,0-4,283,Georgia,Echols County
13101,18-49,1500,Georgia,Echols County
13101,5-17,751,Georgia,Echols County
13101,50-64,703,Georgia,Echols County
13101,65+,468,Georgia,Echols County
13103,0-4,4369,Georgia,Effingham County
13103,18-49,28635,Georgia,Effingham County
13103,5-17,13542,Georgia,Effingham County
13103,50-64,12480,Georgia,Effingham County
13103,65+,8239,Georgia,Effingham County
13105,0-4,1340,Georgia,Elbert County
13105,18-49,7113,Georgia,Elbert County
13105,5-17,2996,Georgia,Elbert County
13105,50-64,4091,Georgia,Elbert County
13105,65+,4185,Georgia,Elbert County
13107,0-4,1490,Georgia,Emanuel County
13107,18-49,9372,Georgia,Emanuel County
13107,5-17,4260,Georgia,Emanuel County
13107,50-64,4141,Georgia,Emanuel County
13107,65+,3698,Georgia,Emanuel County
13109,0-4,586,Georgia,Evans County
13109,18-49,4272,Georgia,Evans County
13109,5-17,2169,Georgia,Evans County
13109,50-64,1867,Georgia,Evans County
13109,65+,1846,Georgia,Evans County
13111,0-4,1061,Georgia,Fannin County
13111,18-49,7566,Georgia,Fannin County
13111,5-17,3005,Georgia,Fannin County
13111,50-64,6194,Georgia,Fannin County
13111,65+,7779,Georgia,Fannin County
13113,0-4,5225,Georgia,Fayette County
13113,18-49,43371,Georgia,Fayette County
13113,5-17,22283,Georgia,Fayette County
13113,50-64,26254,Georgia,Fayette County
13113,65+,23556,Georgia,Fayette County
13115,0-4,5656,Georgia,Floyd County
13115,18-49,41287,Georgia,Floyd County
13115,5-17,16938,Georgia,Floyd County
13115,50-64,18587,Georgia,Floyd County
13115,65+,16517,Georgia,Floyd County
13117,0-4,14327,Georgia,Forsyth County
13117,18-49,108979,Georgia,Forsyth County
13117,5-17,53860,Georgia,Forsyth County
13117,50-64,50483,Georgia,Forsyth County
13117,65+,32413,Georgia,Forsyth County
13119,0-4,1290,Georgia,Franklin County
13119,18-49,9170,Georgia,Franklin County
13119,5-17,3998,Georgia,Franklin County
13119,50-64,4943,Georgia,Franklin County
13119,65+,4439,Georgia,Franklin County
13121,0-4,57746,Georgia,Fulton County
13121,18-49,515700,Georgia,Fulton County
13121,5-17,167856,Georgia,Fulton County
13121,50-64,195016,Georgia,Fulton County
13121,65+,132189,Georgia,Fulton County
13123,0-4,1557,Georgia,Gilmer County
13123,18-49,10066,Georgia,Gilmer County
13123,5-17,4387,Georgia,Gilmer County
13123,50-64,7539,Georgia,Gilmer County
13123,65+,8427,Georgia,Gilmer County
13125,0-4,114,Georgia,Glascock County
13125,18-49,1170,Georgia,Glascock County
13125,5-17,512,Georgia,Glascock County
13125,50-64,586,Georgia,Glascock County
13125,65+,531,Georgia,Glascock County
13127,0-4,4425,Georgia,Glynn County
13127,18-49,31123,Georgia,Glynn County
13127,5-17,13484,Georgia,Glynn County
13127,50-64,17032,Georgia,Glynn County
13127,65+,18923,Georgia,Glynn County
13129,0-4,3342,Georgia,Gordon County
13129,18-49,24060,Georgia,Gordon County
13129,5-17,10280,Georgia,Gordon County
13129,50-64,11674,Georgia,Gordon County
13129,65+,8980,Georgia,Gordon County
13131,0-4,1612,Georgia,Grady County
13131,18-49,9624,Georgia,Grady County
13131,5-17,4839,Georgia,Grady County
13131,50-64,5096,Georgia,Grady County
13131,65+,4885,Georgia,Grady County
13133,0-4,792,Georgia,Greene County
13133,18-49,5733,Georgia,Greene County
13133,5-17,2670,Georgia,Greene County
13133,50-64,4439,Georgia,Greene County
13133,65+,5952,Georgia,Greene County
13135,0-4,59771,Georgia,Gwinnett County
13135,18-49,422958,Georgia,Gwinnett County
13135,5-17,195451,Georgia,Gwinnett County
13135,50-64,183316,Georgia,Gwinnett County
13135,65+,105476,Georgia,Gwinnett County
13137,0-4,2673,Georgia,Habersham County
13137,18-49,18815,Georgia,Habersham County
13137,5-17,7614,Georgia,Habersham County
13137,50-64,8915,Georgia,Habersham County
13137,65+,8931,Georgia,Habersham County
13139,0-4,12795,Georgia,Hall County
13139,18-49,84973,Georgia,Hall County
13139,5-17,37568,Georgia,Hall County
13139,50-64,39774,Georgia,Hall County
13139,65+,33285,Georgia,Hall County
13141,0-4,165,Georgia,Hancock County
13141,18-49,3263,Georgia,Hancock County
13141,5-17,1138,Georgia,Hancock County
13141,50-64,1937,Georgia,Hancock County
13141,65+,2127,Georgia,Hancock County
13143,0-4,1868,Georgia,Haralson County
13143,18-49,12308,Georgia,Haralson County
13143,5-17,5455,Georgia,Haralson County
13143,50-64,6239,Georgia,Haralson County
13143,65+,4850,Georgia,Haralson County
13145,0-4,1742,Georgia,Harris County
13145,18-49,13238,Georgia,Harris County
13145,5-17,5895,Georgia,Harris County
13145,50-64,7954,Georgia,Harris County
13145,65+,6680,Georgia,Harris County
13147,0-4,1326,Georgia,Hart County
13147,18-49,9539,Georgia,Hart County
13147,5-17,4142,Georgia,Hart County
13147,50-64,5530,Georgia,Hart County
13147,65+,5947,Georgia,Hart County
13149,0-4,605,Georgia,Heard County
13149,18-49,4411,Georgia,Heard County
13149,5-17,2100,Georgia,Heard County
13149,50-64,2474,Georgia,Heard County
13149,65+,2026,Georgia,Heard County
13151,0-4,13875,Georgia,Henry County
13151,18-49,104196,Georgia,Henry County
13151,5-17,48074,Georgia,Henry County
13151,50-64,49279,Georgia,Henry County
13151,65+,29993,Georgia,Henry County
13153,0-4,10492,Georgia,Houston County
13153,18-49,71568,Georgia,Houston County
13153,5-17,32287,Georgia,Houston County
13153,50-64,30201,Georgia,Houston County
13153,65+,22354,Georgia,Houston County
13155,0-4,457,Georgia,Irwin County
13155,18-49,3798,Georgia,Irwin County
13155,5-17,1652,Georgia,Irwin County
13155,50-64,1843,Georgia,Irwin County
13155,65+,1635,Georgia,Irwin County
13157,0-4,4972,Georgia,Jackson County
13157,18-49,33388,Georgia,Jackson County
13157,5-17,15398,Georgia,Jackson County
13157,50-64,15191,Georgia,Jackson County
13157,65+,11691,Georgia,Jackson County
13159,0-4,751,Georgia,Jasper County
13159,18-49,5649,Georgia,Jasper County
13159,5-17,2847,Georgia,Jasper County
13159,50-64,3407,Georgia,Jasper County
13159,65+,2691,Georgia,Jasper County
13161,0-4,897,Georgia,Jeff Davis County
13161,18-49,5810,Georgia,Jeff Davis County
13161,5-17,2996,Georgia,Jeff Davis County
13161,50-64,2827,Georgia,Jeff Davis County
13161,65+,2308,Georgia,Jeff Davis County
13163,0-4,889,Georgia,Jefferson County
13163,18-49,6009,Georgia,Jefferson County
13163,5-17,2623,Georgia,Jefferson County
13163,50-64,3074,Georgia,Jefferson County
13163,65+,2873,Georgia,Jefferson County
13165,0-4,255,Georgia,Jenkins County
13165,18-49,3268,Georgia,Jenkins County
13165,5-17,1357,Georgia,Jenkins County
13165,50-64,1992,Georgia,Jenkins County
13165,65+,1802,Georgia,Jenkins County
13167,0-4,469,Georgia,Johnson County
13167,18-49,3950,Georgia,Johnson County
13167,5-17,1187,Georgia,Johnson County
13167,50-64,1752,Georgia,Johnson County
13167,65+,1834,Georgia,Johnson County
13169,0-4,1500,Georgia,Jones County
13169,18-49,10999,Georgia,Jones County
13169,5-17,5018,Georgia,Jones County
13169,50-64,5846,Georgia,Jones County
13169,65+,5163,Georgia,Jones County
13171,0-4,1055,Georgia,Lamar County
13171,18-49,8056,Georgia,Lamar County
13171,5-17,3079,Georgia,Lamar County
13171,50-64,3661,Georgia,Lamar County
13171,65+,3247,Georgia,Lamar County
13173,0-4,637,Georgia,Lanier County
13173,18-49,4415,Georgia,Lanier County
13173,5-17,1663,Georgia,Lanier County
13173,50-64,1914,Georgia,Lanier County
13173,65+,1465,Georgia,Lanier County
13175,0-4,3055,Georgia,Laurens County
13175,18-49,18998,Georgia,Laurens County
13175,5-17,9276,Georgia,Laurens County
13175,50-64,9298,Georgia,Laurens County
13175,65+,8992,Georgia,Laurens County
13177,0-4,1994,Georgia,Lee County
13177,18-49,14119,Georgia,Lee County
13177,5-17,6633,Georgia,Lee County
13177,50-64,6014,Georgia,Lee County
13177,65+,4577,Georgia,Lee County
13179,0-4,6414,Georgia,Liberty County
13179,18-49,33249,Georgia,Liberty County
13179,5-17,12080,Georgia,Liberty County
13179,50-64,8525,Georgia,Liberty County
13179,65+,6558,Georgia,Liberty County
13181,0-4,310,Georgia,Lincoln County
13181,18-49,2551,Georgia,Lincoln County
13181,5-17,1166,Georgia,Lincoln County
13181,50-64,1784,Georgia,Lincoln County
13181,65+,1962,Georgia,Lincoln County
13183,0-4,1281,Georgia,Long County
13183,18-49,8050,Georgia,Long County
13183,5-17,3576,Georgia,Long County
13183,50-64,2995,Georgia,Long County
13183,65+,1610,Georgia,Long County
13185,0-4,8019,Georgia,Lowndes County
13185,18-49,56159,Georgia,Lowndes County
13185,5-17,21263,Georgia,Lowndes County
13185,50-64,18148,Georgia,Lowndes County
13185,65+,15466,Georgia,Lowndes County
13187,0-4,1603,Georgia,Lumpkin County
13187,18-49,15659,Georgia,Lumpkin County
13187,5-17,4206,Georgia,Lumpkin County
13187,50-64,6282,Georgia,Lumpkin County
13187,65+,6181,Georgia,Lumpkin County
13189,0-4,1176,Georgia,McDuffie County
13189,18-49,7879,Georgia,McDuffie County
13189,5-17,4248,Georgia,McDuffie County
13189,50-64,4380,Georgia,McDuffie County
13189,65+,4004,Georgia,McDuffie County
13191,0-4,301,Georgia,McIntosh County
13191,18-49,3654,Georgia,McIntosh County
13191,5-17,1397,Georgia,McIntosh County
13191,50-64,2556,Georgia,McIntosh County
13191,65+,3279,Georgia,McIntosh County
13193,0-4,605,Georgia,Macon County
13193,18-49,5173,Georgia,Macon County
13193,5-17,1643,Georgia,Macon County
13193,50-64,2345,Georgia,Macon County
13193,65+,2187,Georgia,Macon County
13195,0-4,1933,Georgia,Madison County
13195,18-49,12254,Georgia,Madison County
13195,5-17,5291,Georgia,Madison County
13195,50-64,5841,Georgia,Madison County
13195,65+,5595,Georgia,Madison County
13197,0-4,352,Georgia,Marion County
13197,18-49,2693,Georgia,Marion County
13197,5-17,1165,Georgia,Marion County
13197,50-64,1675,Georgia,Marion County
13197,65+,1589,Georgia,Marion County
13199,0-4,1134,Georgia,Meriwether County
13199,18-49,7498,Georgia,Meriwether County
13199,5-17,3349,Georgia,Meriwether County
13199,50-64,4443,Georgia,Meriwether County
13199,65+,4333,Georgia,Meriwether County
13201,0-4,326,Georgia,Miller County
13201,18-49,2108,Georgia,Miller County
13201,5-17,1016,Georgia,Miller County
13201,50-64,1140,Georgia,Miller County
13201,65+,1283,Georgia,Miller County
13205,0-4,1214,Georgia,Mitchell County
13205,18-49,8459,Georgia,Mitchell County
13205,5-17,3689,Georgia,Mitchell County
13205,50-64,4202,Georgia,Mitchell County
13205,65+,3877,Georgia,Mitchell County
13207,0-4,1407,Georgia,Monroe County
13207,18-49,11310,Georgia,Monroe County
13207,5-17,4660,Georgia,Monroe County
13207,50-64,6095,Georgia,Monroe County
13207,65+,5447,Georgia,Monroe County
13209,0-4,463,Georgia,Montgomery County
13209,18-49,3684,Georgia,Montgomery County
13209,5-17,1314,Georgia,Montgomery County
13209,50-64,1702,Georgia,Montgomery County
13209,65+,1512,Georgia,Montgomery County
13211,0-4,1099,Georgia,Morgan County
13211,18-49,7537,Georgia,Morgan County
13211,5-17,3510,Georgia,Morgan County
13211,50-64,4283,Georgia,Morgan County
13211,65+,4185,Georgia,Morgan County
13213,0-4,2376,Georgia,Murray County
13213,18-49,16363,Georgia,Murray County
13213,5-17,7243,Georgia,Murray County
13213,50-64,8303,Georgia,Murray County
13213,65+,5997,Georgia,Murray County
13215,0-4,14074,Georgia,Muscogee County
13215,18-49,89223,Georgia,Muscogee County
13215,5-17,37053,Georgia,Muscogee County
13215,50-64,34663,Georgia,Muscogee County
13215,65+,29370,Georgia,Muscogee County
13217,0-4,7016,Georgia,Newton County
13217,18-49,48673,Georgia,Newton County
13217,5-17,22553,Georgia,Newton County
13217,50-64,21957,Georgia,Newton County
13217,65+,15331,Georgia,Newton County
13219,0-4,2054,Georgia,Oconee County
13219,18-49,16020,Georgia,Oconee County
13219,5-17,9159,Georgia,Oconee County
13219,50-64,8646,Georgia,Oconee County
13219,65+,6909,Georgia,Oconee County
13221,0-4,728,Georgia,Oglethorpe County
13221,18-49,5815,Georgia,Oglethorpe County
13221,5-17,2558,Georgia,Oglethorpe County
13221,50-64,3234,Georgia,Oglethorpe County
13221,65+,2886,Georgia,Oglethorpe County
13223,0-4,10744,Georgia,Paulding County
13223,18-49,75939,Georgia,Paulding County
13223,5-17,34056,Georgia,Paulding County
13223,50-64,33644,Georgia,Paulding County
13223,65+,19909,Georgia,Paulding County
13225,0-4,1613,Georgia,Peach County
13225,18-49,12108,Georgia,Peach County
13225,5-17,4406,Georgia,Peach County
13225,50-64,5513,Georgia,Peach County
13225,65+,4629,Georgia,Peach County
13227,0-4,1711,Georgia,Pickens County
13227,18-49,12138,Georgia,Pickens County
13227,5-17,4793,Georgia,Pickens County
13227,50-64,7895,Georgia,Pickens County
13227,65+,7660,Georgia,Pickens County
13229,0-4,1102,Georgia,Pierce County
13229,18-49,7564,Georgia,Pierce County
13229,5-17,3847,Georgia,Pierce County
13229,50-64,4091,Georgia,Pierce County
13229,65+,3392,Georgia,Pierce County
13231,0-4,1065,Georgia,Pike County
13231,18-49,7804,Georgia,Pike County
13231,5-17,3530,Georgia,Pike County
13231,50-64,4020,Georgia,Pike County
13231,65+,3121,Georgia,Pike County
13233,0-4,2837,Georgia,Polk County
13233,18-49,17313,Georgia,Polk County
13233,5-17,8157,Georgia,Polk County
13233,50-64,8331,Georgia,Polk County
13233,65+,6727,Georgia,Polk County
13235,0-4,525,Georgia,Pulaski County
13235,18-49,3951,Georgia,Pulaski County
13235,5-17,1286,Georgia,Pulaski County
13235,50-64,1839,Georgia,Pulaski County
13235,65+,2292,Georgia,Pulaski County
13237,0-4,1047,Georgia,Putnam County
13237,18-49,7412,Georgia,Putnam County
13237,5-17,3370,Georgia,Putnam County
13237,50-64,5180,Georgia,Putnam County
13237,65+,5515,Georgia,Putnam County
13239,0-4,28,Georgia,Quitman County
13239,18-49,622,Georgia,Quitman County
13239,5-17,174,Georgia,Quitman County
13239,50-64,570,Georgia,Quitman County
13239,65+,698,Georgia,Quitman County
13241,0-4,734,Georgia,Rabun County
13241,18-49,5791,Georgia,Rabun County
13241,5-17,2056,Georgia,Rabun County
13241,50-64,3659,Georgia,Rabun County
13241,65+,4867,Georgia,Rabun County
13243,0-4,600,Georgia,Randolph County
13243,18-49,2186,Georgia,Randolph County
13243,5-17,1073,Georgia,Randolph County
13243,50-64,1096,Georgia,Randolph County
13243,65+,1315,Georgia,Randolph County
13245,0-4,13449,Georgia,Richmond County
13245,18-49,91686,Georgia,Richmond County
13245,5-17,34006,Georgia,Richmond County
13245,50-64,36235,Georgia,Richmond County
13245,65+,30664,Georgia,Richmond County
13247,0-4,5148,Georgia,Rockdale County
13247,18-49,37345,Georgia,Rockdale County
13247,5-17,17432,Georgia,Rockdale County
13247,50-64,19816,Georgia,Rockdale County
13247,65+,14552,Georgia,Rockdale County
13249,0-4,196,Georgia,Schley County
13249,18-49,1669,Georgia,Schley County
13249,5-17,890,Georgia,Schley County
13249,50-64,1080,Georgia,Schley County
13249,65+,704,Georgia,Schley County
13251,0-4,806,Georgia,Screven County
13251,18-49,5169,Georgia,Screven County
13251,5-17,2138,Georgia,Screven County
13251,50-64,3098,Georgia,Screven County
13251,65+,2846,Georgia,Screven County
13253,0-4,434,Georgia,Seminole County
13253,18-49,3043,Georgia,Seminole County
13253,5-17,1392,Georgia,Seminole County
13253,50-64,1975,Georgia,Seminole County
13253,65+,2273,Georgia,Seminole County
13255,0-4,4318,Georgia,Spalding County
13255,18-49,26605,Georgia,Spalding County
13255,5-17,11638,Georgia,Spalding County
13255,50-64,12857,Georgia,Spalding County
13255,65+,12797,Georgia,Spalding County
13257,0-4,1691,Georgia,Stephens County
13257,18-49,9985,Georgia,Stephens County
13257,5-17,4247,Georgia,Stephens County
13257,50-64,5405,Georgia,Stephens County
13257,65+,5514,Georgia,Stephens County
13259,0-4,74,Georgia,Stewart County
13259,18-49,2771,Georgia,Stewart County
13259,5-17,517,Georgia,Stewart County
13259,50-64,831,Georgia,Stewart County
13259,65+,785,Georgia,Stewart County
13261,0-4,1710,Georgia,Sumter County
13261,18-49,12411,Georgia,Sumter County
13261,5-17,4859,Georgia,Sumter County
13261,50-64,5158,Georgia,Sumter County
13261,65+,5036,Georgia,Sumter County
13263,0-4,188,Georgia,Talbot County
13263,18-49,1904,Georgia,Talbot County
13263,5-17,751,Georgia,Talbot County
13263,50-64,1363,Georgia,Talbot County
13263,65+,1547,Georgia,Talbot County
13265,0-4,89,Georgia,Taliaferro County
13265,18-49,635,Georgia,Taliaferro County
13265,5-17,225,Georgia,Taliaferro County
13265,50-64,320,Georgia,Taliaferro County
13265,65+,471,Georgia,Taliaferro County
13267,0-4,1073,Georgia,Tattnall County
13267,18-49,11282,Georgia,Tattnall County
13267,5-17,3820,Georgia,Tattnall County
13267,50-64,4349,Georgia,Tattnall County
13267,65+,3691,Georgia,Tattnall County
13269,0-4,390,Georgia,Taylor County
13269,18-49,2829,Georgia,Taylor County
13269,5-17,1166,Georgia,Taylor County
13269,50-64,1728,Georgia,Taylor County
13269,65+,1673,Georgia,Taylor County
13271,0-4,502,Georgia,Telfair County
13271,18-49,5009,Georgia,Telfair County
13271,5-17,2276,Georgia,Telfair County
13271,50-64,2206,Georgia,Telfair County
13271,65+,2181,Georgia,Telfair County
13273,0-4,480,Georgia,Terrell County
13273,18-49,3287,Georgia,Terrell County
13273,5-17,1556,Georgia,Terrell County
13273,50-64,1799,Georgia,Terrell County
13273,65+,1819,Georgia,Terrell County
13275,0-4,2772,Georgia,Thomas County
13275,18-49,17314,Georgia,Thomas County
13275,5-17,8121,Georgia,Thomas County
13275,50-64,9002,Georgia,Thomas County
13275,65+,8487,Georgia,Thomas County
13277,0-4,2721,Georgia,Tift County
13277,18-49,17075,Georgia,Tift County
13277,5-17,7654,Georgia,Tift County
13277,50-64,7468,Georgia,Tift County
13277,65+,6404,Georgia,Tift County
13279,0-4,1875,Georgia,Toombs County
13279,18-49,10588,Georgia,Toombs County
13279,5-17,5249,Georgia,Toombs County
13279,50-64,4646,Georgia,Toombs County
13279,65+,4585,Georgia,Toombs County
13281,0-4,425,Georgia,Towns County
13281,18-49,3830,Georgia,Towns County
13281,5-17,1170,Georgia,Towns County
13281,50-64,2688,Georgia,Towns County
13281,65+,4626,Georgia,Towns County
13283,0-4,426,Georgia,Treutlen County
13283,18-49,2447,Georgia,Treutlen County
13283,5-17,1059,Georgia,Treutlen County
13283,50-64,1273,Georgia,Treutlen County
13283,65+,1182,Georgia,Treutlen County
13285,0-4,4323,Georgia,Troup County
13285,18-49,28616,Georgia,Troup County
13285,5-17,12831,Georgia,Troup County
13285,50-64,13176,Georgia,Troup County
13285,65+,10875,Georgia,Troup County
13287,0-4,653,Georgia,Turner County
13287,18-49,3256,Georgia,Turner County
13287,5-17,1616,Georgia,Turner County
13287,50-64,1670,Georgia,Turner County
13287,65+,1720,Georgia,Turner County
13289,0-4,361,Georgia,Twiggs County
13289,18-49,2650,Georgia,Twiggs County
13289,5-17,1133,Georgia,Twiggs County
13289,50-64,1834,Georgia,Twiggs County
13289,65+,1891,Georgia,Twiggs County
13291,0-4,981,Georgia,Union County
13291,18-49,7144,Georgia,Union County
13291,5-17,2939,Georgia,Union County
13291,50-64,5861,Georgia,Union County
13291,65+,8673,Georgia,Union County
13293,0-4,1717,Georgia,Upson County
13293,18-49,10574,Georgia,Upson County
13293,5-17,4709,Georgia,Upson County
13293,50-64,5740,Georgia,Upson County
13293,65+,5116,Georgia,Upson County
13295,0-4,3683,Georgia,Walker County
13295,18-49,26835,Georgia,Walker County
13295,5-17,10965,Georgia,Walker County
13295,50-64,13900,Georgia,Walker County
13295,65+,13066,Georgia,Walker County
13297,0-4,5818,Georgia,Walton County
13297,18-49,40115,Georgia,Walton County
13297,5-17,18438,Georgia,Walton County
13297,50-64,19899,Georgia,Walton County
13297,65+,16091,Georgia,Walton County
13299,0-4,2275,Georgia,Ware County
13299,18-49,14172,Georgia,Ware County
13299,5-17,6676,Georgia,Ware County
13299,50-64,6694,Georgia,Ware County
13299,65+,6141,Georgia,Ware County
13301,0-4,341,Georgia,Warren County
13301,18-49,1898,Georgia,Warren County
13301,5-17,706,Georgia,Warren County
13301,50-64,1035,Georgia,Warren County
13301,65+,1195,Georgia,Warren County
13303,0-4,1050,Georgia,Washington County
13303,18-49,7823,Georgia,Washington County
13303,5-17,3245,Georgia,Washington County
13303,50-64,4153,Georgia,Washington County
13303,65+,3622,Georgia,Washington County
13305,0-4,1747,Georgia,Wayne County
13305,18-49,12395,Georgia,Wayne County
13305,5-17,5679,Georgia,Wayne County
13305,50-64,5730,Georgia,Wayne County
13305,65+,4968,Georgia,Wayne County
13307,0-4,98,Georgia,Webster County
13307,18-49,1162,Georgia,Webster County
13307,5-17,230,Georgia,Webster County
13307,50-64,401,Georgia,Webster County
13307,65+,457,Georgia,Webster County
13309,0-4,246,Georgia,Wheeler County
13309,18-49,3949,Georgia,Wheeler County
13309,5-17,933,Georgia,Wheeler County
13309,50-64,1210,Georgia,Wheeler County
13309,65+,1096,Georgia,Wheeler County
13311,0-4,1354,Georgia,White County
13311,18-49,10271,Georgia,White County
13311,5-17,4136,Georgia,White County
13311,50-64,6173,Georgia,White County
13311,65+,6520,Georgia,White County
13313,0-4,6453,Georgia,Whitfield County
13313,18-49,43030,Georgia,Whitfield County
13313,5-17,19598,Georgia,Whitfield County
13313,50-64,18884,Georgia,Whitfield County
13313,65+,15153,Georgia,Whitfield County
13315,0-4,403,Georgia,Wilcox County
13315,18-49,3830,Georgia,Wilcox County
13315,5-17,1237,Georgia,Wilcox County
13315,50-64,1605,Georgia,Wilcox County
13315,65+,1709,Georgia,Wilcox County
13317,0-4,476,Georgia,Wilkes County
13317,18-49,3226,Georgia,Wilkes County
13317,5-17,1493,Georgia,Wilkes County
13317,50-64,2093,Georgia,Wilkes County
13317,65+,2265,Georgia,Wilkes County
13319,0-4,470,Georgia,Wilkinson County
13319,18-49,3134,Georgia,Wilkinson County
13319,5-17,1433,Georgia,Wilkinson County
13319,50-64,1987,Georgia,Wilkinson County
13319,65+,1771,Georgia,Wilkinson County
13321,0-4,1195,Georgia,Worth County
13321,18-49,7141,Georgia,Worth County
13321,5-17,3390,Georgia,Worth County
13321,50-64,4721,Georgia,Worth County
13321,65+,4128,Georgia,Worth County
15001,0-4,10742,Hawaii,Hawaii County
15001,18-49,73586,Hawaii,Hawaii County
15001,5-17,31711,Hawaii,Hawaii County
15001,50-64,40478,Hawaii,Hawaii County
15001,65+,47167,Hawaii,Hawaii County
15003,0-4,58349,Hawaii,Honolulu County
15003,18-49,423435,Hawaii,Honolulu County
15003,5-17,150101,Hawaii,Honolulu County
15003,50-64,180317,Hawaii,Honolulu County
15003,65+,191464,Hawaii,Honolulu County
15005,0-4,0,Hawaii,Kalawao County
15005,18-49,27,Hawaii,Kalawao County
15005,5-17,0,Hawaii,Kalawao County
15005,50-64,5,Hawaii,Kalawao County
15005,65+,11,Hawaii,Kalawao County
15007,0-4,3980,Hawaii,Kauai County
15007,18-49,27241,Hawaii,Kauai County
15007,5-17,11749,Hawaii,Kauai County
15007,50-64,14622,Hawaii,Kauai County
15007,65+,16018,Hawaii,Kauai County
15009,0-4,8950,Hawaii,Maui County
15009,18-49,62641,Hawaii,Maui County
15009,5-17,25890,Hawaii,Maui County
15009,50-64,34169,Hawaii,Maui County
15009,65+,32982,Hawaii,Maui County
16001,0-4,26406,Idaho,Ada County
16001,18-49,221389,Idaho,Ada County
16001,5-17,87665,Idaho,Ada County
16001,50-64,92616,Idaho,Ada County
16001,65+,79976,Idaho,Ada County
16003,0-4,154,Idaho,Adams County
16003,18-49,1306,Idaho,Adams County
16003,5-17,634,Idaho,Adams County
16003,50-64,1108,Idaho,Adams County
16003,65+,1397,Idaho,Adams County
16005,0-4,5549,Idaho,Bannock County
16005,18-49,38535,Idaho,Bannock County
16005,5-17,16960,Idaho,Bannock County
16005,50-64,14169,Idaho,Bannock County
16005,65+,13244,Idaho,Bannock County
16007,0-4,425,Idaho,Bear Lake County
16007,18-49,2256,Idaho,Bear Lake County
16007,5-17,1351,Idaho,Bear Lake County
16007,50-64,1152,Idaho,Bear Lake County
16007,65+,1368,Idaho,Bear Lake County
16009,0-4,522,Idaho,Benewah County
16009,18-49,3190,Idaho,Benewah County
16009,5-17,1667,Idaho,Benewah County
16009,50-64,2209,Idaho,Benewah County
16009,65+,2325,Idaho,Benewah County
16011,0-4,3438,Idaho,Bingham County
16011,18-49,19335,Idaho,Bingham County
16011,5-17,11132,Idaho,Bingham County
16011,50-64,7830,Idaho,Bingham County
16011,65+,7258,Idaho,Bingham County
16013,0-4,773,Idaho,Blaine County
16013,18-49,9045,Idaho,Blaine County
16013,5-17,4042,Idaho,Blaine County
16013,50-64,5353,Idaho,Blaine County
16013,65+,5366,Idaho,Blaine County
16015,0-4,307,Idaho,Boise County
16015,18-49,2403,Idaho,Boise County
16015,5-17,929,Idaho,Boise County
16015,50-64,2209,Idaho,Boise County
16015,65+,2197,Idaho,Boise County
16017,0-4,2217,Idaho,Bonner County
16017,18-49,15926,Idaho,Bonner County
16017,5-17,7487,Idaho,Bonner County
16017,50-64,10894,Idaho,Bonner County
16017,65+,12932,Idaho,Bonner County
16019,0-4,9615,Idaho,Bonneville County
16019,18-49,52333,Idaho,Bonneville County
16019,5-17,28745,Idaho,Bonneville County
16019,50-64,19018,Idaho,Bonneville County
16019,65+,17345,Idaho,Bonneville County
16021,0-4,820,Idaho,Boundary County
16021,18-49,4329,Idaho,Boundary County
16021,5-17,2142,Idaho,Boundary County
16021,50-64,2414,Idaho,Boundary County
16021,65+,2990,Idaho,Boundary County
16023,0-4,128,Idaho,Butte County
16023,18-49,934,Idaho,Butte County
16023,5-17,577,Idaho,Butte County
16023,50-64,487,Idaho,Butte County
16023,65+,528,Idaho,Butte County
16025,0-4,102,Idaho,Camas County
16025,18-49,409,Idaho,Camas County
16025,5-17,281,Idaho,Camas County
16025,50-64,191,Idaho,Camas County
16025,65+,172,Idaho,Camas County
16027,0-4,16568,Idaho,Canyon County
16027,18-49,102091,Idaho,Canyon County
16027,5-17,49261,Idaho,Canyon County
16027,50-64,39690,Idaho,Canyon County
16027,65+,34795,Idaho,Canyon County
16029,0-4,454,Idaho,Caribou County
16029,18-49,2686,Idaho,Caribou County
16029,5-17,1502,Idaho,Caribou County
16029,50-64,1199,Idaho,Caribou County
16029,65+,1277,Idaho,Caribou County
16031,0-4,1979,Idaho,Cassia County
16031,18-49,9934,Idaho,Cassia County
16031,5-17,5879,Idaho,Cassia County
16031,50-64,3923,Idaho,Cassia County
16031,65+,3450,Idaho,Cassia County
16033,0-4,69,Idaho,Clark County
16033,18-49,293,Idaho,Clark County
16033,5-17,155,Idaho,Clark County
16033,50-64,157,Idaho,Clark County
16033,65+,102,Idaho,Clark County
16035,0-4,327,Idaho,Clearwater County
16035,18-49,2932,Idaho,Clearwater County
16035,5-17,1038,Idaho,Clearwater County
16035,50-64,2080,Idaho,Clearwater County
16035,65+,2544,Idaho,Clearwater County
16037,0-4,111,Idaho,Custer County
16037,18-49,1091,Idaho,Custer County
16037,5-17,380,Idaho,Custer County
16037,50-64,1235,Idaho,Custer County
16037,65+,1594,Idaho,Custer County
16039,0-4,2245,Idaho,Elmore County
16039,18-49,12965,Idaho,Elmore County
16039,5-17,4885,Idaho,Elmore County
16039,50-64,4831,Idaho,Elmore County
16039,65+,4120,Idaho,Elmore County
16041,0-4,1118,Idaho,Franklin County
16041,18-49,5803,Idaho,Franklin County
16041,5-17,3435,Idaho,Franklin County
16041,50-64,2280,Idaho,Franklin County
16041,65+,2079,Idaho,Franklin County
16043,0-4,835,Idaho,Fremont County
16043,18-49,5479,Idaho,Fremont County
16043,5-17,2464,Idaho,Fremont County
16043,50-64,2485,Idaho,Fremont County
16043,65+,2438,Idaho,Fremont County
16045,0-4,1045,Idaho,Gem County
16045,18-49,6965,Idaho,Gem County
16045,5-17,3395,Idaho,Gem County
16045,50-64,3937,Idaho,Gem County
16045,65+,4512,Idaho,Gem County
16047,0-4,970,Idaho,Gooding County
16047,18-49,5851,Idaho,Gooding County
16047,5-17,3299,Idaho,Gooding County
16047,50-64,2760,Idaho,Gooding County
16047,65+,2860,Idaho,Gooding County
16049,0-4,922,Idaho,Idaho County
16049,18-49,5220,Idaho,Idaho County
16049,5-17,2463,Idaho,Idaho County
16049,50-64,3620,Idaho,Idaho County
16049,65+,4895,Idaho,Idaho County
16051,0-4,2397,Idaho,Jefferson County
16051,18-49,12890,Idaho,Jefferson County
16051,5-17,8195,Idaho,Jefferson County
16051,50-64,5035,Idaho,Jefferson County
16051,65+,3717,Idaho,Jefferson County
16053,0-4,1853,Idaho,Jerome County
16053,18-49,9929,Idaho,Jerome County
16053,5-17,5581,Idaho,Jerome County
16053,50-64,4122,Idaho,Jerome County
16053,65+,3303,Idaho,Jerome County
16055,0-4,9803,Idaho,Kootenai County
16055,18-49,68381,Idaho,Kootenai County
16055,5-17,30300,Idaho,Kootenai County
16055,50-64,34249,Idaho,Kootenai County
16055,65+,35003,Idaho,Kootenai County
16057,0-4,1979,Idaho,Latah County
16057,18-49,20983,Idaho,Latah County
16057,5-17,5646,Idaho,Latah County
16057,50-64,5873,Idaho,Latah County
16057,65+,5834,Idaho,Latah County
16059,0-4,381,Idaho,Lemhi County
16059,18-49,2443,Idaho,Lemhi County
16059,5-17,1114,Idaho,Lemhi County
16059,50-64,1743,Idaho,Lemhi County
16059,65+,2485,Idaho,Lemhi County
16061,0-4,175,Idaho,Lewis County
16061,18-49,1053,Idaho,Lewis County
16061,5-17,627,Idaho,Lewis County
16061,50-64,780,Idaho,Lewis County
16061,65+,1014,Idaho,Lewis County
16063,0-4,328,Idaho,Lincoln County
16063,18-49,2130,Idaho,Lincoln County
16063,5-17,1045,Idaho,Lincoln County
16063,50-64,956,Idaho,Lincoln County
16063,65+,817,Idaho,Lincoln County
16065,0-4,3671,Idaho,Madison County
16065,18-49,36362,Idaho,Madison County
16065,5-17,7330,Idaho,Madison County
16065,50-64,3366,Idaho,Madison County
16065,65+,2849,Idaho,Madison County
16067,0-4,1559,Idaho,Minidoka County
16067,18-49,8445,Idaho,Minidoka County
16067,5-17,4848,Idaho,Minidoka County
16067,50-64,3627,Idaho,Minidoka County
16067,65+,3443,Idaho,Minidoka County
16069,0-4,2281,Idaho,Nez Perce County
16069,18-49,16254,Idaho,Nez Perce County
16069,5-17,6812,Idaho,Nez Perce County
16069,50-64,8397,Idaho,Nez Perce County
16069,65+,8733,Idaho,Nez Perce County
16071,0-4,298,Idaho,Oneida County
16071,18-49,1719,Idaho,Oneida County
16071,5-17,952,Idaho,Oneida County
16071,50-64,801,Idaho,Oneida County
16071,65+,911,Idaho,Oneida County
16073,0-4,734,Idaho,Owyhee County
16073,18-49,4620,Idaho,Owyhee County
16073,5-17,2334,Idaho,Owyhee County
16073,50-64,2249,Idaho,Owyhee County
16073,65+,2347,Idaho,Owyhee County
16075,0-4,1674,Idaho,Payette County
16075,18-49,9651,Idaho,Payette County
16075,5-17,5045,Idaho,Payette County
16075,50-64,4772,Idaho,Payette County
16075,65+,5048,Idaho,Payette County
16077,0-4,424,Idaho,Power County
16077,18-49,2951,Idaho,Power County
16077,5-17,2011,Idaho,Power County
16077,50-64,1377,Idaho,Power County
16077,65+,1255,Idaho,Power County
16079,0-4,838,Idaho,Shoshone County
16079,18-49,4655,Idaho,Shoshone County
16079,5-17,1982,Idaho,Shoshone County
16079,50-64,3013,Idaho,Shoshone County
16079,65+,3092,Idaho,Shoshone County
16081,0-4,705,Idaho,Teton County
16081,18-49,5243,Idaho,Teton County
16081,5-17,2098,Idaho,Teton County
16081,50-64,2424,Idaho,Teton County
16081,65+,1631,Idaho,Teton County
16083,0-4,5937,Idaho,Twin Falls County
16083,18-49,37405,Idaho,Twin Falls County
16083,5-17,18670,Idaho,Twin Falls County
16083,50-64,14974,Idaho,Twin Falls County
16083,65+,15135,Idaho,Twin Falls County
16085,0-4,575,Idaho,Valley County
16085,18-49,4046,Idaho,Valley County
16085,5-17,1656,Idaho,Valley County
16085,50-64,2639,Idaho,Valley County
16085,65+,3220,Idaho,Valley County
16087,0-4,555,Idaho,Washington County
16087,18-49,3598,Idaho,Washington County
16087,5-17,1887,Idaho,Washington County
16087,50-64,2036,Idaho,Washington County
16087,65+,2790,Idaho,Washington County
17001,0-4,3897,Illinois,Adams County
17001,18-49,24168,Illinois,Adams County
17001,5-17,10896,Illinois,Adams County
17001,50-64,13133,Illinois,Adams County
17001,65+,13072,Illinois,Adams County
17003,0-4,236,Illinois,Alexander County
17003,18-49,1581,Illinois,Alexander County
17003,5-17,856,Illinois,Alexander County
17003,50-64,1148,Illinois,Alexander County
17003,65+,1221,Illinois,Alexander County
17005,0-4,645,Illinois,Bond County
17005,18-49,7286,Illinois,Bond County
17005,5-17,2384,Illinois,Bond County
17005,50-64,3268,Illinois,Bond County
17005,65+,3044,Illinois,Bond County
17007,0-4,2872,Illinois,Boone County
17007,18-49,20927,Illinois,Boone County
17007,5-17,10014,Illinois,Boone County
17007,50-64,10784,Illinois,Boone County
17007,65+,8719,Illinois,Boone County
17009,0-4,288,Illinois,Brown County
17009,18-49,2916,Illinois,Brown County
17009,5-17,814,Illinois,Brown County
17009,50-64,1278,Illinois,Brown County
17009,65+,1024,Illinois,Brown County
17011,0-4,1709,Illinois,Bureau County
17011,18-49,11739,Illinois,Bureau County
17011,5-17,5213,Illinois,Bureau County
17011,50-64,6878,Illinois,Bureau County
17011,65+,7488,Illinois,Bureau County
17013,0-4,184,Illinois,Calhoun County
17013,18-49,1399,Illinois,Calhoun County
17013,5-17,713,Illinois,Calhoun County
17013,50-64,1024,Illinois,Calhoun County
17013,65+,1086,Illinois,Calhoun County
17015,0-4,677,Illinois,Carroll County
17015,18-49,5920,Illinois,Carroll County
17015,5-17,2150,Illinois,Carroll County
17015,50-64,3125,Illinois,Carroll County
17015,65+,3749,Illinois,Carroll County
17017,0-4,860,Illinois,Cass County
17017,18-49,5022,Illinois,Cass County
17017,5-17,2281,Illinois,Cass County
17017,50-64,2281,Illinois,Cass County
17017,65+,2382,Illinois,Cass County
17019,0-4,10846,Illinois,Champaign County
17019,18-49,108056,Illinois,Champaign County
17019,5-17,28884,Illinois,Champaign County
17019,50-64,30247,Illinois,Champaign County
17019,65+,28065,Illinois,Champaign County
17021,0-4,1685,Illinois,Christian County
17021,18-49,13088,Illinois,Christian County
17021,5-17,5049,Illinois,Christian County
17021,50-64,7231,Illinois,Christian County
17021,65+,6631,Illinois,Christian County
17023,0-4,847,Illinois,Clark County
17023,18-49,5630,Illinois,Clark County
17023,5-17,2576,Illinois,Clark County
17023,50-64,3257,Illinois,Clark County
17023,65+,3018,Illinois,Clark County
17025,0-4,732,Illinois,Clay County
17025,18-49,4749,Illinois,Clay County
17025,5-17,2302,Illinois,Clay County
17025,50-64,2652,Illinois,Clay County
17025,65+,2738,Illinois,Clay County
17027,0-4,2095,Illinois,Clinton County
17027,18-49,14344,Illinois,Clinton County
17027,5-17,5871,Illinois,Clinton County
17027,50-64,7897,Illinois,Clinton County
17027,65+,6692,Illinois,Clinton County
17029,0-4,2367,Illinois,Coles County
17029,18-49,21163,Illinois,Coles County
17029,5-17,6154,Illinois,Coles County
17029,50-64,8561,Illinois,Coles County
17029,65+,8444,Illinois,Coles County
17031,0-4,290804,Illinois,Cook County
17031,18-49,2308850,Illinois,Cook County
17031,5-17,820161,Illinois,Cook County
17031,50-64,959690,Illinois,Cook County
17031,65+,806307,Illinois,Cook County
17033,0-4,998,Illinois,Crawford County
17033,18-49,7371,Illinois,Crawford County
17033,5-17,2758,Illinois,Crawford County
17033,50-64,3836,Illinois,Crawford County
17033,65+,3625,Illinois,Crawford County
17035,0-4,701,Illinois,Cumberland County
17035,18-49,3653,Illinois,Cumberland County
17035,5-17,1774,Illinois,Cumberland County
17035,50-64,2142,Illinois,Cumberland County
17035,65+,2108,Illinois,Cumberland County
17037,0-4,5563,Illinois,DeKalb County
17037,18-49,48633,Illinois,DeKalb County
17037,5-17,16343,Illinois,DeKalb County
17037,50-64,16277,Illinois,DeKalb County
17037,65+,13696,Illinois,DeKalb County
17039,0-4,905,Illinois,De Witt County
17039,18-49,5611,Illinois,De Witt County
17039,5-17,2418,Illinois,De Witt County
17039,50-64,3430,Illinois,De Witt County
17039,65+,3097,Illinois,De Witt County
17041,0-4,1313,Illinois,Douglas County
17041,18-49,7610,Illinois,Douglas County
17041,5-17,3523,Illinois,Douglas County
17041,50-64,3597,Illinois,Douglas County
17041,65+,3643,Illinois,Douglas County
17043,0-4,52102,Illinois,DuPage County
17043,18-49,375060,Illinois,DuPage County
17043,5-17,155472,Illinois,DuPage County
17043,50-64,188494,Illinois,DuPage County
17043,65+,156135,Illinois,DuPage County
17045,0-4,791,Illinois,Edgar County
17045,18-49,5848,Illinois,Edgar County
17045,5-17,2490,Illinois,Edgar County
17045,50-64,3523,Illinois,Edgar County
17045,65+,3985,Illinois,Edgar County
17047,0-4,357,Illinois,Edwards County
17047,18-49,2090,Illinois,Edwards County
17047,5-17,1022,Illinois,Edwards County
17047,50-64,1294,Illinois,Edwards County
17047,65+,1355,Illinois,Edwards County
17049,0-4,2252,Illinois,Effingham County
17049,18-49,12959,Illinois,Effingham County
17049,5-17,6096,Illinois,Effingham County
17049,50-64,6867,Illinois,Effingham County
17049,65+,6331,Illinois,Effingham County
17051,0-4,1211,Illinois,Fayette County
17051,18-49,8589,Illinois,Fayette County
17051,5-17,3168,Illinois,Fayette County
17051,50-64,4303,Illinois,Fayette County
17051,65+,4109,Illinois,Fayette County
17053,0-4,766,Illinois,Ford County
17053,18-49,4925,Illinois,Ford County
17053,5-17,2354,Illinois,Ford County
17053,50-64,2767,Illinois,Ford County
17053,65+,2584,Illinois,Ford County
17055,0-4,2144,Illinois,Franklin County
17055,18-49,13683,Illinois,Franklin County
17055,5-17,6179,Illinois,Franklin County
17055,50-64,7736,Illinois,Franklin County
17055,65+,7799,Illinois,Franklin County
17057,0-4,1619,Illinois,Fulton County
17057,18-49,12785,Illinois,Fulton County
17057,5-17,4947,Illinois,Fulton County
17057,50-64,6897,Illinois,Fulton County
17057,65+,7011,Illinois,Fulton County
17059,0-4,205,Illinois,Gallatin County
17059,18-49,1646,Illinois,Gallatin County
17059,5-17,757,Illinois,Gallatin County
17059,50-64,1003,Illinois,Gallatin County
17059,65+,1246,Illinois,Gallatin County
17061,0-4,604,Illinois,Greene County
17061,18-49,4271,Illinois,Greene County
17061,5-17,1930,Illinois,Greene County
17061,50-64,2622,Illinois,Greene County
17061,65+,2410,Illinois,Greene County
17063,0-4,3081,Illinois,Grundy County
17063,18-49,21564,Illinois,Grundy County
17063,5-17,9991,Illinois,Grundy County
17063,50-64,10557,Illinois,Grundy County
17063,65+,7727,Illinois,Grundy County
17065,0-4,445,Illinois,Hamilton County
17065,18-49,2794,Illinois,Hamilton County
17065,5-17,1367,Illinois,Hamilton County
17065,50-64,1599,Illinois,Hamilton County
17065,65+,1767,Illinois,Hamilton County
17067,0-4,860,Illinois,Hancock County
17067,18-49,5769,Illinois,Hancock County
17067,5-17,2820,Illinois,Hancock County
17067,50-64,3818,Illinois,Hancock County
17067,65+,4167,Illinois,Hancock County
17069,0-4,77,Illinois,Hardin County
17069,18-49,1037,Illinois,Hardin County
17069,5-17,417,Illinois,Hardin County
17069,50-64,940,Illinois,Hardin County
17069,65+,1152,Illinois,Hardin County
17071,0-4,296,Illinois,Henderson County
17071,18-49,1970,Illinois,Henderson County
17071,5-17,892,Illinois,Henderson County
17071,50-64,1448,Illinois,Henderson County
17071,65+,1678,Illinois,Henderson County
17073,0-4,2520,Illinois,Henry County
17073,18-49,17776,Illinois,Henry County
17073,5-17,8273,Illinois,Henry County
17073,50-64,10015,Illinois,Henry County
17073,65+,10364,Illinois,Henry County
17075,0-4,1532,Illinois,Iroquois County
17075,18-49,9393,Illinois,Iroquois County
17075,5-17,4270,Illinois,Iroquois County
17075,50-64,5612,Illinois,Iroquois County
17075,65+,5939,Illinois,Iroquois County
17077,0-4,2790,Illinois,Jackson County
17077,18-49,25749,Illinois,Jackson County
17077,5-17,7217,Illinois,Jackson County
17077,50-64,8373,Illinois,Jackson County
17077,65+,8577,Illinois,Jackson County
17079,0-4,548,Illinois,Jasper County
17079,18-49,3197,Illinois,Jasper County
17079,5-17,1522,Illinois,Jasper County
17079,50-64,2074,Illinois,Jasper County
17079,65+,1892,Illinois,Jasper County
17081,0-4,2141,Illinois,Jefferson County
17081,18-49,14016,Illinois,Jefferson County
17081,5-17,6122,Illinois,Jefferson County
17081,50-64,7268,Illinois,Jefferson County
17081,65+,7261,Illinois,Jefferson County
17083,0-4,986,Illinois,Jersey County
17083,18-49,8075,Illinois,Jersey County
17083,5-17,3270,Illinois,Jersey County
17083,50-64,4716,Illinois,Jersey County
17083,65+,4289,Illinois,Jersey County
17085,0-4,890,Illinois,Jo Daviess County
17085,18-49,6705,Illinois,Jo Daviess County
17085,5-17,3172,Illinois,Jo Daviess County
17085,50-64,4766,Illinois,Jo Daviess County
17085,65+,6385,Illinois,Jo Daviess County
17087,0-4,567,Illinois,Johnson County
17087,18-49,5462,Illinois,Johnson County
17087,5-17,1807,Illinois,Johnson County
17087,50-64,2789,Illinois,Johnson County
17087,65+,2725,Illinois,Johnson County
17089,0-4,30266,Illinois,Kane County
17089,18-49,210808,Illinois,Kane County
17089,5-17,95600,Illinois,Kane County
17089,50-64,102045,Illinois,Kane County
17089,65+,77378,Illinois,Kane County
17091,0-4,6169,Illinois,Kankakee County
17091,18-49,42960,Illinois,Kankakee County
17091,5-17,18400,Illinois,Kankakee County
17091,50-64,20659,Illinois,Kankakee County
17091,65+,18645,Illinois,Kankakee County
17093,0-4,8401,Illinois,Kendall County
17093,18-49,59948,Illinois,Kendall County
17093,5-17,28749,Illinois,Kendall County
17093,50-64,23038,Illinois,Kendall County
17093,65+,14917,Illinois,Kendall County
17095,0-4,2728,Illinois,Knox County
17095,18-49,18809,Illinois,Knox County
17095,5-17,7221,Illinois,Knox County
17095,50-64,9618,Illinois,Knox County
17095,65+,10918,Illinois,Knox County
17097,0-4,38458,Illinois,Lake County
17097,18-49,290148,Illinois,Lake County
17097,5-17,129640,Illinois,Lake County
17097,50-64,144815,Illinois,Lake County
17097,65+,108824,Illinois,Lake County
17099,0-4,5739,Illinois,LaSalle County
17099,18-49,41558,Illinois,LaSalle County
17099,5-17,17495,Illinois,LaSalle County
17099,50-64,23049,Illinois,LaSalle County
17099,65+,21208,Illinois,LaSalle County
17101,0-4,697,Illinois,Lawrence County
17101,18-49,6588,Illinois,Lawrence County
17101,5-17,2155,Illinois,Lawrence County
17101,50-64,2941,Illinois,Lawrence County
17101,65+,2756,Illinois,Lawrence County
17103,0-4,1683,Illinois,Lee County
17103,18-49,12989,Illinois,Lee County
17103,5-17,5095,Illinois,Lee County
17103,50-64,7238,Illinois,Lee County
17103,65+,7053,Illinois,Lee County
17105,0-4,2031,Illinois,Livingston County
17105,18-49,13435,Illinois,Livingston County
17105,5-17,5835,Illinois,Livingston County
17105,50-64,7243,Illinois,Livingston County
17105,65+,7115,Illinois,Livingston County
17107,0-4,1338,Illinois,Logan County
17107,18-49,11747,Illinois,Logan County
17107,5-17,4109,Illinois,Logan County
17107,50-64,5359,Illinois,Logan County
17107,65+,5317,Illinois,Logan County
17109,0-4,1258,Illinois,McDonough County
17109,18-49,12653,Illinois,McDonough County
17109,5-17,3595,Illinois,McDonough County
17109,50-64,4362,Illinois,McDonough County
17109,65+,5234,Illinois,McDonough County
17111,0-4,16520,Illinois,McHenry County
17111,18-49,122033,Illinois,McHenry County
17111,5-17,55136,Illinois,McHenry County
17111,50-64,68145,Illinois,McHenry County
17111,65+,49532,Illinois,McHenry County
17113,0-4,9384,Illinois,McLean County
17113,18-49,80804,Illinois,McLean County
17113,5-17,27295,Illinois,McLean County
17113,50-64,29114,Illinois,McLean County
17113,65+,24285,Illinois,McLean County
17115,0-4,6315,Illinois,Macon County
17115,18-49,38522,Illinois,Macon County
17115,5-17,16919,Illinois,Macon County
17115,50-64,19750,Illinois,Macon County
17115,65+,21085,Illinois,Macon County
17117,0-4,2184,Illinois,Macoupin County
17117,18-49,16199,Illinois,Macoupin County
17117,5-17,7060,Illinois,Macoupin County
17117,50-64,9709,Illinois,Macoupin County
17117,65+,9414,Illinois,Macoupin County
17119,0-4,14040,Illinois,Madison County
17119,18-49,106558,Illinois,Madison County
17119,5-17,42944,Illinois,Madison County
17119,50-64,53488,Illinois,Madison County
17119,65+,47601,Illinois,Madison County
17121,0-4,2370,Illinois,Marion County
17121,18-49,13677,Illinois,Marion County
17121,5-17,6430,Illinois,Marion County
17121,50-64,7419,Illinois,Marion County
17121,65+,7398,Illinois,Marion County
17123,0-4,648,Illinois,Marshall County
17123,18-49,3927,Illinois,Marshall County
17123,5-17,1831,Illinois,Marshall County
17123,50-64,2547,Illinois,Marshall County
17123,65+,2762,Illinois,Marshall County
17125,0-4,598,Illinois,Mason County
17125,18-49,4521,Illinois,Mason County
17125,5-17,2051,Illinois,Mason County
17125,50-64,2745,Illinois,Mason County
17125,65+,2963,Illinois,Mason County
17127,0-4,640,Illinois,Massac County
17127,18-49,4922,Illinois,Massac County
17127,5-17,2316,Illinois,Massac County
17127,50-64,3092,Illinois,Massac County
17127,65+,2988,Illinois,Massac County
17129,0-4,654,Illinois,Menard County
17129,18-49,4369,Illinois,Menard County
17129,5-17,2033,Illinois,Menard County
17129,50-64,2656,Illinois,Menard County
17129,65+,2457,Illinois,Menard County
17131,0-4,757,Illinois,Mercer County
17131,18-49,5620,Illinois,Mercer County
17131,5-17,2536,Illinois,Mercer County
17131,50-64,3354,Illinois,Mercer County
17131,65+,3352,Illinois,Mercer County
17133,0-4,1865,Illinois,Monroe County
17133,18-49,12951,Illinois,Monroe County
17133,5-17,5864,Illinois,Monroe County
17133,50-64,7701,Illinois,Monroe County
17133,65+,6588,Illinois,Monroe County
17135,0-4,1393,Illinois,Montgomery County
17135,18-49,10662,Illinois,Montgomery County
17135,5-17,4256,Illinois,Montgomery County
17135,50-64,5872,Illinois,Montgomery County
17135,65+,5895,Illinois,Montgomery County
17137,0-4,1631,Illinois,Morgan County
17137,18-49,12880,Illinois,Morgan County
17137,5-17,4672,Illinois,Morgan County
17137,50-64,6636,Illinois,Morgan County
17137,65+,6802,Illinois,Morgan County
17139,0-4,856,Illinois,Moultrie County
17139,18-49,5246,Illinois,Moultrie County
17139,5-17,2838,Illinois,Moultrie County
17139,50-64,2787,Illinois,Moultrie County
17139,65+,2742,Illinois,Moultrie County
17141,0-4,2737,Illinois,Ogle County
17141,18-49,19122,Illinois,Ogle County
17141,5-17,8811,Illinois,Ogle County
17141,50-64,10900,Illinois,Ogle County
17141,65+,9966,Illinois,Ogle County
17143,0-4,11860,Illinois,Peoria County
17143,18-49,72051,Illinois,Peoria County
17143,5-17,31196,Illinois,Peoria County
17143,50-64,32487,Illinois,Peoria County
17143,65+,32237,Illinois,Peoria County
17145,0-4,1024,Illinois,Perry County
17145,18-49,8561,Illinois,Perry County
17145,5-17,3036,Illinois,Perry County
17145,50-64,4064,Illinois,Perry County
17145,65+,4125,Illinois,Perry County
17147,0-4,864,Illinois,Piatt County
17147,18-49,6118,Illinois,Piatt County
17147,5-17,2797,Illinois,Piatt County
17147,50-64,3502,Illinois,Piatt County
17147,65+,3421,Illinois,Piatt County
17149,0-4,888,Illinois,Pike County
17149,18-49,5174,Illinois,Pike County
17149,5-17,2481,Illinois,Pike County
17149,50-64,2913,Illinois,Pike County
17149,65+,3169,Illinois,Pike County
17151,0-4,199,Illinois,Pope County
17151,18-49,1243,Illinois,Pope County
17151,5-17,390,Illinois,Pope County
17151,50-64,947,Illinois,Pope County
17151,65+,978,Illinois,Pope County
17153,0-4,250,Illinois,Pulaski County
17153,18-49,1927,Illinois,Pulaski County
17153,5-17,790,Illinois,Pulaski County
17153,50-64,953,Illinois,Pulaski County
17153,65+,1154,Illinois,Pulaski County
17155,0-4,263,Illinois,Putnam County
17155,18-49,1876,Illinois,Putnam County
17155,5-17,840,Illinois,Putnam County
17155,50-64,1285,Illinois,Putnam County
17155,65+,1336,Illinois,Putnam County
17157,0-4,1537,Illinois,Randolph County
17157,18-49,11429,Illinois,Randolph County
17157,5-17,4601,Illinois,Randolph County
17157,50-64,6299,Illinois,Randolph County
17157,65+,6276,Illinois,Randolph County
17159,0-4,910,Illinois,Richland County
17159,18-49,5662,Illinois,Richland County
17159,5-17,2701,Illinois,Richland County
17159,50-64,3191,Illinois,Richland County
17159,65+,3211,Illinois,Richland County
17161,0-4,8404,Illinois,Rock Island County
17161,18-49,55248,Illinois,Rock Island County
17161,5-17,23819,Illinois,Rock Island County
17161,50-64,26833,Illinois,Rock Island County
17161,65+,28691,Illinois,Rock Island County
17163,0-4,14893,Illinois,St. Clair County
17163,18-49,102066,Illinois,St. Clair County
17163,5-17,44434,Illinois,St. Clair County
17163,50-64,50660,Illinois,St. Clair County
17163,65+,42724,Illinois,St. Clair County
17165,0-4,1397,Illinois,Saline County
17165,18-49,8415,Illinois,Saline County
17165,5-17,3490,Illinois,Saline County
17165,50-64,5195,Illinois,Saline County
17165,65+,4890,Illinois,Saline County
17167,0-4,10927,Illinois,Sangamon County
17167,18-49,75945,Illinois,Sangamon County
17167,5-17,32053,Illinois,Sangamon County
17167,50-64,39407,Illinois,Sangamon County
17167,65+,36885,Illinois,Sangamon County
17169,0-4,278,Illinois,Schuyler County
17169,18-49,2339,Illinois,Schuyler County
17169,5-17,902,Illinois,Schuyler County
17169,50-64,1590,Illinois,Schuyler County
17169,65+,1717,Illinois,Schuyler County
17171,0-4,214,Illinois,Scott County
17171,18-49,1721,Illinois,Scott County
17171,5-17,824,Illinois,Scott County
17171,50-64,1088,Illinois,Scott County
17171,65+,1000,Illinois,Scott County
17173,0-4,1121,Illinois,Shelby County
17173,18-49,7108,Illinois,Shelby County
17173,5-17,3337,Illinois,Shelby County
17173,50-64,4402,Illinois,Shelby County
17173,65+,4899,Illinois,Shelby County
17175,0-4,280,Illinois,Stark County
17175,18-49,1860,Illinois,Stark County
17175,5-17,873,Illinois,Stark County
17175,50-64,1095,Illinois,Stark County
17175,65+,1216,Illinois,Stark County
17177,0-4,2314,Illinois,Stephenson County
17177,18-49,14787,Illinois,Stephenson County
17177,5-17,7081,Illinois,Stephenson County
17177,50-64,9317,Illinois,Stephenson County
17177,65+,10543,Illinois,Stephenson County
17179,0-4,6849,Illinois,Tazewell County
17179,18-49,50234,Illinois,Tazewell County
17179,5-17,22250,Illinois,Tazewell County
17179,50-64,25706,Illinois,Tazewell County
17179,65+,25516,Illinois,Tazewell County
17181,0-4,920,Illinois,Union County
17181,18-49,6044,Illinois,Union County
17181,5-17,2723,Illinois,Union County
17181,50-64,3534,Illinois,Union County
17181,65+,3751,Illinois,Union County
17183,0-4,4426,Illinois,Vermilion County
17183,18-49,27012,Illinois,Vermilion County
17183,5-17,12774,Illinois,Vermilion County
17183,50-64,14266,Illinois,Vermilion County
17183,65+,14701,Illinois,Vermilion County
17185,0-4,601,Illinois,Wabash County
17185,18-49,4111,Illinois,Wabash County
17185,5-17,1837,Illinois,Wabash County
17185,50-64,2187,Illinois,Wabash County
17185,65+,2463,Illinois,Wabash County
17187,0-4,899,Illinois,Warren County
17187,18-49,6378,Illinois,Warren County
17187,5-17,2785,Illinois,Warren County
17187,50-64,3259,Illinois,Warren County
17187,65+,3255,Illinois,Warren County
17189,0-4,684,Illinois,Washington County
17189,18-49,4894,Illinois,Washington County
17189,5-17,2188,Illinois,Washington County
17189,50-64,3006,Illinois,Washington County
17189,65+,2910,Illinois,Washington County
17191,0-4,920,Illinois,Wayne County
17191,18-49,5618,Illinois,Wayne County
17191,5-17,2689,Illinois,Wayne County
17191,50-64,3259,Illinois,Wayne County
17191,65+,3508,Illinois,Wayne County
17193,0-4,677,Illinois,White County
17193,18-49,4718,Illinois,White County
17193,5-17,2315,Illinois,White County
17193,50-64,2822,Illinois,White County
17193,65+,3176,Illinois,White County
17195,0-4,2928,Illinois,Whiteside County
17195,18-49,19838,Illinois,Whiteside County
17195,5-17,9225,Illinois,Whiteside County
17195,50-64,11374,Illinois,Whiteside County
17195,65+,11827,Illinois,Whiteside County
17197,0-4,38558,Illinois,Will County
17197,18-49,290660,Illinois,Will County
17197,5-17,129047,Illinois,Will County
17197,50-64,141755,Illinois,Will County
17197,65+,98430,Illinois,Will County
17199,0-4,3642,Illinois,Williamson County
17199,18-49,26043,Illinois,Williamson County
17199,5-17,10773,Illinois,Williamson County
17199,50-64,13335,Illinois,Williamson County
17199,65+,13109,Illinois,Williamson County
17201,0-4,17365,Illinois,Winnebago County
17201,18-49,109341,Illinois,Winnebago County
17201,5-17,49385,Illinois,Winnebago County
17201,50-64,55608,Illinois,Winnebago County
17201,65+,51590,Illinois,Winnebago County
17203,0-4,2170,Illinois,Woodford County
17203,18-49,14255,Illinois,Woodford County
17203,5-17,7038,Illinois,Woodford County
17203,50-64,7692,Illinois,Woodford County
17203,65+,7193,Illinois,Woodford County
18001,0-4,3119,Indiana,Adams County
18001,18-49,12896,Indiana,Adams County
18001,5-17,8122,Indiana,Adams County
18001,50-64,6116,Indiana,Adams County
18001,65+,5742,Indiana,Adams County
18003,0-4,26582,Indiana,Allen County
18003,18-49,161332,Indiana,Allen County
18003,5-17,72800,Indiana,Allen County
18003,50-64,68541,Indiana,Allen County
18003,65+,59536,Indiana,Allen County
18005,0-4,5272,Indiana,Bartholomew County
18005,18-49,34399,Indiana,Bartholomew County
18005,5-17,14823,Indiana,Bartholomew County
18005,50-64,14681,Indiana,Bartholomew County
18005,65+,13706,Indiana,Bartholomew County
18007,0-4,515,Indiana,Benton County
18007,18-49,3241,Indiana,Benton County
18007,5-17,1640,Indiana,Benton County
18007,50-64,1814,Indiana,Benton County
18007,65+,1498,Indiana,Benton County
18009,0-4,608,Indiana,Blackford County
18009,18-49,4080,Indiana,Blackford County
18009,5-17,2163,Indiana,Blackford County
18009,50-64,2501,Indiana,Blackford County
18009,65+,2655,Indiana,Blackford County
18011,0-4,4491,Indiana,Boone County
18011,18-49,29252,Indiana,Boone County
18011,5-17,14272,Indiana,Boone County
18011,50-64,14185,Indiana,Boone County
18011,65+,10627,Indiana,Boone County
18013,0-4,618,Indiana,Brown County
18013,18-49,4933,Indiana,Brown County
18013,5-17,1968,Indiana,Brown County
18013,50-64,3943,Indiana,Brown County
18013,65+,4081,Indiana,Brown County
18015,0-4,1076,Indiana,Carroll County
18015,18-49,7497,Indiana,Carroll County
18015,5-17,3404,Indiana,Carroll County
18015,50-64,4297,Indiana,Carroll County
18015,65+,4169,Indiana,Carroll County
18017,0-4,2108,Indiana,Cass County
18017,18-49,14266,Indiana,Cass County
18017,5-17,6630,Indiana,Cass County
18017,50-64,7858,Indiana,Cass County
18017,65+,6841,Indiana,Cass County
18019,0-4,7287,Indiana,Clark County
18019,18-49,51100,Indiana,Clark County
18019,5-17,20003,Indiana,Clark County
18019,50-64,24169,Indiana,Clark County
18019,65+,20241,Indiana,Clark County
18021,0-4,1638,Indiana,Clay County
18021,18-49,10028,Indiana,Clay County
18021,5-17,4504,Indiana,Clay County
18021,50-64,5367,Indiana,Clay County
18021,65+,4894,Indiana,Clay County
18023,0-4,2262,Indiana,Clinton County
18023,18-49,12598,Indiana,Clinton County
18023,5-17,6653,Indiana,Clinton County
18023,50-64,6081,Indiana,Clinton County
18023,65+,5373,Indiana,Clinton County
18025,0-4,549,Indiana,Crawford County
18025,18-49,3619,Indiana,Crawford County
18025,5-17,1683,Indiana,Crawford County
18025,50-64,2468,Indiana,Crawford County
18025,65+,2175,Indiana,Crawford County
18027,0-4,2692,Indiana,Daviess County
18027,18-49,12635,Indiana,Daviess County
18027,5-17,7230,Indiana,Daviess County
18027,50-64,5590,Indiana,Daviess County
18027,65+,5295,Indiana,Daviess County
18029,0-4,2678,Indiana,Dearborn County
18029,18-49,18961,Indiana,Dearborn County
18029,5-17,8618,Indiana,Dearborn County
18029,50-64,11084,Indiana,Dearborn County
18029,65+,9487,Indiana,Dearborn County
18031,0-4,1704,Indiana,Decatur County
18031,18-49,10159,Indiana,Decatur County
18031,5-17,4549,Indiana,Decatur County
18031,50-64,5329,Indiana,Decatur County
18031,65+,4670,Indiana,Decatur County
18033,0-4,2824,Indiana,DeKalb County
18033,18-49,16872,Indiana,DeKalb County
18033,5-17,7762,Indiana,DeKalb County
18033,50-64,8715,Indiana,DeKalb County
18033,65+,7411,Indiana,DeKalb County
18035,0-4,5353,Indiana,Delaware County
18035,18-49,52097,Indiana,Delaware County
18035,5-17,15121,Indiana,Delaware County
18035,50-64,20043,Indiana,Delaware County
18035,65+,19495,Indiana,Delaware County
18037,0-4,2711,Indiana,Dubois County
18037,18-49,15781,Indiana,Dubois County
18037,5-17,7946,Indiana,Dubois County
18037,50-64,9250,Indiana,Dubois County
18037,65+,7875,Indiana,Dubois County
18039,0-4,15036,Indiana,Elkhart County
18039,18-49,82084,Indiana,Elkhart County
18039,5-17,42131,Indiana,Elkhart County
18039,50-64,36240,Indiana,Elkhart County
18039,65+,31377,Indiana,Elkhart County
18041,0-4,1319,Indiana,Fayette County
18041,18-49,8557,Indiana,Fayette County
18041,5-17,3919,Indiana,Fayette County
18041,50-64,4789,Indiana,Fayette County
18041,65+,4806,Indiana,Fayette County
18043,0-4,4456,Indiana,Floyd County
18043,18-49,32332,Indiana,Floyd County
18043,5-17,13668,Indiana,Floyd County
18043,50-64,16260,Indiana,Floyd County
18043,65+,13796,Indiana,Floyd County
18045,0-4,1061,Indiana,Fountain County
18045,18-49,6148,Indiana,Fountain County
18045,5-17,2598,Indiana,Fountain County
18045,50-64,3485,Indiana,Fountain County
18045,65+,3254,Indiana,Fountain County
18047,0-4,1333,Indiana,Franklin County
18047,18-49,8219,Indiana,Franklin County
18047,5-17,3853,Indiana,Franklin County
18047,50-64,5013,Indiana,Franklin County
18047,65+,4511,Indiana,Franklin County
18049,0-4,1185,Indiana,Fulton County
18049,18-49,7407,Indiana,Fulton County
18049,5-17,3640,Indiana,Fulton County
18049,50-64,4080,Indiana,Fulton County
18049,65+,4099,Indiana,Fulton County
18051,0-4,2121,Indiana,Gibson County
18051,18-49,12499,Indiana,Gibson County
18051,5-17,5787,Indiana,Gibson County
18051,50-64,6729,Indiana,Gibson County
18051,65+,5850,Indiana,Gibson County
18053,0-4,3851,Indiana,Grant County
18053,18-49,26505,Indiana,Grant County
18053,5-17,10321,Indiana,Grant County
18053,50-64,13127,Indiana,Grant County
18053,65+,12573,Indiana,Grant County
18055,0-4,1671,Indiana,Greene County
18055,18-49,11389,Indiana,Greene County
18055,5-17,5010,Indiana,Greene County
18055,50-64,6726,Indiana,Greene County
18055,65+,6158,Indiana,Greene County
18057,0-4,21396,Indiana,Hamilton County
18057,18-49,149377,Indiana,Hamilton County
18057,5-17,71032,Indiana,Hamilton County
18057,50-64,67365,Indiana,Hamilton County
18057,65+,48006,Indiana,Hamilton County
18059,0-4,4623,Indiana,Hancock County
18059,18-49,32473,Indiana,Hancock County
18059,5-17,14473,Indiana,Hancock County
18059,50-64,16366,Indiana,Hancock County
18059,65+,14078,Indiana,Hancock County
18061,0-4,2135,Indiana,Harrison County
18061,18-49,14856,Indiana,Harrison County
18061,5-17,6758,Indiana,Harrison County
18061,50-64,8576,Indiana,Harrison County
18061,65+,7460,Indiana,Harrison County
18063,0-4,9881,Indiana,Hendricks County
18063,18-49,74944,Indiana,Hendricks County
18063,5-17,34329,Indiana,Hendricks County
18063,50-64,33819,Indiana,Hendricks County
18063,65+,26406,Indiana,Hendricks County
18065,0-4,2438,Indiana,Henry County
18065,18-49,19326,Indiana,Henry County
18065,5-17,7506,Indiana,Henry County
18065,50-64,10233,Indiana,Henry County
18065,65+,9393,Indiana,Henry County
18067,0-4,5023,Indiana,Howard County
18067,18-49,31398,Indiana,Howard County
18067,5-17,14182,Indiana,Howard County
18067,50-64,16651,Indiana,Howard County
18067,65+,16356,Indiana,Howard County
18069,0-4,2066,Indiana,Huntington County
18069,18-49,14462,Indiana,Huntington County
18069,5-17,5933,Indiana,Huntington County
18069,50-64,7608,Indiana,Huntington County
18069,65+,6688,Indiana,Huntington County
18071,0-4,3216,Indiana,Jackson County
18071,18-49,18425,Indiana,Jackson County
18071,5-17,8440,Indiana,Jackson County
18071,50-64,8813,Indiana,Jackson County
18071,65+,7425,Indiana,Jackson County
18073,0-4,1824,Indiana,Jasper County
18073,18-49,12710,Indiana,Jasper County
18073,5-17,5886,Indiana,Jasper County
18073,50-64,6723,Indiana,Jasper County
18073,65+,6055,Indiana,Jasper County
18075,0-4,1392,Indiana,Jay County
18075,18-49,7409,Indiana,Jay County
18075,5-17,3822,Indiana,Jay County
18075,50-64,3981,Indiana,Jay County
18075,65+,3677,Indiana,Jay County
18077,0-4,1777,Indiana,Jefferson County
18077,18-49,13346,Indiana,Jefferson County
18077,5-17,4851,Indiana,Jefferson County
18077,50-64,6897,Indiana,Jefferson County
18077,65+,6203,Indiana,Jefferson County
18079,0-4,1577,Indiana,Jennings County
18079,18-49,10723,Indiana,Jennings County
18079,5-17,4822,Indiana,Jennings County
18079,50-64,5803,Indiana,Jennings County
18079,65+,4659,Indiana,Jennings County
18081,0-4,9928,Indiana,Johnson County
18081,18-49,68840,Indiana,Johnson County
18081,5-17,30131,Indiana,Johnson County
18081,50-64,29811,Indiana,Johnson County
18081,65+,25273,Indiana,Johnson County
18083,0-4,1992,Indiana,Knox County
18083,18-49,14729,Indiana,Knox County
18083,5-17,5834,Indiana,Knox County
18083,50-64,6904,Indiana,Knox County
18083,65+,6649,Indiana,Knox County
18085,0-4,4850,Indiana,Kosciusko County
18085,18-49,31416,Indiana,Kosciusko County
18085,5-17,14211,Indiana,Kosciusko County
18085,50-64,15793,Indiana,Kosciusko County
18085,65+,14087,Indiana,Kosciusko County
18087,0-4,3555,Indiana,LaGrange County
18087,18-49,15083,Indiana,LaGrange County
18087,5-17,9441,Indiana,LaGrange County
18087,50-64,6756,Indiana,LaGrange County
18087,65+,5761,Indiana,LaGrange County
18089,0-4,29024,Indiana,Lake County
18089,18-49,197788,Indiana,Lake County
18089,5-17,87532,Indiana,Lake County
18089,50-64,97697,Indiana,Lake County
18089,65+,86949,Indiana,Lake County
18091,0-4,6168,Indiana,LaPorte County
18091,18-49,44428,Indiana,LaPorte County
18091,5-17,17787,Indiana,LaPorte County
18091,50-64,22535,Indiana,LaPorte County
18091,65+,21223,Indiana,LaPorte County
18093,0-4,2491,Indiana,Lawrence County
18093,18-49,16614,Indiana,Lawrence County
18093,5-17,7137,Indiana,Lawrence County
18093,50-64,9799,Indiana,Lawrence County
18093,65+,9036,Indiana,Lawrence County
18095,0-4,7096,Indiana,Madison County
18095,18-49,52204,Indiana,Madison County
18095,5-17,21139,Indiana,Madison County
18095,50-64,26156,Indiana,Madison County
18095,65+,24354,Indiana,Madison County
18097,0-4,68331,Indiana,Marion County
18097,18-49,437217,Indiana,Marion County
18097,5-17,175319,Indiana,Marion County
18097,50-64,165929,Indiana,Marion County
18097,65+,125026,Indiana,Marion County
18099,0-4,2802,Indiana,Marshall County
18099,18-49,17143,Indiana,Marshall County
18099,5-17,8634,Indiana,Marshall County
18099,50-64,9174,Indiana,Marshall County
18099,65+,8472,Indiana,Marshall County
18101,0-4,594,Indiana,Martin County
18101,18-49,3560,Indiana,Martin County
18101,5-17,1593,Indiana,Martin County
18101,50-64,2083,Indiana,Martin County
18101,65+,2024,Indiana,Martin County
18103,0-4,1815,Indiana,Miami County
18103,18-49,14622,Indiana,Miami County
18103,5-17,5709,Indiana,Miami County
18103,50-64,7204,Indiana,Miami County
18103,65+,6422,Indiana,Miami County
18105,0-4,5896,Indiana,Monroe County
18105,18-49,76220,Indiana,Monroe County
18105,5-17,16429,Indiana,Monroe County
18105,50-64,21389,Indiana,Monroe County
18105,65+,19888,Indiana,Monroe County
18107,0-4,2263,Indiana,Montgomery County
18107,18-49,14507,Indiana,Montgomery County
18107,5-17,6570,Indiana,Montgomery County
18107,50-64,7767,Indiana,Montgomery County
18107,65+,7048,Indiana,Montgomery County
18109,0-4,3766,Indiana,Morgan County
18109,18-49,27201,Indiana,Morgan County
18109,5-17,12306,Indiana,Morgan County
18109,50-64,16149,Indiana,Morgan County
18109,65+,12780,Indiana,Morgan County
18111,0-4,776,Indiana,Newton County
18111,18-49,5038,Indiana,Newton County
18111,5-17,2138,Indiana,Newton County
18111,50-64,3137,Indiana,Newton County
18111,65+,2770,Indiana,Newton County
18113,0-4,3076,Indiana,Noble County
18113,18-49,18308,Indiana,Noble County
18113,5-17,8500,Indiana,Noble County
18113,50-64,9687,Indiana,Noble County
18113,65+,7846,Indiana,Noble County
18115,0-4,357,Indiana,Ohio County
18115,18-49,1995,Indiana,Ohio County
18115,5-17,869,Indiana,Ohio County
18115,50-64,1397,Indiana,Ohio County
18115,65+,1375,Indiana,Ohio County
18117,0-4,1220,Indiana,Orange County
18117,18-49,7141,Indiana,Orange County
18117,5-17,3302,Indiana,Orange County
18117,50-64,4072,Indiana,Orange County
18117,65+,4011,Indiana,Orange County
18119,0-4,1075,Indiana,Owen County
18119,18-49,7656,Indiana,Owen County
18119,5-17,3201,Indiana,Owen County
18119,50-64,4992,Indiana,Owen County
18119,65+,4510,Indiana,Owen County
18121,0-4,944,Indiana,Parke County
18121,18-49,5965,Indiana,Parke County
18121,5-17,2684,Indiana,Parke County
18121,50-64,3444,Indiana,Parke County
18121,65+,3309,Indiana,Parke County
18123,0-4,1050,Indiana,Perry County
18123,18-49,7668,Indiana,Perry County
18123,5-17,2964,Indiana,Perry County
18123,50-64,3893,Indiana,Perry County
18123,65+,3643,Indiana,Perry County
18125,0-4,681,Indiana,Pike County
18125,18-49,4352,Indiana,Pike County
18125,5-17,2023,Indiana,Pike County
18125,50-64,2585,Indiana,Pike County
18125,65+,2546,Indiana,Pike County
18127,0-4,8902,Indiana,Porter County
18127,18-49,70943,Indiana,Porter County
18127,5-17,28741,Indiana,Porter County
18127,50-64,34690,Indiana,Porter County
18127,65+,30874,Indiana,Porter County
18129,0-4,1292,Indiana,Posey County
18129,18-49,9007,Indiana,Posey County
18129,5-17,4281,Indiana,Posey County
18129,50-64,5466,Indiana,Posey County
18129,65+,5117,Indiana,Posey County
18131,0-4,681,Indiana,Pulaski County
18131,18-49,4578,Indiana,Pulaski County
18131,5-17,2034,Indiana,Pulaski County
18131,50-64,2553,Indiana,Pulaski County
18131,65+,2595,Indiana,Pulaski County
18133,0-4,1712,Indiana,Putnam County
18133,18-49,16179,Indiana,Putnam County
18133,5-17,5374,Indiana,Putnam County
18133,50-64,7394,Indiana,Putnam County
18133,65+,6432,Indiana,Putnam County
18135,0-4,1430,Indiana,Randolph County
18135,18-49,8918,Indiana,Randolph County
18135,5-17,4138,Indiana,Randolph County
18135,50-64,4989,Indiana,Randolph County
18135,65+,4950,Indiana,Randolph County
18137,0-4,1779,Indiana,Ripley County
18137,18-49,10779,Indiana,Ripley County
18137,5-17,5103,Indiana,Ripley County
18137,50-64,6009,Indiana,Ripley County
18137,65+,5369,Indiana,Ripley County
18139,0-4,937,Indiana,Rush County
18139,18-49,6107,Indiana,Rush County
18139,5-17,2824,Indiana,Rush County
18139,50-64,3696,Indiana,Rush County
18139,65+,3170,Indiana,Rush County
18141,0-4,16873,Indiana,St. Joseph County
18141,18-49,115518,Indiana,St. Joseph County
18141,5-17,46688,Indiana,St. Joseph County
18141,50-64,48459,Indiana,St. Joseph County
18141,65+,45036,Indiana,St. Joseph County
18143,0-4,1390,Indiana,Scott County
18143,18-49,9615,Indiana,Scott County
18143,5-17,4124,Indiana,Scott County
18143,50-64,5186,Indiana,Scott County
18143,65+,4153,Indiana,Scott County
18145,0-4,2689,Indiana,Shelby County
18145,18-49,17188,Indiana,Shelby County
18145,5-17,7493,Indiana,Shelby County
18145,50-64,9667,Indiana,Shelby County
18145,65+,8067,Indiana,Shelby County
18147,0-4,1003,Indiana,Spencer County
18147,18-49,7112,Indiana,Spencer County
18147,5-17,3327,Indiana,Spencer County
18147,50-64,4406,Indiana,Spencer County
18147,65+,4023,Indiana,Spencer County
18149,0-4,1380,Indiana,Starke County
18149,18-49,8414,Indiana,Starke County
18149,5-17,3939,Indiana,Starke County
18149,50-64,4936,Indiana,Starke County
18149,65+,4631,Indiana,Starke County
18151,0-4,1689,Indiana,Steuben County
18151,18-49,12900,Indiana,Steuben County
18151,5-17,5225,Indiana,Steuben County
18151,50-64,7448,Indiana,Steuben County
18151,65+,7386,Indiana,Steuben County
18153,0-4,1096,Indiana,Sullivan County
18153,18-49,8785,Indiana,Sullivan County
18153,5-17,2896,Indiana,Sullivan County
18153,50-64,4151,Indiana,Sullivan County
18153,65+,3838,Indiana,Sullivan County
18155,0-4,563,Indiana,Switzerland County
18155,18-49,3632,Indiana,Switzerland County
18155,5-17,1809,Indiana,Switzerland County
18155,50-64,2078,Indiana,Switzerland County
18155,65+,1832,Indiana,Switzerland County
18157,0-4,10335,Indiana,Tippecanoe County
18157,18-49,100005,Indiana,Tippecanoe County
18157,5-17,28085,Indiana,Tippecanoe County
18157,50-64,26559,Indiana,Tippecanoe County
18157,65+,22415,Indiana,Tippecanoe County
18159,0-4,894,Indiana,Tipton County
18159,18-49,5538,Indiana,Tipton County
18159,5-17,2269,Indiana,Tipton County
18159,50-64,3304,Indiana,Tipton County
18159,65+,3324,Indiana,Tipton County
18161,0-4,398,Indiana,Union County
18161,18-49,2564,Indiana,Union County
18161,5-17,1055,Indiana,Union County
18161,50-64,1575,Indiana,Union County
18161,65+,1436,Indiana,Union County
18163,0-4,10483,Indiana,Vanderburgh County
18163,18-49,74483,Indiana,Vanderburgh County
18163,5-17,28676,Indiana,Vanderburgh County
18163,50-64,34245,Indiana,Vanderburgh County
18163,65+,32021,Indiana,Vanderburgh County
18165,0-4,817,Indiana,Vermillion County
18165,18-49,5744,Indiana,Vermillion County
18165,5-17,2601,Indiana,Vermillion County
18165,50-64,3206,Indiana,Vermillion County
18165,65+,3084,Indiana,Vermillion County
18167,0-4,5744,Indiana,Vigo County
18167,18-49,47752,Indiana,Vigo County
18167,5-17,16134,Indiana,Vigo County
18167,50-64,18464,Indiana,Vigo County
18167,65+,18107,Indiana,Vigo County
18169,0-4,1644,Indiana,Wabash County
18169,18-49,11488,Indiana,Wabash County
18169,5-17,4871,Indiana,Wabash County
18169,50-64,6320,Indiana,Wabash County
18169,65+,6578,Indiana,Wabash County
18171,0-4,430,Indiana,Warren County
18171,18-49,2973,Indiana,Warren County
18171,5-17,1447,Indiana,Warren County
18171,50-64,1847,Indiana,Warren County
18171,65+,1772,Indiana,Warren County
18173,0-4,3539,Indiana,Warrick County
18173,18-49,24817,Indiana,Warrick County
18173,5-17,11500,Indiana,Warrick County
18173,50-64,12834,Indiana,Warrick County
18173,65+,11960,Indiana,Warrick County
18175,0-4,1587,Indiana,Washington County
18175,18-49,10511,Indiana,Washington County
18175,5-17,4899,Indiana,Washington County
18175,50-64,6068,Indiana,Washington County
18175,65+,5102,Indiana,Washington County
18177,0-4,4010,Indiana,Wayne County
18177,18-49,25244,Indiana,Wayne County
18177,5-17,11002,Indiana,Wayne County
18177,50-64,13364,Indiana,Wayne County
18177,65+,12757,Indiana,Wayne County
18179,0-4,1693,Indiana,Wells County
18179,18-49,10513,Indiana,Wells County
18179,5-17,5286,Indiana,Wells County
18179,50-64,5582,Indiana,Wells County
18179,65+,5187,Indiana,Wells County
18181,0-4,1502,Indiana,White County
18181,18-49,8629,Indiana,White County
18181,5-17,4299,Indiana,White County
18181,50-64,5193,Indiana,White County
18181,65+,5086,Indiana,White County
18183,0-4,2113,Indiana,Whitley County
18183,18-49,12870,Indiana,Whitley County
18183,5-17,5823,Indiana,Whitley County
18183,50-64,7184,Indiana,Whitley County
18183,65+,6398,Indiana,Whitley County
19001,0-4,467,Iowa,Adair County
19001,18-49,2542,Iowa,Adair County
19001,5-17,1248,Iowa,Adair County
19001,50-64,1554,Iowa,Adair County
19001,65+,1660,Iowa,Adair County
19003,0-4,197,Iowa,Adams County
19003,18-49,1146,Iowa,Adams County
19003,5-17,599,Iowa,Adams County
19003,50-64,825,Iowa,Adams County
19003,65+,874,Iowa,Adams County
19005,0-4,898,Iowa,Allamakee County
19005,18-49,4618,Iowa,Allamakee County
19005,5-17,2488,Iowa,Allamakee County
19005,50-64,2848,Iowa,Allamakee County
19005,65+,3186,Iowa,Allamakee County
19007,0-4,602,Iowa,Appanoose County
19007,18-49,4141,Iowa,Appanoose County
19007,5-17,2019,Iowa,Appanoose County
19007,50-64,2615,Iowa,Appanoose County
19007,65+,2865,Iowa,Appanoose County
19009,0-4,375,Iowa,Audubon County
19009,18-49,1749,Iowa,Audubon County
19009,5-17,874,Iowa,Audubon County
19009,50-64,1219,Iowa,Audubon County
19009,65+,1405,Iowa,Audubon County
19011,0-4,1492,Iowa,Benton County
19011,18-49,9063,Iowa,Benton County
19011,5-17,4449,Iowa,Benton County
19011,50-64,5732,Iowa,Benton County
19011,65+,4962,Iowa,Benton County
19013,0-4,8030,Iowa,Black Hawk County
19013,18-49,57784,Iowa,Black Hawk County
19013,5-17,20649,Iowa,Black Hawk County
19013,50-64,21397,Iowa,Black Hawk County
19013,65+,22833,Iowa,Black Hawk County
19015,0-4,1350,Iowa,Boone County
19015,18-49,10336,Iowa,Boone County
19015,5-17,4231,Iowa,Boone County
19015,50-64,5518,Iowa,Boone County
19015,65+,5234,Iowa,Boone County
19017,0-4,1423,Iowa,Bremer County
19017,18-49,10132,Iowa,Bremer County
19017,5-17,4254,Iowa,Bremer County
19017,50-64,4408,Iowa,Bremer County
19017,65+,4901,Iowa,Bremer County
19019,0-4,1363,Iowa,Buchanan County
19019,18-49,7502,Iowa,Buchanan County
19019,5-17,3945,Iowa,Buchanan County
19019,50-64,4062,Iowa,Buchanan County
19019,65+,3773,Iowa,Buchanan County
19021,0-4,1439,Iowa,Buena Vista County
19021,18-49,8458,Iowa,Buena Vista County
19021,5-17,4082,Iowa,Buena Vista County
19021,50-64,3388,Iowa,Buena Vista County
19021,65+,3317,Iowa,Buena Vista County
19023,0-4,731,Iowa,Butler County
19023,18-49,4972,Iowa,Butler County
19023,5-17,2484,Iowa,Butler County
19023,50-64,2856,Iowa,Butler County
19023,65+,3258,Iowa,Butler County
19025,0-4,548,Iowa,Calhoun County
19025,18-49,3486,Iowa,Calhoun County
19025,5-17,1604,Iowa,Calhoun County
19025,50-64,1925,Iowa,Calhoun County
19025,65+,2295,Iowa,Calhoun County
19027,0-4,1159,Iowa,Carroll County
19027,18-49,7203,Iowa,Carroll County
19027,5-17,3827,Iowa,Carroll County
19027,50-64,4155,Iowa,Carroll County
19027,65+,4333,Iowa,Carroll County
19029,0-4,670,Iowa,Cass County
19029,18-49,4334,Iowa,Cass County
19029,5-17,2420,Iowa,Cass County
19029,50-64,2647,Iowa,Cass County
19029,65+,3044,Iowa,Cass County
19031,0-4,878,Iowa,Cedar County
19031,18-49,6632,Iowa,Cedar County
19031,5-17,3075,Iowa,Cedar County
19031,50-64,4054,Iowa,Cedar County
19031,65+,3788,Iowa,Cedar County
19033,0-4,2278,Iowa,Cerro Gordo County
19033,18-49,15096,Iowa,Cerro Gordo County
19033,5-17,6686,Iowa,Cerro Gordo County
19033,50-64,8880,Iowa,Cerro Gordo County
19033,65+,9845,Iowa,Cerro Gordo County
19035,0-4,568,Iowa,Cherokee County
19035,18-49,3912,Iowa,Cherokee County
19035,5-17,1954,Iowa,Cherokee County
19035,50-64,2308,Iowa,Cherokee County
19035,65+,2845,Iowa,Cherokee County
19037,0-4,750,Iowa,Chickasaw County
19037,18-49,3979,Iowa,Chickasaw County
19037,5-17,2019,Iowa,Chickasaw County
19037,50-64,2500,Iowa,Chickasaw County
19037,65+,2620,Iowa,Chickasaw County
19039,0-4,681,Iowa,Clarke County
19039,18-49,3394,Iowa,Clarke County
19039,5-17,1793,Iowa,Clarke County
19039,50-64,1913,Iowa,Clarke County
19039,65+,1909,Iowa,Clarke County
19041,0-4,868,Iowa,Clay County
19041,18-49,5828,Iowa,Clay County
19041,5-17,2935,Iowa,Clay County
19041,50-64,3215,Iowa,Clay County
19041,65+,3600,Iowa,Clay County
19043,0-4,1003,Iowa,Clayton County
19043,18-49,5512,Iowa,Clayton County
19043,5-17,2705,Iowa,Clayton County
19043,50-64,3693,Iowa,Clayton County
19043,65+,4156,Iowa,Clayton County
19045,0-4,2630,Iowa,Clinton County
19045,18-49,16570,Iowa,Clinton County
19045,5-17,7902,Iowa,Clinton County
19045,50-64,9980,Iowa,Clinton County
19045,65+,9301,Iowa,Clinton County
19047,0-4,989,Iowa,Crawford County
19047,18-49,6196,Iowa,Crawford County
19047,5-17,3132,Iowa,Crawford County
19047,50-64,3021,Iowa,Crawford County
19047,65+,2951,Iowa,Crawford County
19049,0-4,7173,Iowa,Dallas County
19049,18-49,46242,Iowa,Dallas County
19049,5-17,20766,Iowa,Dallas County
19049,50-64,16951,Iowa,Dallas County
19049,65+,13004,Iowa,Dallas County
19051,0-4,813,Iowa,Davis County
19051,18-49,3152,Iowa,Davis County
19051,5-17,1917,Iowa,Davis County
19051,50-64,1621,Iowa,Davis County
19051,65+,1624,Iowa,Davis County
19053,0-4,459,Iowa,Decatur County
19053,18-49,3049,Iowa,Decatur County
19053,5-17,1271,Iowa,Decatur County
19053,50-64,1291,Iowa,Decatur County
19053,65+,1599,Iowa,Decatur County
19055,0-4,1001,Iowa,Delaware County
19055,18-49,5838,Iowa,Delaware County
19055,5-17,3114,Iowa,Delaware County
19055,50-64,3922,Iowa,Delaware County
19055,65+,3674,Iowa,Delaware County
19057,0-4,2154,Iowa,Des Moines County
19057,18-49,14343,Iowa,Des Moines County
19057,5-17,6290,Iowa,Des Moines County
19057,50-64,7666,Iowa,Des Moines County
19057,65+,8144,Iowa,Des Moines County
19059,0-4,823,Iowa,Dickinson County
19059,18-49,5791,Iowa,Dickinson County
19059,5-17,2610,Iowa,Dickinson County
19059,50-64,3699,Iowa,Dickinson County
19059,65+,4921,Iowa,Dickinson County
19061,0-4,5959,Iowa,Dubuque County
19061,18-49,38932,Iowa,Dubuque County
19061,5-17,16472,Iowa,Dubuque County
19061,50-64,19015,Iowa,Dubuque County
19061,65+,18570,Iowa,Dubuque County
19063,0-4,404,Iowa,Emmet County
19063,18-49,3376,Iowa,Emmet County
19063,5-17,1413,Iowa,Emmet County
19063,50-64,1931,Iowa,Emmet County
19063,65+,2192,Iowa,Emmet County
19065,0-4,1117,Iowa,Fayette County
19065,18-49,6773,Iowa,Fayette County
19065,5-17,3028,Iowa,Fayette County
19065,50-64,4184,Iowa,Fayette County
19065,65+,4291,Iowa,Fayette County
19067,0-4,978,Iowa,Floyd County
19067,18-49,5287,Iowa,Floyd County
19067,5-17,2530,Iowa,Floyd County
19067,50-64,3184,Iowa,Floyd County
19067,65+,3523,Iowa,Floyd County
19069,0-4,688,Iowa,Franklin County
19069,18-49,3380,Iowa,Franklin County
19069,5-17,1751,Iowa,Franklin County
19069,50-64,2024,Iowa,Franklin County
19069,65+,2134,Iowa,Franklin County
19071,0-4,303,Iowa,Fremont County
19071,18-49,2162,Iowa,Fremont County
19071,5-17,1138,Iowa,Fremont County
19071,50-64,1418,Iowa,Fremont County
19071,65+,1549,Iowa,Fremont County
19073,0-4,431,Iowa,Greene County
19073,18-49,3008,Iowa,Greene County
19073,5-17,1413,Iowa,Greene County
19073,50-64,1738,Iowa,Greene County
19073,65+,2132,Iowa,Greene County
19075,0-4,700,Iowa,Grundy County
19075,18-49,4393,Iowa,Grundy County
19075,5-17,2217,Iowa,Grundy County
19075,50-64,2474,Iowa,Grundy County
19075,65+,2568,Iowa,Grundy County
19077,0-4,524,Iowa,Guthrie County
19077,18-49,3547,Iowa,Guthrie County
19077,5-17,1755,Iowa,Guthrie County
19077,50-64,2314,Iowa,Guthrie County
19077,65+,2506,Iowa,Guthrie County
19079,0-4,742,Iowa,Hamilton County
19079,18-49,5287,Iowa,Hamilton County
19079,5-17,2744,Iowa,Hamilton County
19079,50-64,2954,Iowa,Hamilton County
19079,65+,3166,Iowa,Hamilton County
19081,0-4,569,Iowa,Hancock County
19081,18-49,3759,Iowa,Hancock County
19081,5-17,1712,Iowa,Hancock County
19081,50-64,2119,Iowa,Hancock County
19081,65+,2559,Iowa,Hancock County
19083,0-4,765,Iowa,Hardin County
19083,18-49,6109,Iowa,Hardin County
19083,5-17,2452,Iowa,Hardin County
19083,50-64,3549,Iowa,Hardin County
19083,65+,3854,Iowa,Hardin County
19085,0-4,842,Iowa,Harrison County
19085,18-49,5229,Iowa,Harrison County
19085,5-17,2535,Iowa,Harrison County
19085,50-64,3150,Iowa,Harrison County
19085,65+,2889,Iowa,Harrison County
19087,0-4,1070,Iowa,Henry County
19087,18-49,8005,Iowa,Henry County
19087,5-17,3184,Iowa,Henry County
19087,50-64,4045,Iowa,Henry County
19087,65+,3924,Iowa,Henry County
19089,0-4,627,Iowa,Howard County
19089,18-49,3272,Iowa,Howard County
19089,5-17,1792,Iowa,Howard County
19089,50-64,1840,Iowa,Howard County
19089,65+,1928,Iowa,Howard County
19091,0-4,560,Iowa,Humboldt County
19091,18-49,3371,Iowa,Humboldt County
19091,5-17,1706,Iowa,Humboldt County
19091,50-64,1886,Iowa,Humboldt County
19091,65+,2050,Iowa,Humboldt County
19093,0-4,381,Iowa,Ida County
19093,18-49,2340,Iowa,Ida County
19093,5-17,1317,Iowa,Ida County
19093,50-64,1370,Iowa,Ida County
19093,65+,1536,Iowa,Ida County
19095,0-4,900,Iowa,Iowa County
19095,18-49,5803,Iowa,Iowa County
19095,5-17,2988,Iowa,Iowa County
19095,50-64,3628,Iowa,Iowa County
19095,65+,3228,Iowa,Iowa County
19097,0-4,1113,Iowa,Jackson County
19097,18-49,6526,Iowa,Jackson County
19097,5-17,3200,Iowa,Jackson County
19097,50-64,4371,Iowa,Jackson County
19097,65+,4219,Iowa,Jackson County
19099,0-4,2001,Iowa,Jasper County
19099,18-49,14548,Iowa,Jasper County
19099,5-17,6381,Iowa,Jasper County
19099,50-64,7605,Iowa,Jasper County
19099,65+,7329,Iowa,Jasper County
19101,0-4,736,Iowa,Jefferson County
19101,18-49,6194,Iowa,Jefferson County
19101,5-17,1948,Iowa,Jefferson County
19101,50-64,2765,Iowa,Jefferson County
19101,65+,4033,Iowa,Jefferson County
19103,0-4,8378,Iowa,Johnson County
19103,18-49,82234,Iowa,Johnson County
19103,5-17,21898,Iowa,Johnson County
19103,50-64,22420,Iowa,Johnson County
19103,65+,19951,Iowa,Johnson County
19105,0-4,1075,Iowa,Jones County
19105,18-49,7666,Iowa,Jones County
19105,5-17,3269,Iowa,Jones County
19105,50-64,4405,Iowa,Jones County
19105,65+,4384,Iowa,Jones County
19107,0-4,554,Iowa,Keokuk County
19107,18-49,3508,Iowa,Keokuk County
19107,5-17,1708,Iowa,Keokuk County
19107,50-64,2011,Iowa,Keokuk County
19107,65+,2183,Iowa,Keokuk County
19109,0-4,810,Iowa,Kossuth County
19109,18-49,4777,Iowa,Kossuth County
19109,5-17,2441,Iowa,Kossuth County
19109,50-64,2935,Iowa,Kossuth County
19109,65+,3647,Iowa,Kossuth County
19111,0-4,1832,Iowa,Lee County
19111,18-49,11966,Iowa,Lee County
19111,5-17,5243,Iowa,Lee County
19111,50-64,6926,Iowa,Lee County
19111,65+,7208,Iowa,Lee County
19113,0-4,13573,Iowa,Linn County
19113,18-49,95514,Iowa,Linn County
19113,5-17,38660,Iowa,Linn County
19113,50-64,43000,Iowa,Linn County
19113,65+,38716,Iowa,Linn County
19115,0-4,587,Iowa,Louisa County
19115,18-49,3941,Iowa,Louisa County
19115,5-17,1815,Iowa,Louisa County
19115,50-64,2245,Iowa,Louisa County
19115,65+,2122,Iowa,Louisa County
19117,0-4,521,Iowa,Lucas County
19117,18-49,2917,Iowa,Lucas County
19117,5-17,1477,Iowa,Lucas County
19117,50-64,1892,Iowa,Lucas County
19117,65+,1878,Iowa,Lucas County
19119,0-4,845,Iowa,Lyon County
19119,18-49,4298,Iowa,Lyon County
19119,5-17,2606,Iowa,Lyon County
19119,50-64,2053,Iowa,Lyon County
19119,65+,2285,Iowa,Lyon County
19121,0-4,889,Iowa,Madison County
19121,18-49,6115,Iowa,Madison County
19121,5-17,3286,Iowa,Madison County
19121,50-64,3443,Iowa,Madison County
19121,65+,3027,Iowa,Madison County
19123,0-4,1339,Iowa,Mahaska County
19123,18-49,8501,Iowa,Mahaska County
19123,5-17,3923,Iowa,Mahaska County
19123,50-64,4091,Iowa,Mahaska County
19123,65+,4191,Iowa,Mahaska County
19125,0-4,1891,Iowa,Marion County
19125,18-49,12812,Iowa,Marion County
19125,5-17,5954,Iowa,Marion County
19125,50-64,6547,Iowa,Marion County
19125,65+,6347,Iowa,Marion County
19127,0-4,2394,Iowa,Marshall County
19127,18-49,14971,Iowa,Marshall County
19127,5-17,7733,Iowa,Marshall County
19127,50-64,7495,Iowa,Marshall County
19127,65+,7378,Iowa,Marshall County
19129,0-4,694,Iowa,Mills County
19129,18-49,5266,Iowa,Mills County
19129,5-17,2668,Iowa,Mills County
19129,50-64,3043,Iowa,Mills County
19129,65+,2892,Iowa,Mills County
19131,0-4,643,Iowa,Mitchell County
19131,18-49,3592,Iowa,Mitchell County
19131,5-17,1891,Iowa,Mitchell County
19131,50-64,2163,Iowa,Mitchell County
19131,65+,2259,Iowa,Mitchell County
19133,0-4,480,Iowa,Monona County
19133,18-49,2799,Iowa,Monona County
19133,5-17,1452,Iowa,Monona County
19133,50-64,1834,Iowa,Monona County
19133,65+,2054,Iowa,Monona County
19135,0-4,460,Iowa,Monroe County
19135,18-49,2672,Iowa,Monroe County
19135,5-17,1285,Iowa,Monroe County
19135,50-64,1634,Iowa,Monroe County
19135,65+,1495,Iowa,Monroe County
19137,0-4,555,Iowa,Montgomery County
19137,18-49,3479,Iowa,Montgomery County
19137,5-17,1765,Iowa,Montgomery County
19137,50-64,2113,Iowa,Montgomery County
19137,65+,2342,Iowa,Montgomery County
19139,0-4,2541,Iowa,Muscatine County
19139,18-49,16516,Iowa,Muscatine County
19139,5-17,7803,Iowa,Muscatine County
19139,50-64,8366,Iowa,Muscatine County
19139,65+,7509,Iowa,Muscatine County
19141,0-4,932,Iowa,O'Brien County
19141,18-49,5131,Iowa,O'Brien County
19141,5-17,2506,Iowa,O'Brien County
19141,50-64,2561,Iowa,O'Brien County
19141,65+,2973,Iowa,O'Brien County
19143,0-4,342,Iowa,Osceola County
19143,18-49,1960,Iowa,Osceola County
19143,5-17,1094,Iowa,Osceola County
19143,50-64,1371,Iowa,Osceola County
19143,65+,1347,Iowa,Osceola County
19145,0-4,656,Iowa,Page County
19145,18-49,5596,Iowa,Page County
19145,5-17,2252,Iowa,Page County
19145,50-64,3055,Iowa,Page County
19145,65+,3609,Iowa,Page County
19147,0-4,547,Iowa,Palo Alto County
19147,18-49,3175,Iowa,Palo Alto County
19147,5-17,1540,Iowa,Palo Alto County
19147,50-64,1691,Iowa,Palo Alto County
19147,65+,1949,Iowa,Palo Alto County
19149,0-4,1453,Iowa,Plymouth County
19149,18-49,9260,Iowa,Plymouth County
19149,5-17,4958,Iowa,Plymouth County
19149,50-64,5072,Iowa,Plymouth County
19149,65+,4956,Iowa,Plymouth County
19151,0-4,427,Iowa,Pocahontas County
19151,18-49,2256,Iowa,Pocahontas County
19151,5-17,1195,Iowa,Pocahontas County
19151,50-64,1512,Iowa,Pocahontas County
19151,65+,1650,Iowa,Pocahontas County
19153,0-4,32945,Iowa,Polk County
19153,18-49,219369,Iowa,Polk County
19153,5-17,89439,Iowa,Polk County
19153,50-64,87662,Iowa,Polk County
19153,65+,68026,Iowa,Polk County
19155,0-4,5182,Iowa,Pottawattamie County
19155,18-49,36142,Iowa,Pottawattamie County
19155,5-17,16463,Iowa,Pottawattamie County
19155,50-64,18473,Iowa,Pottawattamie County
19155,65+,17147,Iowa,Pottawattamie County
19157,0-4,816,Iowa,Poweshiek County
19157,18-49,7477,Iowa,Poweshiek County
19157,5-17,2803,Iowa,Poweshiek County
19157,50-64,3586,Iowa,Poweshiek County
19157,65+,3900,Iowa,Poweshiek County
19159,0-4,271,Iowa,Ringgold County
19159,18-49,1498,Iowa,Ringgold County
19159,5-17,810,Iowa,Ringgold County
19159,50-64,1008,Iowa,Ringgold County
19159,65+,1077,Iowa,Ringgold County
19161,0-4,589,Iowa,Sac County
19161,18-49,3166,Iowa,Sac County
19161,5-17,1583,Iowa,Sac County
19161,50-64,2091,Iowa,Sac County
19161,65+,2330,Iowa,Sac County
19163,0-4,10270,Iowa,Scott County
19163,18-49,70444,Iowa,Scott County
19163,5-17,30516,Iowa,Scott County
19163,50-64,33221,Iowa,Scott County
19163,65+,29851,Iowa,Scott County
19165,0-4,649,Iowa,Shelby County
19165,18-49,3796,Iowa,Shelby County
19165,5-17,2037,Iowa,Shelby County
19165,50-64,2548,Iowa,Shelby County
19165,65+,2727,Iowa,Shelby County
19167,0-4,2607,Iowa,Sioux County
19167,18-49,14694,Iowa,Sioux County
19167,5-17,7267,Iowa,Sioux County
19167,50-64,5689,Iowa,Sioux County
19167,65+,5727,Iowa,Sioux County
19169,0-4,4204,Iowa,Story County
19169,18-49,56897,Iowa,Story County
19169,5-17,11996,Iowa,Story County
19169,50-64,12722,Iowa,Story County
19169,65+,12773,Iowa,Story County
19171,0-4,1002,Iowa,Tama County
19171,18-49,5904,Iowa,Tama County
19171,5-17,3077,Iowa,Tama County
19171,50-64,3530,Iowa,Tama County
19171,65+,3469,Iowa,Tama County
19173,0-4,318,Iowa,Taylor County
19173,18-49,2006,Iowa,Taylor County
19173,5-17,1068,Iowa,Taylor County
19173,50-64,1174,Iowa,Taylor County
19173,65+,1335,Iowa,Taylor County
19175,0-4,608,Iowa,Union County
19175,18-49,4411,Iowa,Union County
19175,5-17,2250,Iowa,Union County
19175,50-64,2297,Iowa,Union County
19175,65+,2472,Iowa,Union County
19177,0-4,462,Iowa,Van Buren County
19177,18-49,2361,Iowa,Van Buren County
19177,5-17,1219,Iowa,Van Buren County
19177,50-64,1512,Iowa,Van Buren County
19177,65+,1682,Iowa,Van Buren County
19179,0-4,2097,Iowa,Wapello County
19179,18-49,13743,Iowa,Wapello County
19179,5-17,6252,Iowa,Wapello County
19179,50-64,6811,Iowa,Wapello County
19179,65+,6362,Iowa,Wapello County
19181,0-4,3090,Iowa,Warren County
19181,18-49,21440,Iowa,Warren County
19181,5-17,10082,Iowa,Warren County
19181,50-64,10059,Iowa,Warren County
19181,65+,8813,Iowa,Warren County
19183,0-4,1419,Iowa,Washington County
19183,18-49,8175,Iowa,Washington County
19183,5-17,4134,Iowa,Washington County
19183,50-64,4339,Iowa,Washington County
19183,65+,4472,Iowa,Washington County
19185,0-4,454,Iowa,Wayne County
19185,18-49,2085,Iowa,Wayne County
19185,5-17,1260,Iowa,Wayne County
19185,50-64,1259,Iowa,Wayne County
19185,65+,1460,Iowa,Wayne County
19187,0-4,2109,Iowa,Webster County
19187,18-49,14702,Iowa,Webster County
19187,5-17,5763,Iowa,Webster County
19187,50-64,7016,Iowa,Webster County
19187,65+,7258,Iowa,Webster County
19189,0-4,510,Iowa,Winnebago County
19189,18-49,3999,Iowa,Winnebago County
19189,5-17,1805,Iowa,Winnebago County
19189,50-64,2038,Iowa,Winnebago County
19189,65+,2296,Iowa,Winnebago County
19191,0-4,925,Iowa,Winneshiek County
19191,18-49,7618,Iowa,Winneshiek County
19191,5-17,2865,Iowa,Winneshiek County
19191,50-64,4047,Iowa,Winneshiek County
19191,65+,4517,Iowa,Winneshiek County
19193,0-4,7160,Iowa,Woodbury County
19193,18-49,43354,Iowa,Woodbury County
19193,5-17,20260,Iowa,Woodbury County
19193,50-64,18542,Iowa,Woodbury County
19193,65+,16444,Iowa,Woodbury County
19195,0-4,417,Iowa,Worth County
19195,18-49,2657,Iowa,Worth County
19195,5-17,1103,Iowa,Worth County
19195,50-64,1547,Iowa,Worth County
19195,65+,1656,Iowa,Worth County
19197,0-4,836,Iowa,Wright County
19197,18-49,4297,Iowa,Wright County
19197,5-17,2507,Iowa,Wright County
19197,50-64,2343,Iowa,Wright County
19197,65+,2834,Iowa,Wright County
20001,0-4,723,Kansas,Allen County
20001,18-49,4611,Kansas,Allen County
20001,5-17,2044,Kansas,Allen County
20001,50-64,2519,Kansas,Allen County
20001,65+,2594,Kansas,Allen County
20003,0-4,541,Kansas,Anderson County
20003,18-49,2523,Kansas,Anderson County
20003,5-17,1522,Kansas,Anderson County
20003,50-64,1612,Kansas,Anderson County
20003,65+,1621,Kansas,Anderson County
20005,0-4,874,Kansas,Atchison County
20005,18-49,6821,Kansas,Atchison County
20005,5-17,2708,Kansas,Atchison County
20005,50-64,2945,Kansas,Atchison County
20005,65+,2863,Kansas,Atchison County
20007,0-4,246,Kansas,Barber County
20007,18-49,1307,Kansas,Barber County
20007,5-17,789,Kansas,Barber County
20007,50-64,848,Kansas,Barber County
20007,65+,963,Kansas,Barber County
20009,0-4,1607,Kansas,Barton County
20009,18-49,9180,Kansas,Barton County
20009,5-17,4536,Kansas,Barton County
20009,50-64,4755,Kansas,Barton County
20009,65+,5197,Kansas,Barton County
20011,0-4,886,Kansas,Bourbon County
20011,18-49,5352,Kansas,Bourbon County
20011,5-17,2715,Kansas,Bourbon County
20011,50-64,2638,Kansas,Bourbon County
20011,65+,2793,Kansas,Bourbon County
20013,0-4,572,Kansas,Brown County
20013,18-49,3114,Kansas,Brown County
20013,5-17,1808,Kansas,Brown County
20013,50-64,1893,Kansas,Brown County
20013,65+,2028,Kansas,Brown County
20015,0-4,3844,Kansas,Butler County
20015,18-49,27295,Kansas,Butler County
20015,5-17,13115,Kansas,Butler County
20015,50-64,12864,Kansas,Butler County
20015,65+,10798,Kansas,Butler County
20017,0-4,127,Kansas,Chase County
20017,18-49,942,Kansas,Chase County
20017,5-17,414,Kansas,Chase County
20017,50-64,476,Kansas,Chase County
20017,65+,620,Kansas,Chase County
20019,0-4,176,Kansas,Chautauqua County
20019,18-49,1085,Kansas,Chautauqua County
20019,5-17,579,Kansas,Chautauqua County
20019,50-64,724,Kansas,Chautauqua County
20019,65+,806,Kansas,Chautauqua County
20021,0-4,1156,Kansas,Cherokee County
20021,18-49,6825,Kansas,Cherokee County
20021,5-17,3208,Kansas,Cherokee County
20021,50-64,4266,Kansas,Cherokee County
20021,65+,3781,Kansas,Cherokee County
20023,0-4,167,Kansas,Cheyenne County
20023,18-49,886,Kansas,Cheyenne County
20023,5-17,442,Kansas,Cheyenne County
20023,50-64,463,Kansas,Cheyenne County
20023,65+,670,Kansas,Cheyenne County
20025,0-4,126,Kansas,Clark County
20025,18-49,565,Kansas,Clark County
20025,5-17,360,Kansas,Clark County
20025,50-64,464,Kansas,Clark County
20025,65+,472,Kansas,Clark County
20027,0-4,481,Kansas,Clay County
20027,18-49,2731,Kansas,Clay County
20027,5-17,1387,Kansas,Clay County
20027,50-64,1487,Kansas,Clay County
20027,65+,1985,Kansas,Clay County
20029,0-4,629,Kansas,Cloud County
20029,18-49,3309,Kansas,Cloud County
20029,5-17,1507,Kansas,Cloud County
20029,50-64,1643,Kansas,Cloud County
20029,65+,1885,Kansas,Cloud County
20031,0-4,366,Kansas,Coffey County
20031,18-49,2957,Kansas,Coffey County
20031,5-17,1423,Kansas,Coffey County
20031,50-64,1732,Kansas,Coffey County
20031,65+,1826,Kansas,Coffey County
20033,0-4,44,Kansas,Comanche County
20033,18-49,527,Kansas,Comanche County
20033,5-17,264,Kansas,Comanche County
20033,50-64,363,Kansas,Comanche County
20033,65+,487,Kansas,Comanche County
20035,0-4,1872,Kansas,Cowley County
20035,18-49,13632,Kansas,Cowley County
20035,5-17,6293,Kansas,Cowley County
20035,50-64,6221,Kansas,Cowley County
20035,65+,6469,Kansas,Cowley County
20037,0-4,2238,Kansas,Crawford County
20037,18-49,17626,Kansas,Crawford County
20037,5-17,6401,Kansas,Crawford County
20037,50-64,6618,Kansas,Crawford County
20037,65+,6080,Kansas,Crawford County
20039,0-4,146,Kansas,Decatur County
20039,18-49,797,Kansas,Decatur County
20039,5-17,401,Kansas,Decatur County
20039,50-64,598,Kansas,Decatur County
20039,65+,804,Kansas,Decatur County
20041,0-4,971,Kansas,Dickinson County
20041,18-49,6550,Kansas,Dickinson County
20041,5-17,3245,Kansas,Dickinson County
20041,50-64,3847,Kansas,Dickinson County
20041,65+,3810,Kansas,Dickinson County
20043,0-4,386,Kansas,Doniphan County
20043,18-49,3007,Kansas,Doniphan County
20043,5-17,1139,Kansas,Doniphan County
20043,50-64,1503,Kansas,Doniphan County
20043,65+,1457,Kansas,Doniphan County
20045,0-4,5388,Kansas,Douglas County
20045,18-49,64690,Kansas,Douglas County
20045,5-17,15912,Kansas,Douglas County
20045,50-64,17630,Kansas,Douglas County
20045,65+,15927,Kansas,Douglas County
20047,0-4,148,Kansas,Edwards County
20047,18-49,907,Kansas,Edwards County
20047,5-17,505,Kansas,Edwards County
20047,50-64,630,Kansas,Edwards County
20047,65+,627,Kansas,Edwards County
20049,0-4,115,Kansas,Elk County
20049,18-49,672,Kansas,Elk County
20049,5-17,457,Kansas,Elk County
20049,50-64,526,Kansas,Elk County
20049,65+,694,Kansas,Elk County
20051,0-4,1467,Kansas,Ellis County
20051,18-49,14113,Kansas,Ellis County
20051,5-17,4402,Kansas,Ellis County
20051,50-64,4409,Kansas,Ellis County
20051,65+,4479,Kansas,Ellis County
20053,0-4,264,Kansas,Ellsworth County
20053,18-49,2535,Kansas,Ellsworth County
20053,5-17,858,Kansas,Ellsworth County
20053,50-64,1198,Kansas,Ellsworth County
20053,65+,1511,Kansas,Ellsworth County
20055,0-4,2938,Kansas,Finney County
20055,18-49,15900,Kansas,Finney County
20055,5-17,8489,Kansas,Finney County
20055,50-64,6295,Kansas,Finney County
20055,65+,4379,Kansas,Finney County
20057,0-4,3050,Kansas,Ford County
20057,18-49,14097,Kansas,Ford County
20057,5-17,7467,Kansas,Ford County
20057,50-64,5674,Kansas,Ford County
20057,65+,3845,Kansas,Ford County
20059,0-4,1399,Kansas,Franklin County
20059,18-49,10006,Kansas,Franklin County
20059,5-17,4653,Kansas,Franklin County
20059,50-64,5378,Kansas,Franklin County
20059,65+,4558,Kansas,Franklin County
20061,0-4,4170,Kansas,Geary County
20061,18-49,18040,Kansas,Geary County
20061,5-17,7183,Kansas,Geary County
20061,50-64,3394,Kansas,Geary County
20061,65+,3108,Kansas,Geary County
20063,0-4,210,Kansas,Gove County
20063,18-49,915,Kansas,Gove County
20063,5-17,509,Kansas,Gove County
20063,50-64,506,Kansas,Gove County
20063,65+,656,Kansas,Gove County
20065,0-4,109,Kansas,Graham County
20065,18-49,783,Kansas,Graham County
20065,5-17,394,Kansas,Graham County
20065,50-64,498,Kansas,Graham County
20065,65+,622,Kansas,Graham County
20067,0-4,571,Kansas,Grant County
20067,18-49,2746,Kansas,Grant County
20067,5-17,1660,Kansas,Grant County
20067,50-64,1345,Kansas,Grant County
20067,65+,962,Kansas,Grant County
20069,0-4,405,Kansas,Gray County
20069,18-49,2166,Kansas,Gray County
20069,5-17,1258,Kansas,Gray County
20069,50-64,954,Kansas,Gray County
20069,65+,913,Kansas,Gray County
20071,0-4,106,Kansas,Greeley County
20071,18-49,451,Kansas,Greeley County
20071,5-17,292,Kansas,Greeley County
20071,50-64,206,Kansas,Greeley County
20071,65+,241,Kansas,Greeley County
20073,0-4,274,Kansas,Greenwood County
20073,18-49,1824,Kansas,Greenwood County
20073,5-17,1004,Kansas,Greenwood County
20073,50-64,1304,Kansas,Greenwood County
20073,65+,1550,Kansas,Greenwood County
20075,0-4,158,Kansas,Hamilton County
20075,18-49,1021,Kansas,Hamilton County
20075,5-17,621,Kansas,Hamilton County
20075,50-64,355,Kansas,Hamilton County
20075,65+,330,Kansas,Hamilton County
20077,0-4,350,Kansas,Harper County
20077,18-49,1832,Kansas,Harper County
20077,5-17,1053,Kansas,Harper County
20077,50-64,1010,Kansas,Harper County
20077,65+,1201,Kansas,Harper County
20079,0-4,1935,Kansas,Harvey County
20079,18-49,12551,Kansas,Harvey County
20079,5-17,6139,Kansas,Harvey County
20079,50-64,6142,Kansas,Harvey County
20079,65+,7056,Kansas,Harvey County
20081,0-4,256,Kansas,Haskell County
20081,18-49,1425,Kansas,Haskell County
20081,5-17,748,Kansas,Haskell County
20081,50-64,684,Kansas,Haskell County
20081,65+,582,Kansas,Haskell County
20083,0-4,65,Kansas,Hodgeman County
20083,18-49,481,Kansas,Hodgeman County
20083,5-17,347,Kansas,Hodgeman County
20083,50-64,432,Kansas,Hodgeman County
20083,65+,351,Kansas,Hodgeman County
20085,0-4,851,Kansas,Jackson County
20085,18-49,4680,Kansas,Jackson County
20085,5-17,2424,Kansas,Jackson County
20085,50-64,2722,Kansas,Jackson County
20085,65+,2600,Kansas,Jackson County
20087,0-4,927,Kansas,Jefferson County
20087,18-49,6451,Kansas,Jefferson County
20087,5-17,3164,Kansas,Jefferson County
20087,50-64,4285,Kansas,Jefferson County
20087,65+,3564,Kansas,Jefferson County
20089,0-4,164,Kansas,Jewell County
20089,18-49,830,Kansas,Jewell County
20089,5-17,458,Kansas,Jewell County
20089,50-64,567,Kansas,Jewell County
20089,65+,890,Kansas,Jewell County
20091,0-4,36710,Kansas,Johnson County
20091,18-49,259632,Kansas,Johnson County
20091,5-17,109686,Kansas,Johnson County
20091,50-64,113468,Kansas,Johnson County
20091,65+,95268,Kansas,Johnson County
20093,0-4,277,Kansas,Kearny County
20093,18-49,1371,Kansas,Kearny County
20093,5-17,888,Kansas,Kearny County
20093,50-64,729,Kansas,Kearny County
20093,65+,645,Kansas,Kearny County
20095,0-4,410,Kansas,Kingman County
20095,18-49,2619,Kansas,Kingman County
20095,5-17,1189,Kansas,Kingman County
20095,50-64,1630,Kansas,Kingman County
20095,65+,1436,Kansas,Kingman County
20097,0-4,148,Kansas,Kiowa County
20097,18-49,880,Kansas,Kiowa County
20097,5-17,407,Kansas,Kiowa County
20097,50-64,446,Kansas,Kiowa County
20097,65+,541,Kansas,Kiowa County
20099,0-4,1324,Kansas,Labette County
20099,18-49,6853,Kansas,Labette County
20099,5-17,3550,Kansas,Labette County
20099,50-64,4220,Kansas,Labette County
20099,65+,4002,Kansas,Labette County
20101,0-4,78,Kansas,Lane County
20101,18-49,438,Kansas,Lane County
20101,5-17,274,Kansas,Lane County
20101,50-64,353,Kansas,Lane County
20101,65+,354,Kansas,Lane County
20103,0-4,5074,Kansas,Leavenworth County
20103,18-49,34327,Kansas,Leavenworth County
20103,5-17,14495,Kansas,Leavenworth County
20103,50-64,15784,Kansas,Leavenworth County
20103,65+,12813,Kansas,Leavenworth County
20105,0-4,134,Kansas,Lincoln County
20105,18-49,946,Kansas,Lincoln County
20105,5-17,487,Kansas,Lincoln County
20105,50-64,629,Kansas,Lincoln County
20105,65+,728,Kansas,Lincoln County
20107,0-4,475,Kansas,Linn County
20107,18-49,3255,Kansas,Linn County
20107,5-17,1668,Kansas,Linn County
20107,50-64,2160,Kansas,Linn County
20107,65+,2165,Kansas,Linn County
20109,0-4,187,Kansas,Logan County
20109,18-49,996,Kansas,Logan County
20109,5-17,453,Kansas,Logan County
20109,50-64,511,Kansas,Logan County
20109,65+,573,Kansas,Logan County
20111,0-4,1891,Kansas,Lyon County
20111,18-49,14606,Kansas,Lyon County
20111,5-17,5280,Kansas,Lyon County
20111,50-64,5293,Kansas,Lyon County
20111,65+,5075,Kansas,Lyon County
20113,0-4,1529,Kansas,McPherson County
20113,18-49,12171,Kansas,McPherson County
20113,5-17,5038,Kansas,McPherson County
20113,50-64,5448,Kansas,McPherson County
20113,65+,5944,Kansas,McPherson County
20115,0-4,580,Kansas,Marion County
20115,18-49,4126,Kansas,Marion County
20115,5-17,1924,Kansas,Marion County
20115,50-64,2400,Kansas,Marion County
20115,65+,2765,Kansas,Marion County
20117,0-4,651,Kansas,Marshall County
20117,18-49,3360,Kansas,Marshall County
20117,5-17,1793,Kansas,Marshall County
20117,50-64,1959,Kansas,Marshall County
20117,65+,2238,Kansas,Marshall County
20119,0-4,279,Kansas,Meade County
20119,18-49,1455,Kansas,Meade County
20119,5-17,772,Kansas,Meade County
20119,50-64,783,Kansas,Meade County
20119,65+,660,Kansas,Meade County
20121,0-4,1853,Kansas,Miami County
20121,18-49,12784,Kansas,Miami County
20121,5-17,6429,Kansas,Miami County
20121,50-64,7503,Kansas,Miami County
20121,65+,6056,Kansas,Miami County
20123,0-4,329,Kansas,Mitchell County
20123,18-49,2005,Kansas,Mitchell County
20123,5-17,1006,Kansas,Mitchell County
20123,50-64,1115,Kansas,Mitchell County
20123,65+,1312,Kansas,Mitchell County
20125,0-4,1802,Kansas,Montgomery County
20125,18-49,11198,Kansas,Montgomery County
20125,5-17,5701,Kansas,Montgomery County
20125,50-64,6235,Kansas,Montgomery County
20125,65+,6207,Kansas,Montgomery County
20127,0-4,276,Kansas,Morris County
20127,18-49,1618,Kansas,Morris County
20127,5-17,832,Kansas,Morris County
20127,50-64,1255,Kansas,Morris County
20127,65+,1407,Kansas,Morris County
20129,0-4,101,Kansas,Morton County
20129,18-49,979,Kansas,Morton County
20129,5-17,549,Kansas,Morton County
20129,50-64,481,Kansas,Morton County
20129,65+,537,Kansas,Morton County
20131,0-4,731,Kansas,Nemaha County
20131,18-49,3457,Kansas,Nemaha County
20131,5-17,2096,Kansas,Nemaha County
20131,50-64,1929,Kansas,Nemaha County
20131,65+,2000,Kansas,Nemaha County
20133,0-4,952,Kansas,Neosho County
20133,18-49,5707,Kansas,Neosho County
20133,5-17,2836,Kansas,Neosho County
20133,50-64,3014,Kansas,Neosho County
20133,65+,3206,Kansas,Neosho County
20135,0-4,96,Kansas,Ness County
20135,18-49,871,Kansas,Ness County
20135,5-17,440,Kansas,Ness County
20135,50-64,597,Kansas,Ness County
20135,65+,655,Kansas,Ness County
20137,0-4,294,Kansas,Norton County
20137,18-49,2141,Kansas,Norton County
20137,5-17,806,Kansas,Norton County
20137,50-64,1056,Kansas,Norton County
20137,65+,1095,Kansas,Norton County
20139,0-4,817,Kansas,Osage County
20139,18-49,5446,Kansas,Osage County
20139,5-17,2864,Kansas,Osage County
20139,50-64,3403,Kansas,Osage County
20139,65+,3250,Kansas,Osage County
20141,0-4,215,Kansas,Osborne County
20141,18-49,1075,Kansas,Osborne County
20141,5-17,535,Kansas,Osborne County
20141,50-64,734,Kansas,Osborne County
20141,65+,914,Kansas,Osborne County
20143,0-4,328,Kansas,Ottawa County
20143,18-49,2053,Kansas,Ottawa County
20143,5-17,1006,Kansas,Ottawa County
20143,50-64,1205,Kansas,Ottawa County
20143,65+,1190,Kansas,Ottawa County
20145,0-4,235,Kansas,Pawnee County
20145,18-49,2597,Kansas,Pawnee County
20145,5-17,660,Kansas,Pawnee County
20145,50-64,1352,Kansas,Pawnee County
20145,65+,1376,Kansas,Pawnee County
20147,0-4,307,Kansas,Phillips County
20147,18-49,1574,Kansas,Phillips County
20147,5-17,814,Kansas,Phillips County
20147,50-64,979,Kansas,Phillips County
20147,65+,1200,Kansas,Phillips County
20149,0-4,1905,Kansas,Pottawatomie County
20149,18-49,9989,Kansas,Pottawatomie County
20149,5-17,5594,Kansas,Pottawatomie County
20149,50-64,4431,Kansas,Pottawatomie County
20149,65+,3889,Kansas,Pottawatomie County
20151,0-4,555,Kansas,Pratt County
20151,18-49,3384,Kansas,Pratt County
20151,5-17,1726,Kansas,Pratt County
20151,50-64,1487,Kansas,Pratt County
20151,65+,1968,Kansas,Pratt County
20153,0-4,167,Kansas,Rawlins County
20153,18-49,785,Kansas,Rawlins County
20153,5-17,404,Kansas,Rawlins County
20153,50-64,477,Kansas,Rawlins County
20153,65+,700,Kansas,Rawlins County
20155,0-4,3289,Kansas,Reno County
20155,18-49,23609,Kansas,Reno County
20155,5-17,10442,Kansas,Reno County
20155,50-64,11818,Kansas,Reno County
20155,65+,12535,Kansas,Reno County
20157,0-4,263,Kansas,Republic County
20157,18-49,1409,Kansas,Republic County
20157,5-17,824,Kansas,Republic County
20157,50-64,936,Kansas,Republic County
20157,65+,1230,Kansas,Republic County
20159,0-4,538,Kansas,Rice County
20159,18-49,3653,Kansas,Rice County
20159,5-17,1663,Kansas,Rice County
20159,50-64,1698,Kansas,Rice County
20159,65+,1837,Kansas,Rice County
20161,0-4,3565,Kansas,Riley County
20161,18-49,45119,Kansas,Riley County
20161,5-17,8077,Kansas,Riley County
20161,50-64,7934,Kansas,Riley County
20161,65+,7015,Kansas,Riley County
20163,0-4,262,Kansas,Rooks County
20163,18-49,1613,Kansas,Rooks County
20163,5-17,763,Kansas,Rooks County
20163,50-64,1091,Kansas,Rooks County
20163,65+,1140,Kansas,Rooks County
20165,0-4,217,Kansas,Rush County
20165,18-49,1047,Kansas,Rush County
20165,5-17,382,Kansas,Rush County
20165,50-64,564,Kansas,Rush County
20165,65+,747,Kansas,Rush County
20167,0-4,359,Kansas,Russell County
20167,18-49,2182,Kansas,Russell County
20167,5-17,1131,Kansas,Russell County
20167,50-64,1312,Kansas,Russell County
20167,65+,1733,Kansas,Russell County
20169,0-4,3192,Kansas,Saline County
20169,18-49,20656,Kansas,Saline County
20169,5-17,9122,Kansas,Saline County
20169,50-64,10879,Kansas,Saline County
20169,65+,9952,Kansas,Saline County
20171,0-4,268,Kansas,Scott County
20171,18-49,1945,Kansas,Scott County
20171,5-17,1064,Kansas,Scott County
20171,50-64,765,Kansas,Scott County
20171,65+,1029,Kansas,Scott County
20173,0-4,33680,Kansas,Sedgwick County
20173,18-49,219019,Kansas,Sedgwick County
20173,5-17,98499,Kansas,Sedgwick County
20173,50-64,92524,Kansas,Sedgwick County
20173,65+,81088,Kansas,Sedgwick County
20175,0-4,1854,Kansas,Seward County
20175,18-49,9367,Kansas,Seward County
20175,5-17,4833,Kansas,Seward County
20175,50-64,3341,Kansas,Seward County
20175,65+,2245,Kansas,Seward County
20177,0-4,10316,Kansas,Shawnee County
20177,18-49,68865,Kansas,Shawnee County
20177,5-17,31225,Kansas,Shawnee County
20177,50-64,34090,Kansas,Shawnee County
20177,65+,33819,Kansas,Shawnee County
20179,0-4,147,Kansas,Sheridan County
20179,18-49,795,Kansas,Sheridan County
20179,5-17,475,Kansas,Sheridan County
20179,50-64,459,Kansas,Sheridan County
20179,65+,566,Kansas,Sheridan County
20181,0-4,429,Kansas,Sherman County
20181,18-49,2185,Kansas,Sherman County
20181,5-17,992,Kansas,Sherman County
20181,50-64,1100,Kansas,Sherman County
20181,65+,1213,Kansas,Sherman County
20183,0-4,180,Kansas,Smith County
20183,18-49,1067,Kansas,Smith County
20183,5-17,543,Kansas,Smith County
20183,50-64,759,Kansas,Smith County
20183,65+,1030,Kansas,Smith County
20185,0-4,228,Kansas,Stafford County
20185,18-49,1319,Kansas,Stafford County
20185,5-17,751,Kansas,Stafford County
20185,50-64,832,Kansas,Stafford County
20185,65+,874,Kansas,Stafford County
20187,0-4,134,Kansas,Stanton County
20187,18-49,808,Kansas,Stanton County
20187,5-17,400,Kansas,Stanton County
20187,50-64,403,Kansas,Stanton County
20187,65+,273,Kansas,Stanton County
20189,0-4,316,Kansas,Stevens County
20189,18-49,2004,Kansas,Stevens County
20189,5-17,1191,Kansas,Stevens County
20189,50-64,810,Kansas,Stevens County
20189,65+,891,Kansas,Stevens County
20191,0-4,1250,Kansas,Sumner County
20191,18-49,8099,Kansas,Sumner County
20191,5-17,4166,Kansas,Sumner County
20191,50-64,4593,Kansas,Sumner County
20191,65+,4278,Kansas,Sumner County
20193,0-4,543,Kansas,Thomas County
20193,18-49,3309,Kansas,Thomas County
20193,5-17,1372,Kansas,Thomas County
20193,50-64,1274,Kansas,Thomas County
20193,65+,1415,Kansas,Thomas County
20195,0-4,176,Kansas,Trego County
20195,18-49,896,Kansas,Trego County
20195,5-17,367,Kansas,Trego County
20195,50-64,604,Kansas,Trego County
20195,65+,735,Kansas,Trego County
20197,0-4,370,Kansas,Wabaunsee County
20197,18-49,2395,Kansas,Wabaunsee County
20197,5-17,1226,Kansas,Wabaunsee County
20197,50-64,1508,Kansas,Wabaunsee County
20197,65+,1462,Kansas,Wabaunsee County
20199,0-4,107,Kansas,Wallace County
20199,18-49,441,Kansas,Wallace County
20199,5-17,230,Kansas,Wallace County
20199,50-64,306,Kansas,Wallace County
20199,65+,375,Kansas,Wallace County
20201,0-4,372,Kansas,Washington County
20201,18-49,1788,Kansas,Washington County
20201,5-17,952,Kansas,Washington County
20201,50-64,1112,Kansas,Washington County
20201,65+,1295,Kansas,Washington County
20203,0-4,197,Kansas,Wichita County
20203,18-49,745,Kansas,Wichita County
20203,5-17,352,Kansas,Wichita County
20203,50-64,338,Kansas,Wichita County
20203,65+,483,Kansas,Wichita County
20205,0-4,508,Kansas,Wilson County
20205,18-49,2878,Kansas,Wilson County
20205,5-17,1532,Kansas,Wilson County
20205,50-64,1712,Kansas,Wilson County
20205,65+,1929,Kansas,Wilson County
20207,0-4,138,Kansas,Woodson County
20207,18-49,970,Kansas,Woodson County
20207,5-17,454,Kansas,Woodson County
20207,50-64,727,Kansas,Woodson County
20207,65+,829,Kansas,Woodson County
20209,0-4,12354,Kansas,Wyandotte County
20209,18-49,70921,Kansas,Wyandotte County
20209,5-17,33834,Kansas,Wyandotte County
20209,50-64,28351,Kansas,Wyandotte County
20209,65+,21817,Kansas,Wyandotte County
21001,0-4,894,Kentucky,Adair County
21001,18-49,7668,Kentucky,Adair County
21001,5-17,2887,Kentucky,Adair County
21001,50-64,3832,Kentucky,Adair County
21001,65+,3735,Kentucky,Adair County
21003,0-4,1231,Kentucky,Allen County
21003,18-49,7930,Kentucky,Allen County
21003,5-17,3614,Kentucky,Allen County
21003,50-64,4555,Kentucky,Allen County
21003,65+,3699,Kentucky,Allen County
21005,0-4,1407,Kentucky,Anderson County
21005,18-49,9175,Kentucky,Anderson County
21005,5-17,4204,Kentucky,Anderson County
21005,50-64,5385,Kentucky,Anderson County
21005,65+,3927,Kentucky,Anderson County
21007,0-4,334,Kentucky,Ballard County
21007,18-49,2816,Kentucky,Ballard County
21007,5-17,1205,Kentucky,Ballard County
21007,50-64,1637,Kentucky,Ballard County
21007,65+,1686,Kentucky,Ballard County
21009,0-4,2652,Kentucky,Barren County
21009,18-49,17127,Kentucky,Barren County
21009,5-17,7958,Kentucky,Barren County
21009,50-64,8931,Kentucky,Barren County
21009,65+,8002,Kentucky,Barren County
21011,0-4,861,Kentucky,Bath County
21011,18-49,4702,Kentucky,Bath County
21011,5-17,2407,Kentucky,Bath County
21011,50-64,2700,Kentucky,Bath County
21011,65+,2142,Kentucky,Bath County
21013,0-4,1432,Kentucky,Bell County
21013,18-49,9102,Kentucky,Bell County
21013,5-17,3775,Kentucky,Bell County
21013,50-64,5075,Kentucky,Bell County
21013,65+,4494,Kentucky,Bell County
21015,0-4,8811,Kentucky,Boone County
21015,18-49,56417,Kentucky,Boone County
21015,5-17,26726,Kentucky,Boone County
21015,50-64,25755,Kentucky,Boone County
21015,65+,19967,Kentucky,Boone County
21017,0-4,1254,Kentucky,Bourbon County
21017,18-49,7405,Kentucky,Bourbon County
21017,5-17,3351,Kentucky,Bourbon County
21017,50-64,4227,Kentucky,Bourbon County
21017,65+,3937,Kentucky,Bourbon County
21019,0-4,2531,Kentucky,Boyd County
21019,18-49,18199,Kentucky,Boyd County
21019,5-17,7694,Kentucky,Boyd County
21019,50-64,9904,Kentucky,Boyd County
21019,65+,9715,Kentucky,Boyd County
21021,0-4,1555,Kentucky,Boyle County
21021,18-49,12738,Kentucky,Boyle County
21021,5-17,4800,Kentucky,Boyle County
21021,50-64,5884,Kentucky,Boyle County
21021,65+,5731,Kentucky,Boyle County
21023,0-4,492,Kentucky,Bracken County
21023,18-49,3098,Kentucky,Bracken County
21023,5-17,1497,Kentucky,Bracken County
21023,50-64,1854,Kentucky,Bracken County
21023,65+,1486,Kentucky,Bracken County
21025,0-4,770,Kentucky,Breathitt County
21025,18-49,5197,Kentucky,Breathitt County
21025,5-17,2036,Kentucky,Breathitt County
21025,50-64,2971,Kentucky,Breathitt County
21025,65+,2464,Kentucky,Breathitt County
21027,0-4,1201,Kentucky,Breckinridge County
21027,18-49,7464,Kentucky,Breckinridge County
21027,5-17,3457,Kentucky,Breckinridge County
21027,50-64,4468,Kentucky,Breckinridge County
21027,65+,4132,Kentucky,Breckinridge County
21029,0-4,4277,Kentucky,Bullitt County
21029,18-49,33387,Kentucky,Bullitt County
21029,5-17,13557,Kentucky,Bullitt County
21029,50-64,17946,Kentucky,Bullitt County
21029,65+,14042,Kentucky,Bullitt County
21031,0-4,744,Kentucky,Butler County
21031,18-49,4654,Kentucky,Butler County
21031,5-17,2131,Kentucky,Butler County
21031,50-64,2499,Kentucky,Butler County
21031,65+,2345,Kentucky,Butler County
21033,0-4,715,Kentucky,Caldwell County
21033,18-49,4514,Kentucky,Caldwell County
21033,5-17,2188,Kentucky,Caldwell County
21033,50-64,2547,Kentucky,Caldwell County
21033,65+,2667,Kentucky,Caldwell County
21035,0-4,1660,Kentucky,Calloway County
21035,18-49,18025,Kentucky,Calloway County
21035,5-17,5245,Kentucky,Calloway County
21035,50-64,6595,Kentucky,Calloway County
21035,65+,6357,Kentucky,Calloway County
21037,0-4,5194,Kentucky,Campbell County
21037,18-49,39026,Kentucky,Campbell County
21037,5-17,14162,Kentucky,Campbell County
21037,50-64,18893,Kentucky,Campbell County
21037,65+,15918,Kentucky,Campbell County
21039,0-4,284,Kentucky,Carlisle County
21039,18-49,1761,Kentucky,Carlisle County
21039,5-17,838,Kentucky,Carlisle County
21039,50-64,933,Kentucky,Carlisle County
21039,65+,947,Kentucky,Carlisle County
21041,0-4,697,Kentucky,Carroll County
21041,18-49,4145,Kentucky,Carroll County
21041,5-17,2190,Kentucky,Carroll County
21041,50-64,2080,Kentucky,Carroll County
21041,65+,1766,Kentucky,Carroll County
21043,0-4,1542,Kentucky,Carter County
21043,18-49,9894,Kentucky,Carter County
21043,5-17,4393,Kentucky,Carter County
21043,50-64,5401,Kentucky,Carter County
21043,65+,5285,Kentucky,Carter County
21045,0-4,1049,Kentucky,Casey County
21045,18-49,5834,Kentucky,Casey County
21045,5-17,2694,Kentucky,Casey County
21045,50-64,3148,Kentucky,Casey County
21045,65+,3226,Kentucky,Casey County
21047,0-4,6876,Kentucky,Christian County
21047,18-49,33796,Kentucky,Christian County
21047,5-17,13469,Kentucky,Christian County
21047,50-64,9334,Kentucky,Christian County
21047,65+,9124,Kentucky,Christian County
21049,0-4,2045,Kentucky,Clark County
21049,18-49,14530,Kentucky,Clark County
21049,5-17,6302,Kentucky,Clark County
21049,50-64,7405,Kentucky,Clark County
21049,65+,6722,Kentucky,Clark County
21051,0-4,1141,Kentucky,Clay County
21051,18-49,8549,Kentucky,Clay County
21051,5-17,3039,Kentucky,Clay County
21051,50-64,4221,Kentucky,Clay County
21051,65+,3155,Kentucky,Clay County
21053,0-4,524,Kentucky,Clinton County
21053,18-49,3435,Kentucky,Clinton County
21053,5-17,1456,Kentucky,Clinton County
21053,50-64,1962,Kentucky,Clinton County
21053,65+,1863,Kentucky,Clinton County
21055,0-4,466,Kentucky,Crittenden County
21055,18-49,3262,Kentucky,Crittenden County
21055,5-17,1548,Kentucky,Crittenden County
21055,50-64,1828,Kentucky,Crittenden County
21055,65+,1868,Kentucky,Crittenden County
21057,0-4,369,Kentucky,Cumberland County
21057,18-49,1984,Kentucky,Cumberland County
21057,5-17,938,Kentucky,Cumberland County
21057,50-64,1335,Kentucky,Cumberland County
21057,65+,1322,Kentucky,Cumberland County
21059,0-4,6630,Kentucky,Daviess County
21059,18-49,40065,Kentucky,Daviess County
21059,5-17,18730,Kentucky,Daviess County
21059,50-64,19855,Kentucky,Daviess County
21059,65+,17915,Kentucky,Daviess County
21061,0-4,526,Kentucky,Edmonson County
21061,18-49,4553,Kentucky,Edmonson County
21061,5-17,1787,Kentucky,Edmonson County
21061,50-64,2750,Kentucky,Edmonson County
21061,65+,2627,Kentucky,Edmonson County
21063,0-4,278,Kentucky,Elliott County
21063,18-49,3080,Kentucky,Elliott County
21063,5-17,942,Kentucky,Elliott County
21063,50-64,1454,Kentucky,Elliott County
21063,65+,1582,Kentucky,Elliott County
21065,0-4,702,Kentucky,Estill County
21065,18-49,5128,Kentucky,Estill County
21065,5-17,2300,Kentucky,Estill County
21065,50-64,3215,Kentucky,Estill County
21065,65+,2734,Kentucky,Estill County
21067,0-4,18457,Kentucky,Fayette County
21067,18-49,152952,Kentucky,Fayette County
21067,5-17,49285,Kentucky,Fayette County
21067,50-64,54234,Kentucky,Fayette County
21067,65+,46194,Kentucky,Fayette County
21069,0-4,1040,Kentucky,Fleming County
21069,18-49,5632,Kentucky,Fleming County
21069,5-17,2628,Kentucky,Fleming County
21069,50-64,3105,Kentucky,Fleming County
21069,65+,2816,Kentucky,Fleming County
21071,0-4,2006,Kentucky,Floyd County
21071,18-49,13227,Kentucky,Floyd County
21071,5-17,5800,Kentucky,Floyd County
21071,50-64,7435,Kentucky,Floyd County
21071,65+,6874,Kentucky,Floyd County
21073,0-4,2818,Kentucky,Franklin County
21073,18-49,20941,Kentucky,Franklin County
21073,5-17,8021,Kentucky,Franklin County
21073,50-64,10298,Kentucky,Franklin County
21073,65+,9485,Kentucky,Franklin County
21075,0-4,310,Kentucky,Fulton County
21075,18-49,2442,Kentucky,Fulton County
21075,5-17,1091,Kentucky,Fulton County
21075,50-64,1250,Kentucky,Fulton County
21075,65+,1347,Kentucky,Fulton County
21077,0-4,485,Kentucky,Gallatin County
21077,18-49,3422,Kentucky,Gallatin County
21077,5-17,1474,Kentucky,Gallatin County
21077,50-64,2012,Kentucky,Gallatin County
21077,65+,1356,Kentucky,Gallatin County
21079,0-4,928,Kentucky,Garrard County
21079,18-49,6481,Kentucky,Garrard County
21079,5-17,2874,Kentucky,Garrard County
21079,50-64,3875,Kentucky,Garrard County
21079,65+,3188,Kentucky,Garrard County
21081,0-4,1738,Kentucky,Grant County
21081,18-49,10094,Kentucky,Grant County
21081,5-17,5006,Kentucky,Grant County
21081,50-64,4860,Kentucky,Grant County
21081,65+,3540,Kentucky,Grant County
21083,0-4,2426,Kentucky,Graves County
21083,18-49,13586,Kentucky,Graves County
21083,5-17,6458,Kentucky,Graves County
21083,50-64,7433,Kentucky,Graves County
21083,65+,6709,Kentucky,Graves County
21085,0-4,1710,Kentucky,Grayson County
21085,18-49,10146,Kentucky,Grayson County
21085,5-17,4582,Kentucky,Grayson County
21085,50-64,5378,Kentucky,Grayson County
21085,65+,4770,Kentucky,Grayson County
21087,0-4,610,Kentucky,Green County
21087,18-49,3909,Kentucky,Green County
21087,5-17,1752,Kentucky,Green County
21087,50-64,2497,Kentucky,Green County
21087,65+,2510,Kentucky,Green County
21089,0-4,1732,Kentucky,Greenup County
21089,18-49,12907,Kentucky,Greenup County
21089,5-17,5914,Kentucky,Greenup County
21089,50-64,7380,Kentucky,Greenup County
21089,65+,7706,Kentucky,Greenup County
21091,0-4,524,Kentucky,Hancock County
21091,18-49,3318,Kentucky,Hancock County
21091,5-17,1670,Kentucky,Hancock County
21091,50-64,1894,Kentucky,Hancock County
21091,65+,1626,Kentucky,Hancock County
21093,0-4,7135,Kentucky,Hardin County
21093,18-49,46222,Kentucky,Hardin County
21093,5-17,20508,Kentucky,Hardin County
21093,50-64,21131,Kentucky,Hardin County
21093,65+,16456,Kentucky,Hardin County
21095,0-4,1569,Kentucky,Harlan County
21095,18-49,9639,Kentucky,Harlan County
21095,5-17,4612,Kentucky,Harlan County
21095,50-64,5344,Kentucky,Harlan County
21095,65+,5021,Kentucky,Harlan County
21097,0-4,1270,Kentucky,Harrison County
21097,18-49,6894,Kentucky,Harrison County
21097,5-17,3128,Kentucky,Harrison County
21097,50-64,4137,Kentucky,Harrison County
21097,65+,3542,Kentucky,Harrison County
21099,0-4,1275,Kentucky,Hart County
21099,18-49,7142,Kentucky,Hart County
21099,5-17,3480,Kentucky,Hart County
21099,50-64,4244,Kentucky,Hart County
21099,65+,3329,Kentucky,Hart County
21101,0-4,2489,Kentucky,Henderson County
21101,18-49,16926,Kentucky,Henderson County
21101,5-17,7638,Kentucky,Henderson County
21101,50-64,9081,Kentucky,Henderson County
21101,65+,8359,Kentucky,Henderson County
21103,0-4,894,Kentucky,Henry County
21103,18-49,5850,Kentucky,Henry County
21103,5-17,2818,Kentucky,Henry County
21103,50-64,3367,Kentucky,Henry County
21103,65+,2845,Kentucky,Henry County
21105,0-4,186,Kentucky,Hickman County
21105,18-49,1509,Kentucky,Hickman County
21105,5-17,703,Kentucky,Hickman County
21105,50-64,920,Kentucky,Hickman County
21105,65+,1152,Kentucky,Hickman County
21107,0-4,2666,Kentucky,Hopkins County
21107,18-49,17098,Kentucky,Hopkins County
21107,5-17,7761,Kentucky,Hopkins County
21107,50-64,9093,Kentucky,Hopkins County
21107,65+,8525,Kentucky,Hopkins County
21109,0-4,785,Kentucky,Jackson County
21109,18-49,4912,Kentucky,Jackson County
21109,5-17,2253,Kentucky,Jackson County
21109,50-64,2722,Kentucky,Jackson County
21109,65+,2331,Kentucky,Jackson County
21111,0-4,47554,Kentucky,Jefferson County
21111,18-49,325494,Kentucky,Jefferson County
21111,5-17,125540,Kentucky,Jefferson County
21111,50-64,147567,Kentucky,Jefferson County
21111,65+,131237,Kentucky,Jefferson County
21113,0-4,3287,Kentucky,Jessamine County
21113,18-49,21951,Kentucky,Jessamine County
21113,5-17,9538,Kentucky,Jessamine County
21113,50-64,10453,Kentucky,Jessamine County
21113,65+,8563,Kentucky,Jessamine County
21115,0-4,1191,Kentucky,Johnson County
21115,18-49,8465,Kentucky,Johnson County
21115,5-17,3810,Kentucky,Johnson County
21115,50-64,4787,Kentucky,Johnson County
21115,65+,4211,Kentucky,Johnson County
21117,0-4,10805,Kentucky,Kenton County
21117,18-49,71383,Kentucky,Kenton County
21117,5-17,29184,Kentucky,Kenton County
21117,50-64,32365,Kentucky,Kenton County
21117,65+,26080,Kentucky,Kenton County
21119,0-4,667,Kentucky,Knott County
21119,18-49,5271,Kentucky,Knott County
21119,5-17,2173,Kentucky,Knott County
21119,50-64,3114,Kentucky,Knott County
21119,65+,2821,Kentucky,Knott County
21121,0-4,1854,Kentucky,Knox County
21121,18-49,11798,Kentucky,Knox County
21121,5-17,5230,Kentucky,Knox County
21121,50-64,5954,Kentucky,Knox County
21121,65+,5198,Kentucky,Knox County
21123,0-4,801,Kentucky,Larue County
21123,18-49,5729,Kentucky,Larue County
21123,5-17,2603,Kentucky,Larue County
21123,50-64,3240,Kentucky,Larue County
21123,65+,2655,Kentucky,Larue County
21125,0-4,3701,Kentucky,Laurel County
21125,18-49,25334,Kentucky,Laurel County
21125,5-17,10638,Kentucky,Laurel County
21125,50-64,12547,Kentucky,Laurel County
21125,65+,10511,Kentucky,Laurel County
21127,0-4,1014,Kentucky,Lawrence County
21127,18-49,5809,Kentucky,Lawrence County
21127,5-17,2826,Kentucky,Lawrence County
21127,50-64,3327,Kentucky,Lawrence County
21127,65+,3195,Kentucky,Lawrence County
21129,0-4,363,Kentucky,Lee County
21129,18-49,2963,Kentucky,Lee County
21129,5-17,1018,Kentucky,Lee County
21129,50-64,1624,Kentucky,Lee County
21129,65+,1407,Kentucky,Lee County
21131,0-4,520,Kentucky,Leslie County
21131,18-49,3859,Kentucky,Leslie County
21131,5-17,1674,Kentucky,Leslie County
21131,50-64,2273,Kentucky,Leslie County
21131,65+,1935,Kentucky,Leslie County
21133,0-4,1092,Kentucky,Letcher County
21133,18-49,7635,Kentucky,Letcher County
21133,5-17,3486,Kentucky,Letcher County
21133,50-64,4587,Kentucky,Letcher County
21133,65+,4346,Kentucky,Letcher County
21135,0-4,772,Kentucky,Lewis County
21135,18-49,4700,Kentucky,Lewis County
21135,5-17,2258,Kentucky,Lewis County
21135,50-64,2806,Kentucky,Lewis County
21135,65+,2492,Kentucky,Lewis County
21137,0-4,1573,Kentucky,Lincoln County
21137,18-49,9060,Kentucky,Lincoln County
21137,5-17,4192,Kentucky,Lincoln County
21137,50-64,4987,Kentucky,Lincoln County
21137,65+,4603,Kentucky,Lincoln County
21139,0-4,466,Kentucky,Livingston County
21139,18-49,2992,Kentucky,Livingston County
21139,5-17,1451,Kentucky,Livingston County
21139,50-64,2070,Kentucky,Livingston County
21139,65+,1962,Kentucky,Livingston County
21141,0-4,1801,Kentucky,Logan County
21141,18-49,10340,Kentucky,Logan County
21141,5-17,4864,Kentucky,Logan County
21141,50-64,5514,Kentucky,Logan County
21141,65+,5212,Kentucky,Logan County
21143,0-4,286,Kentucky,Lyon County
21143,18-49,3394,Kentucky,Lyon County
21143,5-17,935,Kentucky,Lyon County
21143,50-64,1978,Kentucky,Lyon County
21143,65+,2238,Kentucky,Lyon County
21145,0-4,3893,Kentucky,McCracken County
21145,18-49,26003,Kentucky,McCracken County
21145,5-17,10954,Kentucky,McCracken County
21145,50-64,13120,Kentucky,McCracken County
21145,65+,13614,Kentucky,McCracken County
21147,0-4,940,Kentucky,McCreary County
21147,18-49,7229,Kentucky,McCreary County
21147,5-17,2752,Kentucky,McCreary County
21147,50-64,3267,Kentucky,McCreary County
21147,65+,2717,Kentucky,McCreary County
21149,0-4,489,Kentucky,McLean County
21149,18-49,3306,Kentucky,McLean County
21149,5-17,1622,Kentucky,McLean County
21149,50-64,1905,Kentucky,McLean County
21149,65+,1805,Kentucky,McLean County
21151,0-4,5273,Kentucky,Madison County
21151,18-49,44383,Kentucky,Madison County
21151,5-17,14633,Kentucky,Madison County
21151,50-64,16056,Kentucky,Madison County
21151,65+,13719,Kentucky,Madison County
21153,0-4,696,Kentucky,Magoffin County
21153,18-49,4241,Kentucky,Magoffin County
21153,5-17,1901,Kentucky,Magoffin County
21153,50-64,2527,Kentucky,Magoffin County
21153,65+,2130,Kentucky,Magoffin County
21155,0-4,1244,Kentucky,Marion County
21155,18-49,7594,Kentucky,Marion County
21155,5-17,3485,Kentucky,Marion County
21155,50-64,4024,Kentucky,Marion County
21155,65+,3333,Kentucky,Marion County
21157,0-4,1556,Kentucky,Marshall County
21157,18-49,11299,Kentucky,Marshall County
21157,5-17,4916,Kentucky,Marshall County
21157,50-64,6951,Kentucky,Marshall County
21157,65+,7006,Kentucky,Marshall County
21159,0-4,540,Kentucky,Martin County
21159,18-49,4895,Kentucky,Martin County
21159,5-17,1630,Kentucky,Martin County
21159,50-64,2166,Kentucky,Martin County
21159,65+,1950,Kentucky,Martin County
21161,0-4,994,Kentucky,Mason County
21161,18-49,6283,Kentucky,Mason County
21161,5-17,2881,Kentucky,Mason County
21161,50-64,3554,Kentucky,Mason County
21161,65+,3283,Kentucky,Mason County
21163,0-4,1543,Kentucky,Meade County
21163,18-49,12611,Kentucky,Meade County
21163,5-17,5120,Kentucky,Meade County
21163,50-64,6212,Kentucky,Meade County
21163,65+,4546,Kentucky,Meade County
21165,0-4,368,Kentucky,Menifee County
21165,18-49,2084,Kentucky,Menifee County
21165,5-17,936,Kentucky,Menifee County
21165,50-64,1452,Kentucky,Menifee County
21165,65+,1363,Kentucky,Menifee County
21167,0-4,1420,Kentucky,Mercer County
21167,18-49,8408,Kentucky,Mercer County
21167,5-17,3647,Kentucky,Mercer County
21167,50-64,4963,Kentucky,Mercer County
21167,65+,4386,Kentucky,Mercer County
21169,0-4,593,Kentucky,Metcalfe County
21169,18-49,3714,Kentucky,Metcalfe County
21169,5-17,1865,Kentucky,Metcalfe County
21169,50-64,2244,Kentucky,Metcalfe County
21169,65+,1956,Kentucky,Metcalfe County
21171,0-4,675,Kentucky,Monroe County
21171,18-49,4172,Kentucky,Monroe County
21171,5-17,1989,Kentucky,Monroe County
21171,50-64,2394,Kentucky,Monroe County
21171,65+,2088,Kentucky,Monroe County
21173,0-4,1536,Kentucky,Montgomery County
21173,18-49,11200,Kentucky,Montgomery County
21173,5-17,5072,Kentucky,Montgomery County
21173,50-64,5669,Kentucky,Montgomery County
21173,65+,4794,Kentucky,Montgomery County
21175,0-4,800,Kentucky,Morgan County
21175,18-49,5925,Kentucky,Morgan County
21175,5-17,1966,Kentucky,Morgan County
21175,50-64,2822,Kentucky,Morgan County
21175,65+,2425,Kentucky,Morgan County
21177,0-4,1712,Kentucky,Muhlenberg County
21177,18-49,11666,Kentucky,Muhlenberg County
21177,5-17,4774,Kentucky,Muhlenberg County
21177,50-64,6418,Kentucky,Muhlenberg County
21177,65+,6142,Kentucky,Muhlenberg County
21179,0-4,2819,Kentucky,Nelson County
21179,18-49,18366,Kentucky,Nelson County
21179,5-17,8211,Kentucky,Nelson County
21179,50-64,9788,Kentucky,Nelson County
21179,65+,7918,Kentucky,Nelson County
21181,0-4,438,Kentucky,Nicholas County
21181,18-49,2897,Kentucky,Nicholas County
21181,5-17,1416,Kentucky,Nicholas County
21181,50-64,1626,Kentucky,Nicholas County
21181,65+,1278,Kentucky,Nicholas County
21183,0-4,1343,Kentucky,Ohio County
21183,18-49,9031,Kentucky,Ohio County
21183,5-17,4352,Kentucky,Ohio County
21183,50-64,4683,Kentucky,Ohio County
21183,65+,4295,Kentucky,Ohio County
21185,0-4,3399,Kentucky,Oldham County
21185,18-49,27696,Kentucky,Oldham County
21185,5-17,13839,Kentucky,Oldham County
21185,50-64,14023,Kentucky,Oldham County
21185,65+,9643,Kentucky,Oldham County
21187,0-4,600,Kentucky,Owen County
21187,18-49,4172,Kentucky,Owen County
21187,5-17,1890,Kentucky,Owen County
21187,50-64,2375,Kentucky,Owen County
21187,65+,2233,Kentucky,Owen County
21189,0-4,294,Kentucky,Owsley County
21189,18-49,1433,Kentucky,Owsley County
21189,5-17,463,Kentucky,Owsley County
21189,50-64,983,Kentucky,Owsley County
21189,65+,848,Kentucky,Owsley County
21191,0-4,841,Kentucky,Pendleton County
21191,18-49,5445,Kentucky,Pendleton County
21191,5-17,2556,Kentucky,Pendleton County
21191,50-64,3345,Kentucky,Pendleton County
21191,65+,2496,Kentucky,Pendleton County
21193,0-4,1665,Kentucky,Perry County
21193,18-49,10447,Kentucky,Perry County
21193,5-17,4840,Kentucky,Perry County
21193,50-64,5976,Kentucky,Perry County
21193,65+,4919,Kentucky,Perry County
21195,0-4,2950,Kentucky,Pike County
21195,18-49,22099,Kentucky,Pike County
21195,5-17,8843,Kentucky,Pike County
21195,50-64,12287,Kentucky,Pike County
21195,65+,11287,Kentucky,Pike County
21197,0-4,791,Kentucky,Powell County
21197,18-49,5144,Kentucky,Powell County
21197,5-17,2419,Kentucky,Powell County
21197,50-64,2655,Kentucky,Powell County
21197,65+,2048,Kentucky,Powell County
21199,0-4,3701,Kentucky,Pulaski County
21199,18-49,24614,Kentucky,Pulaski County
21199,5-17,10765,Kentucky,Pulaski County
21199,50-64,13771,Kentucky,Pulaski County
21199,65+,12652,Kentucky,Pulaski County
21201,0-4,76,Kentucky,Robertson County
21201,18-49,794,Kentucky,Robertson County
21201,5-17,550,Kentucky,Robertson County
21201,50-64,399,Kentucky,Robertson County
21201,65+,420,Kentucky,Robertson County
21203,0-4,866,Kentucky,Rockcastle County
21203,18-49,5958,Kentucky,Rockcastle County
21203,5-17,2596,Kentucky,Rockcastle County
21203,50-64,3618,Kentucky,Rockcastle County
21203,65+,3106,Kentucky,Rockcastle County
21205,0-4,1320,Kentucky,Rowan County
21205,18-49,12129,Kentucky,Rowan County
21205,5-17,3482,Kentucky,Rowan County
21205,50-64,4102,Kentucky,Rowan County
21205,65+,3492,Kentucky,Rowan County
21207,0-4,1031,Kentucky,Russell County
21207,18-49,6375,Kentucky,Russell County
21207,5-17,3147,Kentucky,Russell County
21207,50-64,3835,Kentucky,Russell County
21207,65+,3729,Kentucky,Russell County
21209,0-4,3617,Kentucky,Scott County
21209,18-49,25806,Kentucky,Scott County
21209,5-17,10791,Kentucky,Scott County
21209,50-64,10499,Kentucky,Scott County
21209,65+,7556,Kentucky,Scott County
21211,0-4,2840,Kentucky,Shelby County
21211,18-49,19395,Kentucky,Shelby County
21211,5-17,8042,Kentucky,Shelby County
21211,50-64,10139,Kentucky,Shelby County
21211,65+,8183,Kentucky,Shelby County
21213,0-4,1141,Kentucky,Simpson County
21213,18-49,7762,Kentucky,Simpson County
21213,5-17,3511,Kentucky,Simpson County
21213,50-64,4205,Kentucky,Simpson County
21213,65+,3167,Kentucky,Simpson County
21215,0-4,1050,Kentucky,Spencer County
21215,18-49,7640,Kentucky,Spencer County
21215,5-17,3449,Kentucky,Spencer County
21215,50-64,4755,Kentucky,Spencer County
21215,65+,2981,Kentucky,Spencer County
21217,0-4,1551,Kentucky,Taylor County
21217,18-49,10601,Kentucky,Taylor County
21217,5-17,4438,Kentucky,Taylor County
21217,50-64,4955,Kentucky,Taylor County
21217,65+,4660,Kentucky,Taylor County
21219,0-4,887,Kentucky,Todd County
21219,18-49,4653,Kentucky,Todd County
21219,5-17,2439,Kentucky,Todd County
21219,50-64,2268,Kentucky,Todd County
21219,65+,2083,Kentucky,Todd County
21221,0-4,802,Kentucky,Trigg County
21221,18-49,4708,Kentucky,Trigg County
21221,5-17,2292,Kentucky,Trigg County
21221,50-64,3205,Kentucky,Trigg County
21221,65+,3204,Kentucky,Trigg County
21223,0-4,436,Kentucky,Trimble County
21223,18-49,3209,Kentucky,Trimble County
21223,5-17,1446,Kentucky,Trimble County
21223,50-64,1878,Kentucky,Trimble County
21223,65+,1562,Kentucky,Trimble County
21225,0-4,721,Kentucky,Union County
21225,18-49,5328,Kentucky,Union County
21225,5-17,1874,Kentucky,Union County
21225,50-64,2833,Kentucky,Union County
21225,65+,2623,Kentucky,Union County
21227,0-4,8875,Kentucky,Warren County
21227,18-49,64545,Kentucky,Warren County
21227,5-17,23400,Kentucky,Warren County
21227,50-64,22544,Kentucky,Warren County
21227,65+,18185,Kentucky,Warren County
21229,0-4,721,Kentucky,Washington County
21229,18-49,4433,Kentucky,Washington County
21229,5-17,2083,Kentucky,Washington County
21229,50-64,2516,Kentucky,Washington County
21229,65+,2338,Kentucky,Washington County
21231,0-4,1090,Kentucky,Wayne County
21231,18-49,7441,Kentucky,Wayne County
21231,5-17,2955,Kentucky,Wayne County
21231,50-64,3962,Kentucky,Wayne County
21231,65+,4144,Kentucky,Wayne County
21233,0-4,797,Kentucky,Webster County
21233,18-49,4944,Kentucky,Webster County
21233,5-17,2271,Kentucky,Webster County
21233,50-64,2566,Kentucky,Webster County
21233,65+,2295,Kentucky,Webster County
21235,0-4,2581,Kentucky,Whitley County
21235,18-49,14865,Kentucky,Whitley County
21235,5-17,6997,Kentucky,Whitley County
21235,50-64,6533,Kentucky,Whitley County
21235,65+,5779,Kentucky,Whitley County
21237,0-4,397,Kentucky,Wolfe County
21237,18-49,2345,Kentucky,Wolfe County
21237,5-17,1075,Kentucky,Wolfe County
21237,50-64,1405,Kentucky,Wolfe County
21237,65+,1262,Kentucky,Wolfe County
21239,0-4,1507,Kentucky,Woodford County
21239,18-49,10207,Kentucky,Woodford County
21239,5-17,4412,Kentucky,Woodford County
21239,50-64,5468,Kentucky,Woodford County
21239,65+,5423,Kentucky,Woodford County
22001,0-4,3810,Louisiana,Acadia Parish
22001,18-49,22154,Louisiana,Acadia Parish
22001,5-17,11053,Louisiana,Acadia Parish
22001,50-64,10974,Louisiana,Acadia Parish
22001,65+,9227,Louisiana,Acadia Parish
22003,0-4,1327,Louisiana,Allen Parish
22003,18-49,10308,Louisiana,Allen Parish
22003,5-17,3441,Louisiana,Allen Parish
22003,50-64,4226,Louisiana,Allen Parish
22003,65+,3250,Louisiana,Allen Parish
22005,0-4,8599,Louisiana,Ascension Parish
22005,18-49,54735,Louisiana,Ascension Parish
22005,5-17,25630,Louisiana,Ascension Parish
22005,50-64,23263,Louisiana,Ascension Parish
22005,65+,16366,Louisiana,Ascension Parish
22007,0-4,1032,Louisiana,Assumption Parish
22007,18-49,7828,Louisiana,Assumption Parish
22007,5-17,3276,Louisiana,Assumption Parish
22007,50-64,4412,Louisiana,Assumption Parish
22007,65+,4172,Louisiana,Assumption Parish
22009,0-4,2549,Louisiana,Avoyelles Parish
22009,18-49,15550,Louisiana,Avoyelles Parish
22009,5-17,6828,Louisiana,Avoyelles Parish
22009,50-64,7478,Louisiana,Avoyelles Parish
22009,65+,6771,Louisiana,Avoyelles Parish
22011,0-4,2504,Louisiana,Beauregard Parish
22011,18-49,14785,Louisiana,Beauregard Parish
22011,5-17,6771,Louisiana,Beauregard Parish
22011,50-64,6719,Louisiana,Beauregard Parish
22011,65+,5867,Louisiana,Beauregard Parish
22013,0-4,771,Louisiana,Bienville Parish
22013,18-49,4507,Louisiana,Bienville Parish
22013,5-17,2128,Louisiana,Bienville Parish
22013,50-64,2679,Louisiana,Bienville Parish
22013,65+,2684,Louisiana,Bienville Parish
22015,0-4,8317,Louisiana,Bossier Parish
22015,18-49,55174,Louisiana,Bossier Parish
22015,5-17,23805,Louisiana,Bossier Parish
22015,50-64,22483,Louisiana,Bossier Parish
22015,65+,19355,Louisiana,Bossier Parish
22017,0-4,14440,Louisiana,Caddo Parish
22017,18-49,91753,Louisiana,Caddo Parish
22017,5-17,40676,Louisiana,Caddo Parish
22017,50-64,43191,Louisiana,Caddo Parish
22017,65+,42913,Louisiana,Caddo Parish
22019,0-4,14317,Louisiana,Calcasieu Parish
22019,18-49,85254,Louisiana,Calcasieu Parish
22019,5-17,38058,Louisiana,Calcasieu Parish
22019,50-64,38467,Louisiana,Calcasieu Parish
22019,65+,32572,Louisiana,Calcasieu Parish
22021,0-4,484,Louisiana,Caldwell Parish
22021,18-49,3899,Louisiana,Caldwell Parish
22021,5-17,1631,Louisiana,Caldwell Parish
22021,50-64,1822,Louisiana,Caldwell Parish
22021,65+,1727,Louisiana,Caldwell Parish
22023,0-4,355,Louisiana,Cameron Parish
22023,18-49,1912,Louisiana,Cameron Parish
22023,5-17,900,Louisiana,Cameron Parish
22023,50-64,1131,Louisiana,Cameron Parish
22023,65+,924,Louisiana,Cameron Parish
22025,0-4,497,Louisiana,Catahoula Parish
22025,18-49,3453,Louisiana,Catahoula Parish
22025,5-17,1462,Louisiana,Catahoula Parish
22025,50-64,1737,Louisiana,Catahoula Parish
22025,65+,1589,Louisiana,Catahoula Parish
22027,0-4,667,Louisiana,Claiborne Parish
22027,18-49,5428,Louisiana,Claiborne Parish
22027,5-17,2077,Louisiana,Claiborne Parish
22027,50-64,2856,Louisiana,Claiborne Parish
22027,65+,2991,Louisiana,Claiborne Parish
22029,0-4,1081,Louisiana,Concordia Parish
22029,18-49,7174,Louisiana,Concordia Parish
22029,5-17,3246,Louisiana,Concordia Parish
22029,50-64,3356,Louisiana,Concordia Parish
22029,65+,3468,Louisiana,Concordia Parish
22031,0-4,1613,Louisiana,De Soto Parish
22031,18-49,10297,Louisiana,De Soto Parish
22031,5-17,4831,Louisiana,De Soto Parish
22031,50-64,5173,Louisiana,De Soto Parish
22031,65+,4983,Louisiana,De Soto Parish
22033,0-4,28545,Louisiana,East Baton Rouge Parish
22033,18-49,208000,Louisiana,East Baton Rouge Parish
22033,5-17,74289,Louisiana,East Baton Rouge Parish
22033,50-64,74634,Louisiana,East Baton Rouge Parish
22033,65+,67353,Louisiana,East Baton Rouge Parish
22035,0-4,296,Louisiana,East Carroll Parish
22035,18-49,3372,Louisiana,East Carroll Parish
22035,5-17,1120,Louisiana,East Carroll Parish
22035,50-64,1115,Louisiana,East Carroll Parish
22035,65+,1292,Louisiana,East Carroll Parish
22037,0-4,885,Louisiana,East Feliciana Parish
22037,18-49,7775,Louisiana,East Feliciana Parish
22037,5-17,2463,Louisiana,East Feliciana Parish
22037,50-64,4457,Louisiana,East Feliciana Parish
22037,65+,3798,Louisiana,East Feliciana Parish
22039,0-4,2203,Louisiana,Evangeline Parish
22039,18-49,12965,Louisiana,Evangeline Parish
22039,5-17,5920,Louisiana,Evangeline Parish
22039,50-64,6026,Louisiana,Evangeline Parish
22039,65+,5048,Louisiana,Evangeline Parish
22041,0-4,1268,Louisiana,Franklin Parish
22041,18-49,7181,Louisiana,Franklin Parish
22041,5-17,3600,Louisiana,Franklin Parish
22041,50-64,3735,Louisiana,Franklin Parish
22041,65+,3806,Louisiana,Franklin Parish
22043,0-4,1240,Louisiana,Grant Parish
22043,18-49,10142,Louisiana,Grant Parish
22043,5-17,3416,Louisiana,Grant Parish
22043,50-64,3914,Louisiana,Grant Parish
22043,65+,3411,Louisiana,Grant Parish
22045,0-4,4683,Louisiana,Iberia Parish
22045,18-49,26658,Louisiana,Iberia Parish
22045,5-17,13043,Louisiana,Iberia Parish
22045,50-64,13646,Louisiana,Iberia Parish
22045,65+,11164,Louisiana,Iberia Parish
22047,0-4,1615,Louisiana,Iberville Parish
22047,18-49,12464,Louisiana,Iberville Parish
22047,5-17,4656,Louisiana,Iberville Parish
22047,50-64,6031,Louisiana,Iberville Parish
22047,65+,5184,Louisiana,Iberville Parish
22049,0-4,763,Louisiana,Jackson Parish
22049,18-49,5723,Louisiana,Jackson Parish
22049,5-17,2435,Louisiana,Jackson Parish
22049,50-64,2947,Louisiana,Jackson Parish
22049,65+,3071,Louisiana,Jackson Parish
22051,0-4,27292,Louisiana,Jefferson Parish
22051,18-49,171961,Louisiana,Jefferson Parish
22051,5-17,69698,Louisiana,Jefferson Parish
22051,50-64,85166,Louisiana,Jefferson Parish
22051,65+,78367,Louisiana,Jefferson Parish
22053,0-4,2082,Louisiana,Jefferson Davis Parish
22053,18-49,12341,Louisiana,Jefferson Davis Parish
22053,5-17,5986,Louisiana,Jefferson Davis Parish
22053,50-64,6374,Louisiana,Jefferson Davis Parish
22053,65+,5300,Louisiana,Jefferson Davis Parish
22055,0-4,16292,Louisiana,Lafayette Parish
22055,18-49,106406,Louisiana,Lafayette Parish
22055,5-17,43003,Louisiana,Lafayette Parish
22055,50-64,44265,Louisiana,Lafayette Parish
22055,65+,35109,Louisiana,Lafayette Parish
22057,0-4,5767,Louisiana,Lafourche Parish
22057,18-49,39460,Louisiana,Lafourche Parish
22057,5-17,16456,Louisiana,Lafourche Parish
22057,50-64,19325,Louisiana,Lafourche Parish
22057,65+,15662,Louisiana,Lafourche Parish
22059,0-4,816,Louisiana,LaSalle Parish
22059,18-49,6909,Louisiana,LaSalle Parish
22059,5-17,2384,Louisiana,LaSalle Parish
22059,50-64,2394,Louisiana,LaSalle Parish
22059,65+,2301,Louisiana,LaSalle Parish
22061,0-4,2448,Louisiana,Lincoln Parish
22061,18-49,25137,Louisiana,Lincoln Parish
22061,5-17,7092,Louisiana,Lincoln Parish
22061,50-64,6732,Louisiana,Lincoln Parish
22061,65+,6751,Louisiana,Lincoln Parish
22063,0-4,9443,Louisiana,Livingston Parish
22063,18-49,62342,Louisiana,Livingston Parish
22063,5-17,28160,Louisiana,Livingston Parish
22063,50-64,25892,Louisiana,Livingston Parish
22063,65+,19746,Louisiana,Livingston Parish
22065,0-4,705,Louisiana,Madison Parish
22065,18-49,3868,Louisiana,Madison Parish
22065,5-17,1829,Louisiana,Madison Parish
22065,50-64,1711,Louisiana,Madison Parish
22065,65+,1644,Louisiana,Madison Parish
22067,0-4,1523,Louisiana,Morehouse Parish
22067,18-49,9384,Louisiana,Morehouse Parish
22067,5-17,4295,Louisiana,Morehouse Parish
22067,50-64,4932,Louisiana,Morehouse Parish
22067,65+,4833,Louisiana,Morehouse Parish
22069,0-4,2267,Louisiana,Natchitoches Parish
22069,18-49,16267,Louisiana,Natchitoches Parish
22069,5-17,6295,Louisiana,Natchitoches Parish
22069,50-64,6005,Louisiana,Natchitoches Parish
22069,65+,6213,Louisiana,Natchitoches Parish
22071,0-4,20845,Louisiana,Orleans Parish
22071,18-49,170107,Louisiana,Orleans Parish
22071,5-17,53576,Louisiana,Orleans Parish
22071,50-64,69628,Louisiana,Orleans Parish
22071,65+,61879,Louisiana,Orleans Parish
22073,0-4,10265,Louisiana,Ouachita Parish
22073,18-49,66388,Louisiana,Ouachita Parish
22073,5-17,29034,Louisiana,Ouachita Parish
22073,50-64,28660,Louisiana,Ouachita Parish
22073,65+,24569,Louisiana,Ouachita Parish
22075,0-4,1456,Louisiana,Plaquemines Parish
22075,18-49,9402,Louisiana,Plaquemines Parish
22075,5-17,4308,Louisiana,Plaquemines Parish
22075,50-64,4690,Louisiana,Plaquemines Parish
22075,65+,3214,Louisiana,Plaquemines Parish
22077,0-4,1098,Louisiana,Pointe Coupee Parish
22077,18-49,7206,Louisiana,Pointe Coupee Parish
22077,5-17,3301,Louisiana,Pointe Coupee Parish
22077,50-64,4394,Louisiana,Pointe Coupee Parish
22077,65+,4439,Louisiana,Pointe Coupee Parish
22079,0-4,8367,Louisiana,Rapides Parish
22079,18-49,50401,Louisiana,Rapides Parish
22079,5-17,23864,Louisiana,Rapides Parish
22079,50-64,24404,Louisiana,Rapides Parish
22079,65+,21434,Louisiana,Rapides Parish
22081,0-4,459,Louisiana,Red River Parish
22081,18-49,2765,Louisiana,Red River Parish
22081,5-17,1326,Louisiana,Red River Parish
22081,50-64,1516,Louisiana,Red River Parish
22081,65+,1463,Louisiana,Red River Parish
22083,0-4,1272,Louisiana,Richland Parish
22083,18-49,7895,Louisiana,Richland Parish
22083,5-17,3456,Louisiana,Richland Parish
22083,50-64,3711,Louisiana,Richland Parish
22083,65+,3574,Louisiana,Richland Parish
22085,0-4,1310,Louisiana,Sabine Parish
22085,18-49,7967,Louisiana,Sabine Parish
22085,5-17,3834,Louisiana,Sabine Parish
22085,50-64,4333,Louisiana,Sabine Parish
22085,65+,4641,Louisiana,Sabine Parish
22087,0-4,2973,Louisiana,St. Bernard Parish
22087,18-49,19165,Louisiana,St. Bernard Parish
22087,5-17,8623,Louisiana,St. Bernard Parish
22087,50-64,7789,Louisiana,St. Bernard Parish
22087,65+,5622,Louisiana,St. Bernard Parish
22089,0-4,2737,Louisiana,St. Charles Parish
22089,18-49,20719,Louisiana,St. Charles Parish
22089,5-17,9887,Louisiana,St. Charles Parish
22089,50-64,10805,Louisiana,St. Charles Parish
22089,65+,7715,Louisiana,St. Charles Parish
22091,0-4,562,Louisiana,St. Helena Parish
22091,18-49,4195,Louisiana,St. Helena Parish
22091,5-17,1645,Louisiana,St. Helena Parish
22091,50-64,2212,Louisiana,St. Helena Parish
22091,65+,2235,Louisiana,St. Helena Parish
22093,0-4,1130,Louisiana,St. James Parish
22093,18-49,7420,Louisiana,St. James Parish
22093,5-17,3301,Louisiana,St. James Parish
22093,50-64,4187,Louisiana,St. James Parish
22093,65+,3759,Louisiana,St. James Parish
22095,0-4,2375,Louisiana,St. John the Baptist Parish
22095,18-49,16677,Louisiana,St. John the Baptist Parish
22095,5-17,7658,Louisiana,St. John the Baptist Parish
22095,50-64,8463,Louisiana,St. John the Baptist Parish
22095,65+,6169,Louisiana,St. John the Baptist Parish
22097,0-4,5832,Louisiana,St. Landry Parish
22097,18-49,31078,Louisiana,St. Landry Parish
22097,5-17,16076,Louisiana,St. Landry Parish
22097,50-64,15493,Louisiana,St. Landry Parish
22097,65+,13649,Louisiana,St. Landry Parish
22099,0-4,3195,Louisiana,St. Martin Parish
22099,18-49,20060,Louisiana,St. Martin Parish
22099,5-17,9232,Louisiana,St. Martin Parish
22099,50-64,10528,Louisiana,St. Martin Parish
22099,65+,8544,Louisiana,St. Martin Parish
22101,0-4,3239,Louisiana,St. Mary Parish
22101,18-49,17850,Louisiana,St. Mary Parish
22101,5-17,8560,Louisiana,St. Mary Parish
22101,50-64,10102,Louisiana,St. Mary Parish
22101,65+,8704,Louisiana,St. Mary Parish
22103,0-4,15618,Louisiana,St. Tammany Parish
22103,18-49,102680,Louisiana,St. Tammany Parish
22103,5-17,48439,Louisiana,St. Tammany Parish
22103,50-64,54077,Louisiana,St. Tammany Parish
22103,65+,48517,Louisiana,St. Tammany Parish
22105,0-4,9323,Louisiana,Tangipahoa Parish
22105,18-49,58068,Louisiana,Tangipahoa Parish
22105,5-17,23893,Louisiana,Tangipahoa Parish
22105,50-64,23673,Louisiana,Tangipahoa Parish
22105,65+,20261,Louisiana,Tangipahoa Parish
22107,0-4,191,Louisiana,Tensas Parish
22107,18-49,1189,Louisiana,Tensas Parish
22107,5-17,671,Louisiana,Tensas Parish
22107,50-64,860,Louisiana,Tensas Parish
22107,65+,1081,Louisiana,Tensas Parish
22109,0-4,7068,Louisiana,Terrebonne Parish
22109,18-49,42980,Louisiana,Terrebonne Parish
22109,5-17,20100,Louisiana,Terrebonne Parish
22109,50-64,20665,Louisiana,Terrebonne Parish
22109,65+,16549,Louisiana,Terrebonne Parish
22111,0-4,1293,Louisiana,Union Parish
22111,18-49,7304,Louisiana,Union Parish
22111,5-17,3220,Louisiana,Union Parish
22111,50-64,4471,Louisiana,Union Parish
22111,65+,4626,Louisiana,Union Parish
22113,0-4,3647,Louisiana,Vermilion Parish
22113,18-49,22031,Louisiana,Vermilion Parish
22113,5-17,10798,Louisiana,Vermilion Parish
22113,50-64,11394,Louisiana,Vermilion Parish
22113,65+,9161,Louisiana,Vermilion Parish
22115,0-4,3816,Louisiana,Vernon Parish
22115,18-49,22285,Louisiana,Vernon Parish
22115,5-17,8288,Louisiana,Vernon Parish
22115,50-64,6905,Louisiana,Vernon Parish
22115,65+,6470,Louisiana,Vernon Parish
22117,0-4,2878,Louisiana,Washington Parish
22117,18-49,17469,Louisiana,Washington Parish
22117,5-17,7835,Louisiana,Washington Parish
22117,50-64,8669,Louisiana,Washington Parish
22117,65+,8387,Louisiana,Washington Parish
22119,0-4,2083,Louisiana,Webster Parish
22119,18-49,13238,Louisiana,Webster Parish
22119,5-17,6187,Louisiana,Webster Parish
22119,50-64,7361,Louisiana,Webster Parish
22119,65+,7320,Louisiana,Webster Parish
22121,0-4,1725,Louisiana,West Baton Rouge Parish
22121,18-49,12227,Louisiana,West Baton Rouge Parish
22121,5-17,4813,Louisiana,West Baton Rouge Parish
22121,50-64,4922,Louisiana,West Baton Rouge Parish
22121,65+,3979,Louisiana,West Baton Rouge Parish
22123,0-4,567,Louisiana,West Carroll Parish
22123,18-49,3524,Louisiana,West Carroll Parish
22123,5-17,1649,Louisiana,West Carroll Parish
22123,50-64,1882,Louisiana,West Carroll Parish
22123,65+,2000,Louisiana,West Carroll Parish
22125,0-4,606,Louisiana,West Feliciana Parish
22125,18-49,7034,Louisiana,West Feliciana Parish
22125,5-17,1905,Louisiana,West Feliciana Parish
22125,50-64,3424,Louisiana,West Feliciana Parish
22125,65+,2412,Louisiana,West Feliciana Parish
22127,0-4,645,Louisiana,Winn Parish
22127,18-49,5601,Louisiana,Winn Parish
22127,5-17,2160,Louisiana,Winn Parish
22127,50-64,2531,Louisiana,Winn Parish
22127,65+,2569,Louisiana,Winn Parish
23001,0-4,6054,Maine,Androscoggin County
23001,18-49,44649,Maine,Androscoggin County
23001,5-17,17622,Maine,Androscoggin County
23001,50-64,23228,Maine,Androscoggin County
23001,65+,20770,Maine,Androscoggin County
23003,0-4,3250,Maine,Aroostook County
23003,18-49,22206,Maine,Aroostook County
23003,5-17,9337,Maine,Aroostook County
23003,50-64,15385,Maine,Aroostook County
23003,65+,17049,Maine,Aroostook County
23005,0-4,14368,Maine,Cumberland County
23005,18-49,125928,Maine,Cumberland County
23005,5-17,41409,Maine,Cumberland County
23005,50-64,63587,Maine,Cumberland County
23005,65+,60648,Maine,Cumberland County
23007,0-4,1238,Maine,Franklin County
23007,18-49,11195,Maine,Franklin County
23007,5-17,3939,Maine,Franklin County
23007,50-64,6810,Maine,Franklin County
23007,65+,6963,Maine,Franklin County
23009,0-4,2320,Maine,Hancock County
23009,18-49,19490,Maine,Hancock County
23009,5-17,6921,Maine,Hancock County
23009,50-64,12790,Maine,Hancock County
23009,65+,14563,Maine,Hancock County
23011,0-4,5951,Maine,Kennebec County
23011,18-49,47776,Maine,Kennebec County
23011,5-17,17890,Maine,Kennebec County
23011,50-64,27881,Maine,Kennebec County
23011,65+,26116,Maine,Kennebec County
23013,0-4,1553,Maine,Knox County
23013,18-49,13838,Maine,Knox County
23013,5-17,5418,Maine,Knox County
23013,50-64,8979,Maine,Knox County
23013,65+,11072,Maine,Knox County
23015,0-4,1455,Maine,Lincoln County
23015,18-49,11425,Maine,Lincoln County
23015,5-17,4563,Maine,Lincoln County
23015,50-64,8051,Maine,Lincoln County
23015,65+,10346,Maine,Lincoln County
23017,0-4,2424,Maine,Oxford County
23017,18-49,20221,Maine,Oxford County
23017,5-17,8063,Maine,Oxford County
23017,50-64,14282,Maine,Oxford County
23017,65+,13738,Maine,Oxford County
23019,0-4,6718,Maine,Penobscot County
23019,18-49,62628,Maine,Penobscot County
23019,5-17,20669,Maine,Penobscot County
23019,50-64,33213,Maine,Penobscot County
23019,65+,30343,Maine,Penobscot County
23021,0-4,682,Maine,Piscataquis County
23021,18-49,5607,Maine,Piscataquis County
23021,5-17,2019,Maine,Piscataquis County
23021,50-64,4209,Maine,Piscataquis County
23021,65+,4608,Maine,Piscataquis County
23023,0-4,1604,Maine,Sagadahoc County
23023,18-49,13141,Maine,Sagadahoc County
23023,5-17,5054,Maine,Sagadahoc County
23023,50-64,8388,Maine,Sagadahoc County
23023,65+,8906,Maine,Sagadahoc County
23025,0-4,2475,Maine,Somerset County
23025,18-49,17844,Maine,Somerset County
23025,5-17,6992,Maine,Somerset County
23025,50-64,12047,Maine,Somerset County
23025,65+,11494,Maine,Somerset County
23027,0-4,1759,Maine,Waldo County
23027,18-49,14208,Maine,Waldo County
23027,5-17,5448,Maine,Waldo County
23027,50-64,8792,Maine,Waldo County
23027,65+,9799,Maine,Waldo County
23029,0-4,1475,Maine,Washington County
23029,18-49,10282,Maine,Washington County
23029,5-17,4372,Maine,Washington County
23029,50-64,7061,Maine,Washington County
23029,65+,8071,Maine,Washington County
23031,0-4,9589,Maine,York County
23031,18-49,80679,Maine,York County
23031,5-17,29251,Maine,York County
23031,50-64,48537,Maine,York County
23031,65+,46675,Maine,York County
24001,0-4,3100,Maryland,Allegany County
24001,18-49,28152,Maryland,Allegany County
24001,5-17,8956,Maryland,Allegany County
24001,50-64,13354,Maryland,Allegany County
24001,65+,14200,Maryland,Allegany County
24003,0-4,35746,Maryland,Anne Arundel County
24003,18-49,247292,Maryland,Anne Arundel County
24003,5-17,98139,Maryland,Anne Arundel County
24003,50-64,117827,Maryland,Anne Arundel County
24003,65+,91932,Maryland,Anne Arundel County
24005,0-4,49254,Maryland,Baltimore County
24005,18-49,345502,Maryland,Baltimore County
24005,5-17,137171,Maryland,Baltimore County
24005,50-64,166800,Maryland,Baltimore County
24005,65+,150859,Maryland,Baltimore County
24009,0-4,4925,Maryland,Calvert County
24009,18-49,36043,Maryland,Calvert County
24009,5-17,16861,Maryland,Calvert County
24009,50-64,21048,Maryland,Calvert County
24009,65+,14914,Maryland,Calvert County
24011,0-4,2081,Maryland,Caroline County
24011,18-49,12645,Maryland,Caroline County
24011,5-17,5845,Maryland,Caroline County
24011,50-64,7116,Maryland,Caroline County
24011,65+,5719,Maryland,Caroline County
24013,0-4,9547,Maryland,Carroll County
24013,18-49,66477,Maryland,Carroll County
24013,5-17,28819,Maryland,Carroll County
24013,50-64,38808,Maryland,Carroll County
24013,65+,30667,Maryland,Carroll County
24015,0-4,5935,Maryland,Cecil County
24015,18-49,40459,Maryland,Cecil County
24015,5-17,17441,Maryland,Cecil County
24015,50-64,23120,Maryland,Cecil County
24015,65+,17411,Maryland,Cecil County
24017,0-4,9763,Maryland,Charles County
24017,18-49,69308,Maryland,Charles County
24017,5-17,30714,Maryland,Charles County
24017,50-64,36817,Maryland,Charles County
24017,65+,22108,Maryland,Charles County
24019,0-4,1751,Maryland,Dorchester County
24019,18-49,11505,Maryland,Dorchester County
24019,5-17,5147,Maryland,Dorchester County
24019,50-64,6855,Maryland,Dorchester County
24019,65+,7354,Maryland,Dorchester County
24021,0-4,16620,Maryland,Frederick County
24021,18-49,116127,Maryland,Frederick County
24021,5-17,48955,Maryland,Frederick County
24021,50-64,56600,Maryland,Frederick County
24021,65+,42039,Maryland,Frederick County
24023,0-4,1330,Maryland,Garrett County
24023,18-49,10130,Maryland,Garrett County
24023,5-17,3813,Maryland,Garrett County
24023,50-64,6650,Maryland,Garrett County
24023,65+,6790,Maryland,Garrett County
24025,0-4,14349,Maryland,Harford County
24025,18-49,103205,Maryland,Harford County
24025,5-17,44441,Maryland,Harford County
24025,50-64,55966,Maryland,Harford County
24025,65+,44548,Maryland,Harford County
24027,0-4,18496,Maryland,Howard County
24027,18-49,137687,Maryland,Howard County
24027,5-17,61777,Maryland,Howard County
24027,50-64,66596,Maryland,Howard County
24027,65+,49360,Maryland,Howard County
24029,0-4,780,Maryland,Kent County
24029,18-49,6964,Maryland,Kent County
24029,5-17,2233,Maryland,Kent County
24029,50-64,4110,Maryland,Kent County
24029,65+,5178,Maryland,Kent County
24031,0-4,61577,Maryland,Montgomery County
24031,18-49,427738,Maryland,Montgomery County
24031,5-17,181126,Maryland,Montgomery County
24031,50-64,212065,Maryland,Montgomery County
24031,65+,175080,Maryland,Montgomery County
24033,0-4,59434,Maryland,Prince George's County
24033,18-49,411396,Maryland,Prince George's County
24033,5-17,153042,Maryland,Prince George's County
24033,50-64,193658,Maryland,Prince George's County
24033,65+,138054,Maryland,Prince George's County
24035,0-4,2632,Maryland,Queen Anne's County
24035,18-49,17728,Maryland,Queen Anne's County
24035,5-17,8216,Maryland,Queen Anne's County
24035,50-64,12064,Maryland,Queen Anne's County
24035,65+,10311,Maryland,Queen Anne's County
24037,0-4,6997,Maryland,St. Mary's County
24037,18-49,48355,Maryland,St. Mary's County
24037,5-17,20502,Maryland,St. Mary's County
24037,50-64,22807,Maryland,St. Mary's County
24037,65+,15711,Maryland,St. Mary's County
24039,0-4,1148,Maryland,Somerset County
24039,18-49,11617,Maryland,Somerset County
24039,5-17,3163,Maryland,Somerset County
24039,50-64,4479,Maryland,Somerset County
24039,65+,4278,Maryland,Somerset County
24041,0-4,1586,Maryland,Talbot County
24041,18-49,11329,Maryland,Talbot County
24041,5-17,5485,Maryland,Talbot County
24041,50-64,8247,Maryland,Talbot County
24041,65+,11060,Maryland,Talbot County
24043,0-4,8571,Maryland,Washington County
24043,18-49,61872,Maryland,Washington County
24043,5-17,25333,Maryland,Washington County
24043,50-64,31659,Maryland,Washington County
24043,65+,27598,Maryland,Washington County
24045,0-4,6261,Maryland,Wicomico County
24045,18-49,44464,Maryland,Wicomico County
24045,5-17,17174,Maryland,Wicomico County
24045,50-64,19350,Maryland,Wicomico County
24045,65+,16868,Maryland,Wicomico County
24047,0-4,2152,Maryland,Worcester County
24047,18-49,17040,Maryland,Worcester County
24047,5-17,7054,Maryland,Worcester County
24047,50-64,12014,Maryland,Worcester County
24047,65+,15019,Maryland,Worcester County
24510,0-4,35305,Maryland,Baltimore city
24510,18-49,266551,Maryland,Baltimore city
24510,5-17,85189,Maryland,Baltimore city
24510,50-64,103987,Maryland,Baltimore city
24510,65+,86161,Maryland,Baltimore city
25001,0-4,7953,Massachusetts,Barnstable County
25001,18-49,67341,Massachusetts,Barnstable County
25001,5-17,25222,Massachusetts,Barnstable County
25001,50-64,55323,Massachusetts,Barnstable County
25001,65+,74234,Massachusetts,Barnstable County
25003,0-4,5126,Massachusetts,Berkshire County
25003,18-49,46329,Massachusetts,Berkshire County
25003,5-17,15898,Massachusetts,Berkshire County
25003,50-64,29167,Massachusetts,Berkshire County
25003,65+,31527,Massachusetts,Berkshire County
25005,0-4,29592,Massachusetts,Bristol County
25005,18-49,234404,Massachusetts,Bristol County
25005,5-17,90295,Massachusetts,Bristol County
25005,50-64,123365,Massachusetts,Bristol County
25005,65+,100780,Massachusetts,Bristol County
25007,0-4,832,Massachusetts,Dukes County
25007,18-49,6643,Massachusetts,Dukes County
25007,5-17,2758,Massachusetts,Dukes County
25007,50-64,5131,Massachusetts,Dukes County
25007,65+,5387,Massachusetts,Dukes County
25009,0-4,43701,Massachusetts,Essex County
25009,18-49,321820,Massachusetts,Essex County
25009,5-17,125719,Massachusetts,Essex County
25009,50-64,170645,Massachusetts,Essex County
25009,65+,145373,Massachusetts,Essex County
25011,0-4,2719,Massachusetts,Franklin County
25011,18-49,25918,Massachusetts,Franklin County
25011,5-17,9260,Massachusetts,Franklin County
25011,50-64,16052,Massachusetts,Franklin County
25011,65+,16973,Massachusetts,Franklin County
25013,0-4,24363,Massachusetts,Hampden County
25013,18-49,190003,Massachusetts,Hampden County
25013,5-17,73187,Massachusetts,Hampden County
25013,50-64,92782,Massachusetts,Hampden County
25013,65+,82518,Massachusetts,Hampden County
25015,0-4,5187,Massachusetts,Hampshire County
25015,18-49,73117,Massachusetts,Hampshire County
25015,5-17,18162,Massachusetts,Hampshire County
25015,50-64,29858,Massachusetts,Hampshire County
25015,65+,30271,Massachusetts,Hampshire County
25017,0-4,82549,Massachusetts,Middlesex County
25017,18-49,726110,Massachusetts,Middlesex County
25017,5-17,235919,Massachusetts,Middlesex County
25017,50-64,318728,Massachusetts,Middlesex County
25017,65+,259590,Massachusetts,Middlesex County
25019,0-4,683,Massachusetts,Nantucket County
25019,18-49,6010,Massachusetts,Nantucket County
25019,5-17,2256,Massachusetts,Nantucket County
25019,50-64,3133,Massachusetts,Nantucket County
25019,65+,2217,Massachusetts,Nantucket County
25021,0-4,37450,Massachusetts,Norfolk County
25021,18-49,297031,Massachusetts,Norfolk County
25021,5-17,112293,Massachusetts,Norfolk County
25021,50-64,151594,Massachusetts,Norfolk County
25021,65+,126172,Massachusetts,Norfolk County
25023,0-4,27304,Massachusetts,Plymouth County
25023,18-49,199729,Massachusetts,Plymouth County
25023,5-17,84117,Massachusetts,Plymouth County
25023,50-64,118564,Massachusetts,Plymouth County
25023,65+,102175,Massachusetts,Plymouth County
25025,0-4,38217,Massachusetts,Suffolk County
25025,18-49,428178,Massachusetts,Suffolk County
25025,5-17,88277,Massachusetts,Suffolk County
25025,50-64,126084,Massachusetts,Suffolk County
25025,65+,101416,Massachusetts,Suffolk County
25027,0-4,44659,Massachusetts,Worcester County
25027,18-49,355571,Massachusetts,Worcester County
25027,5-17,134710,Massachusetts,Worcester County
25027,50-64,184008,Massachusetts,Worcester County
25027,65+,142716,Massachusetts,Worcester County
26001,0-4,352,Michigan,Alcona County
26001,18-49,2477,Michigan,Alcona County
26001,5-17,966,Michigan,Alcona County
26001,50-64,2781,Michigan,Alcona County
26001,65+,3734,Michigan,Alcona County
26003,0-4,309,Michigan,Alger County
26003,18-49,3207,Michigan,Alger County
26003,5-17,1013,Michigan,Alger County
26003,50-64,1942,Michigan,Alger County
26003,65+,2342,Michigan,Alger County
26005,0-4,6964,Michigan,Allegan County
26005,18-49,45696,Michigan,Allegan County
26005,5-17,21564,Michigan,Allegan County
26005,50-64,25134,Michigan,Allegan County
26005,65+,21555,Michigan,Allegan County
26007,0-4,1331,Michigan,Alpena County
26007,18-49,9883,Michigan,Alpena County
26007,5-17,4113,Michigan,Alpena County
26007,50-64,6506,Michigan,Alpena County
26007,65+,7075,Michigan,Alpena County
26009,0-4,960,Michigan,Antrim County
26009,18-49,7260,Michigan,Antrim County
26009,5-17,3160,Michigan,Antrim County
26009,50-64,5748,Michigan,Antrim County
26009,65+,6748,Michigan,Antrim County
26011,0-4,699,Michigan,Arenac County
26011,18-49,4715,Michigan,Arenac County
26011,5-17,2090,Michigan,Arenac County
26011,50-64,3586,Michigan,Arenac County
26011,65+,3964,Michigan,Arenac County
26013,0-4,336,Michigan,Baraga County
26013,18-49,3099,Michigan,Baraga County
26013,5-17,1072,Michigan,Baraga County
26013,50-64,1845,Michigan,Baraga County
26013,65+,1897,Michigan,Baraga County
26015,0-4,3335,Michigan,Barry County
26015,18-49,23353,Michigan,Barry County
26015,5-17,10489,Michigan,Barry County
26015,50-64,13816,Michigan,Barry County
26015,65+,11989,Michigan,Barry County
26017,0-4,4873,Michigan,Bay County
26017,18-49,38481,Michigan,Bay County
26017,5-17,15566,Michigan,Bay County
26017,50-64,22308,Michigan,Bay County
26017,65+,22007,Michigan,Bay County
26019,0-4,776,Michigan,Benzie County
26019,18-49,5867,Michigan,Benzie County
26019,5-17,2336,Michigan,Benzie County
26019,50-64,4148,Michigan,Benzie County
26019,65+,5050,Michigan,Benzie County
26021,0-4,8289,Michigan,Berrien County
26021,18-49,56549,Michigan,Berrien County
26021,5-17,24830,Michigan,Berrien County
26021,50-64,31793,Michigan,Berrien County
26021,65+,31950,Michigan,Berrien County
26023,0-4,2813,Michigan,Branch County
26023,18-49,16557,Michigan,Branch County
26023,5-17,7746,Michigan,Branch County
26023,50-64,9269,Michigan,Branch County
26023,65+,8529,Michigan,Branch County
26025,0-4,7782,Michigan,Calhoun County
26025,18-49,51967,Michigan,Calhoun County
26025,5-17,23037,Michigan,Calhoun County
26025,50-64,26676,Michigan,Calhoun County
26025,65+,24384,Michigan,Calhoun County
26027,0-4,2480,Michigan,Cass County
26027,18-49,18005,Michigan,Cass County
26027,5-17,8070,Michigan,Cass County
26027,50-64,11710,Michigan,Cass County
26027,65+,11341,Michigan,Cass County
26029,0-4,1111,Michigan,Charlevoix County
26029,18-49,8397,Michigan,Charlevoix County
26029,5-17,3576,Michigan,Charlevoix County
26029,50-64,6210,Michigan,Charlevoix County
26029,65+,6849,Michigan,Charlevoix County
26031,0-4,1047,Michigan,Cheboygan County
26031,18-49,8193,Michigan,Cheboygan County
26031,5-17,3018,Michigan,Cheboygan County
26031,50-64,6193,Michigan,Cheboygan County
26031,65+,7327,Michigan,Cheboygan County
26033,0-4,1648,Michigan,Chippewa County
26033,18-49,15753,Michigan,Chippewa County
26033,5-17,4937,Michigan,Chippewa County
26033,50-64,7138,Michigan,Chippewa County
26033,65+,6972,Michigan,Chippewa County
26035,0-4,1544,Michigan,Clare County
26035,18-49,10126,Michigan,Clare County
26035,5-17,4622,Michigan,Clare County
26035,50-64,7125,Michigan,Clare County
26035,65+,7692,Michigan,Clare County
26037,0-4,4143,Michigan,Clinton County
26037,18-49,30744,Michigan,Clinton County
26037,5-17,13104,Michigan,Clinton County
26037,50-64,16999,Michigan,Clinton County
26037,65+,14429,Michigan,Clinton County
26039,0-4,600,Michigan,Crawford County
26039,18-49,4044,Michigan,Crawford County
26039,5-17,1748,Michigan,Crawford County
26039,50-64,3353,Michigan,Crawford County
26039,65+,3526,Michigan,Crawford County
26041,0-4,1739,Michigan,Delta County
26041,18-49,12208,Michigan,Delta County
26041,5-17,5411,Michigan,Delta County
26041,50-64,8050,Michigan,Delta County
26041,65+,9421,Michigan,Delta County
26043,0-4,1298,Michigan,Dickinson County
26043,18-49,8698,Michigan,Dickinson County
26043,5-17,3832,Michigan,Dickinson County
26043,50-64,5974,Michigan,Dickinson County
26043,65+,6138,Michigan,Dickinson County
26045,0-4,5692,Michigan,Eaton County
26045,18-49,42905,Michigan,Eaton County
26045,5-17,16832,Michigan,Eaton County
26045,50-64,22219,Michigan,Eaton County
26045,65+,21352,Michigan,Eaton County
26047,0-4,1464,Michigan,Emmet County
26047,18-49,12169,Michigan,Emmet County
26047,5-17,4772,Michigan,Emmet County
26047,50-64,7478,Michigan,Emmet County
26047,65+,8276,Michigan,Emmet County
26049,0-4,22829,Michigan,Genesee County
26049,18-49,156351,Michigan,Genesee County
26049,5-17,67598,Michigan,Genesee County
26049,50-64,83162,Michigan,Genesee County
26049,65+,74147,Michigan,Genesee County
26051,0-4,1250,Michigan,Gladwin County
26051,18-49,7704,Michigan,Gladwin County
26051,5-17,3579,Michigan,Gladwin County
26051,50-64,6142,Michigan,Gladwin County
26051,65+,6868,Michigan,Gladwin County
26053,0-4,556,Michigan,Gogebic County
26053,18-49,4545,Michigan,Gogebic County
26053,5-17,1793,Michigan,Gogebic County
26053,50-64,3316,Michigan,Gogebic County
26053,65+,4138,Michigan,Gogebic County
26055,0-4,4552,Michigan,Grand Traverse County
26055,18-49,36364,Michigan,Grand Traverse County
26055,5-17,14266,Michigan,Grand Traverse County
26055,50-64,20197,Michigan,Grand Traverse County
26055,65+,20378,Michigan,Grand Traverse County
26057,0-4,2019,Michigan,Gratiot County
26057,18-49,18132,Michigan,Gratiot County
26057,5-17,6074,Michigan,Gratiot County
26057,50-64,8001,Michigan,Gratiot County
26057,65+,7252,Michigan,Gratiot County
26059,0-4,2497,Michigan,Hillsdale County
26059,18-49,16549,Michigan,Hillsdale County
26059,5-17,7368,Michigan,Hillsdale County
26059,50-64,9761,Michigan,Hillsdale County
26059,65+,9483,Michigan,Hillsdale County
26061,0-4,1806,Michigan,Houghton County
26061,18-49,17458,Michigan,Houghton County
26061,5-17,5643,Michigan,Houghton County
26061,50-64,5884,Michigan,Houghton County
26061,65+,6637,Michigan,Houghton County
26063,0-4,1462,Michigan,Huron County
26063,18-49,9839,Michigan,Huron County
26063,5-17,4528,Michigan,Huron County
26063,50-64,7113,Michigan,Huron County
26063,65+,8316,Michigan,Huron County
26065,0-4,14903,Michigan,Ingham County
26065,18-49,139399,Michigan,Ingham County
26065,5-17,40753,Michigan,Ingham County
26065,50-64,45868,Michigan,Ingham County
26065,65+,41092,Michigan,Ingham County
26067,0-4,3489,Michigan,Ionia County
26067,18-49,29235,Michigan,Ionia County
26067,5-17,10683,Michigan,Ionia County
26067,50-64,13000,Michigan,Ionia County
26067,65+,10299,Michigan,Ionia County
26069,0-4,1229,Michigan,Iosco County
26069,18-49,7327,Michigan,Iosco County
26069,5-17,3076,Michigan,Iosco County
26069,50-64,5989,Michigan,Iosco County
26069,65+,7712,Michigan,Iosco County
26071,0-4,479,Michigan,Iron County
26071,18-49,3328,Michigan,Iron County
26071,5-17,1545,Michigan,Iron County
26071,50-64,2695,Michigan,Iron County
26071,65+,3603,Michigan,Iron County
26073,0-4,2936,Michigan,Isabella County
26073,18-49,34153,Michigan,Isabella County
26073,5-17,8472,Michigan,Isabella County
26073,50-64,10096,Michigan,Isabella County
26073,65+,8818,Michigan,Isabella County
26075,0-4,8646,Michigan,Jackson County
26075,18-49,63390,Michigan,Jackson County
26075,5-17,25168,Michigan,Jackson County
26075,50-64,33253,Michigan,Jackson County
26075,65+,29730,Michigan,Jackson County
26077,0-4,14689,Michigan,Kalamazoo County
26077,18-49,120397,Michigan,Kalamazoo County
26077,5-17,41574,Michigan,Kalamazoo County
26077,50-64,43482,Michigan,Kalamazoo County
26077,65+,41295,Michigan,Kalamazoo County
26079,0-4,893,Michigan,Kalkaska County
26079,18-49,6531,Michigan,Kalkaska County
26079,5-17,2793,Michigan,Kalkaska County
26079,50-64,4053,Michigan,Kalkaska County
26079,65+,3846,Michigan,Kalkaska County
26081,0-4,41479,Michigan,Kent County
26081,18-49,289532,Michigan,Kent County
26081,5-17,114814,Michigan,Kent County
26081,50-64,117535,Michigan,Kent County
26081,65+,95484,Michigan,Kent County
26083,0-4,67,Michigan,Keweenaw County
26083,18-49,577,Michigan,Keweenaw County
26083,5-17,245,Michigan,Keweenaw County
26083,50-64,459,Michigan,Keweenaw County
26083,65+,758,Michigan,Keweenaw County
26085,0-4,469,Michigan,Lake County
26085,18-49,4275,Michigan,Lake County
26085,5-17,1415,Michigan,Lake County
26085,50-64,2942,Michigan,Lake County
26085,65+,3292,Michigan,Lake County
26087,0-4,4202,Michigan,Lapeer County
26087,18-49,32284,Michigan,Lapeer County
26087,5-17,13669,Michigan,Lapeer County
26087,50-64,21209,Michigan,Lapeer County
26087,65+,17339,Michigan,Lapeer County
26089,0-4,847,Michigan,Leelanau County
26089,18-49,6375,Michigan,Leelanau County
26089,5-17,2693,Michigan,Leelanau County
26089,50-64,5230,Michigan,Leelanau County
26089,65+,7462,Michigan,Leelanau County
26091,0-4,4994,Michigan,Lenawee County
26091,18-49,38128,Michigan,Lenawee County
26091,5-17,15458,Michigan,Lenawee County
26091,50-64,20584,Michigan,Lenawee County
26091,65+,19659,Michigan,Lenawee County
26093,0-4,9496,Michigan,Livingston County
26093,18-49,72050,Michigan,Livingston County
26093,5-17,30664,Michigan,Livingston County
26093,50-64,45927,Michigan,Livingston County
26093,65+,37006,Michigan,Livingston County
26095,0-4,291,Michigan,Luce County
26095,18-49,2515,Michigan,Luce County
26095,5-17,756,Michigan,Luce County
26095,50-64,1300,Michigan,Luce County
26095,65+,1463,Michigan,Luce County
26097,0-4,430,Michigan,Mackinac County
26097,18-49,3427,Michigan,Mackinac County
26097,5-17,1218,Michigan,Mackinac County
26097,50-64,2634,Michigan,Mackinac County
26097,65+,3156,Michigan,Mackinac County
26099,0-4,46561,Michigan,Macomb County
26099,18-49,350999,Michigan,Macomb County
26099,5-17,136212,Michigan,Macomb County
26099,50-64,187314,Michigan,Macomb County
26099,65+,156538,Michigan,Macomb County
26101,0-4,982,Michigan,Manistee County
26101,18-49,8302,Michigan,Manistee County
26101,5-17,3279,Michigan,Manistee County
26101,50-64,5775,Michigan,Manistee County
26101,65+,6909,Michigan,Manistee County
26103,0-4,3057,Michigan,Marquette County
26103,18-49,29053,Michigan,Marquette County
26103,5-17,8793,Michigan,Marquette County
26103,50-64,12228,Michigan,Marquette County
26103,65+,13299,Michigan,Marquette County
26105,0-4,1347,Michigan,Mason County
26105,18-49,9690,Michigan,Mason County
26105,5-17,4462,Michigan,Mason County
26105,50-64,6211,Michigan,Mason County
26105,65+,7467,Michigan,Mason County
26107,0-4,2080,Michigan,Mecosta County
26107,18-49,16124,Michigan,Mecosta County
26107,5-17,5820,Michigan,Mecosta County
26107,50-64,8164,Michigan,Mecosta County
26107,65+,8133,Michigan,Mecosta County
26109,0-4,920,Michigan,Menominee County
26109,18-49,7567,Michigan,Menominee County
26109,5-17,3198,Michigan,Menominee County
26109,50-64,5473,Michigan,Menominee County
26109,65+,6137,Michigan,Menominee County
26111,0-4,4481,Michigan,Midland County
26111,18-49,32047,Michigan,Midland County
26111,5-17,13224,Michigan,Midland County
26111,50-64,17355,Michigan,Midland County
26111,65+,16534,Michigan,Midland County
26113,0-4,858,Michigan,Missaukee County
26113,18-49,5278,Michigan,Missaukee County
26113,5-17,2560,Michigan,Missaukee County
26113,50-64,3222,Michigan,Missaukee County
26113,65+,3238,Michigan,Missaukee County
26115,0-4,7850,Michigan,Monroe County
26115,18-49,58606,Michigan,Monroe County
26115,5-17,24828,Michigan,Monroe County
26115,50-64,33751,Michigan,Monroe County
26115,65+,29966,Michigan,Monroe County
26117,0-4,3501,Michigan,Montcalm County
26117,18-49,27414,Michigan,Montcalm County
26117,5-17,10666,Michigan,Montcalm County
26117,50-64,13775,Michigan,Montcalm County
26117,65+,11818,Michigan,Montcalm County
26119,0-4,345,Michigan,Montmorency County
26119,18-49,2473,Michigan,Montmorency County
26119,5-17,1051,Michigan,Montmorency County
26119,50-64,2416,Michigan,Montmorency County
26119,65+,3087,Michigan,Montmorency County
26121,0-4,10134,Michigan,Muskegon County
26121,18-49,69235,Michigan,Muskegon County
26121,5-17,29678,Michigan,Muskegon County
26121,50-64,34735,Michigan,Muskegon County
26121,65+,31596,Michigan,Muskegon County
26123,0-4,2716,Michigan,Newaygo County
26123,18-49,17948,Michigan,Newaygo County
26123,5-17,8424,Michigan,Newaygo County
26123,50-64,11121,Michigan,Newaygo County
26123,65+,10205,Michigan,Newaygo County
26125,0-4,66084,Michigan,Oakland County
26125,18-49,514682,Michigan,Oakland County
26125,5-17,194670,Michigan,Oakland County
26125,50-64,268955,Michigan,Oakland County
26125,65+,227903,Michigan,Oakland County
26127,0-4,1358,Michigan,Oceana County
26127,18-49,9286,Michigan,Oceana County
26127,5-17,4459,Michigan,Oceana County
26127,50-64,5857,Michigan,Oceana County
26127,65+,5828,Michigan,Oceana County
26129,0-4,948,Michigan,Ogemaw County
26129,18-49,6483,Michigan,Ogemaw County
26129,5-17,2861,Michigan,Ogemaw County
26129,50-64,4902,Michigan,Ogemaw County
26129,65+,5659,Michigan,Ogemaw County
26131,0-4,154,Michigan,Ontonagon County
26131,18-49,1415,Michigan,Ontonagon County
26131,5-17,525,Michigan,Ontonagon County
26131,50-64,1560,Michigan,Ontonagon County
26131,65+,2216,Michigan,Ontonagon County
26133,0-4,1226,Michigan,Osceola County
26133,18-49,7894,Michigan,Osceola County
26133,5-17,3954,Michigan,Osceola County
26133,50-64,5010,Michigan,Osceola County
26133,65+,5038,Michigan,Osceola County
26135,0-4,446,Michigan,Oscoda County
26135,18-49,2308,Michigan,Oscoda County
26135,5-17,1224,Michigan,Oscoda County
26135,50-64,1983,Michigan,Oscoda County
26135,65+,2377,Michigan,Oscoda County
26137,0-4,1285,Michigan,Otsego County
26137,18-49,8890,Michigan,Otsego County
26137,5-17,4016,Michigan,Otsego County
26137,50-64,5657,Michigan,Otsego County
26137,65+,5504,Michigan,Otsego County
26139,0-4,16913,Michigan,Ottawa County
26139,18-49,127939,Michigan,Ottawa County
26139,5-17,52748,Michigan,Ottawa County
26139,50-64,52552,Michigan,Ottawa County
26139,65+,48462,Michigan,Ottawa County
26141,0-4,532,Michigan,Presque Isle County
26141,18-49,3584,Michigan,Presque Isle County
26141,5-17,1518,Michigan,Presque Isle County
26141,50-64,3161,Michigan,Presque Isle County
26141,65+,4347,Michigan,Presque Isle County
26143,0-4,845,Michigan,Roscommon County
26143,18-49,6287,Michigan,Roscommon County
26143,5-17,2576,Michigan,Roscommon County
26143,50-64,5951,Michigan,Roscommon County
26143,65+,7980,Michigan,Roscommon County
26145,0-4,10651,Michigan,Saginaw County
26145,18-49,72953,Michigan,Saginaw County
26145,5-17,30050,Michigan,Saginaw County
26145,50-64,37859,Michigan,Saginaw County
26145,65+,37697,Michigan,Saginaw County
26147,0-4,7837,Michigan,St. Clair County
26147,18-49,58426,Michigan,St. Clair County
26147,5-17,25003,Michigan,St. Clair County
26147,50-64,37179,Michigan,St. Clair County
26147,65+,31644,Michigan,St. Clair County
26149,0-4,3745,Michigan,St. Joseph County
26149,18-49,22588,Michigan,St. Joseph County
26149,5-17,11095,Michigan,St. Joseph County
26149,50-64,12169,Michigan,St. Joseph County
26149,65+,11273,Michigan,St. Joseph County
26151,0-4,2012,Michigan,Sanilac County
26151,18-49,13838,Michigan,Sanilac County
26151,5-17,6591,Michigan,Sanilac County
26151,50-64,8952,Michigan,Sanilac County
26151,65+,9181,Michigan,Sanilac County
26153,0-4,357,Michigan,Schoolcraft County
26153,18-49,2326,Michigan,Schoolcraft County
26153,5-17,1079,Michigan,Schoolcraft County
26153,50-64,2051,Michigan,Schoolcraft County
26153,65+,2280,Michigan,Schoolcraft County
26155,0-4,3594,Michigan,Shiawassee County
26155,18-49,25458,Michigan,Shiawassee County
26155,5-17,10603,Michigan,Shiawassee County
26155,50-64,15153,Michigan,Shiawassee County
26155,65+,13253,Michigan,Shiawassee County
26157,0-4,2651,Michigan,Tuscola County
26157,18-49,18969,Michigan,Tuscola County
26157,5-17,8105,Michigan,Tuscola County
26157,50-64,11955,Michigan,Tuscola County
26157,65+,11391,Michigan,Tuscola County
26159,0-4,4348,Michigan,Van Buren County
26159,18-49,27682,Michigan,Van Buren County
26159,5-17,13175,Michigan,Van Buren County
26159,50-64,15813,Michigan,Van Buren County
26159,65+,14663,Michigan,Van Buren County
26161,0-4,17119,Michigan,Washtenaw County
26161,18-49,181392,Michigan,Washtenaw County
26161,5-17,50589,Michigan,Washtenaw County
26161,50-64,63050,Michigan,Washtenaw County
26161,65+,56244,Michigan,Washtenaw County
26163,0-4,112581,Michigan,Wayne County
26163,18-49,721897,Michigan,Wayne County
26163,5-17,308591,Michigan,Wayne County
26163,50-64,344271,Michigan,Wayne County
26163,65+,286427,Michigan,Wayne County
26165,0-4,1928,Michigan,Wexford County
26165,18-49,12178,Michigan,Wexford County
26165,5-17,5876,Michigan,Wexford County
26165,50-64,7053,Michigan,Wexford County
26165,65+,6833,Michigan,Wexford County
27001,0-4,585,Minnesota,Aitkin County
27001,18-49,4109,Minnesota,Aitkin County
27001,5-17,1954,Minnesota,Aitkin County
27001,50-64,3878,Minnesota,Aitkin County
27001,65+,5404,Minnesota,Aitkin County
27003,0-4,22128,Minnesota,Anoka County
27003,18-49,149579,Minnesota,Anoka County
27003,5-17,65352,Minnesota,Anoka County
27003,50-64,75035,Minnesota,Anoka County
27003,65+,55001,Minnesota,Anoka County
27005,0-4,1992,Minnesota,Becker County
27005,18-49,11936,Minnesota,Becker County
27005,5-17,6351,Minnesota,Becker County
27005,50-64,7166,Minnesota,Becker County
27005,65+,7815,Minnesota,Becker County
27007,0-4,3039,Minnesota,Beltrami County
27007,18-49,19122,Minnesota,Beltrami County
27007,5-17,8561,Minnesota,Beltrami County
27007,50-64,7819,Minnesota,Beltrami County
27007,65+,7880,Minnesota,Beltrami County
27009,0-4,2752,Minnesota,Benton County
27009,18-49,17534,Minnesota,Benton County
27009,5-17,7818,Minnesota,Benton County
27009,50-64,7599,Minnesota,Benton County
27009,65+,5755,Minnesota,Benton County
27011,0-4,318,Minnesota,Big Stone County
27011,18-49,1586,Minnesota,Big Stone County
27011,5-17,819,Minnesota,Big Stone County
27011,50-64,1063,Minnesota,Big Stone County
27011,65+,1366,Minnesota,Big Stone County
27013,0-4,3600,Minnesota,Blue Earth County
27013,18-49,35021,Minnesota,Blue Earth County
27013,5-17,10229,Minnesota,Blue Earth County
27013,50-64,10324,Minnesota,Blue Earth County
27013,65+,10212,Minnesota,Blue Earth County
27015,0-4,1440,Minnesota,Brown County
27015,18-49,9340,Minnesota,Brown County
27015,5-17,4241,Minnesota,Brown County
27015,50-64,5178,Minnesota,Brown County
27015,65+,5627,Minnesota,Brown County
27017,0-4,1867,Minnesota,Carlton County
27017,18-49,14190,Minnesota,Carlton County
27017,5-17,6149,Minnesota,Carlton County
27017,50-64,7617,Minnesota,Carlton County
27017,65+,6634,Minnesota,Carlton County
27019,0-4,6557,Minnesota,Carver County
27019,18-49,43383,Minnesota,Carver County
27019,5-17,21353,Minnesota,Carver County
27019,50-64,22339,Minnesota,Carver County
27019,65+,14990,Minnesota,Carver County
27021,0-4,1472,Minnesota,Cass County
27021,18-49,9178,Minnesota,Cass County
27021,5-17,4769,Minnesota,Cass County
27021,50-64,7031,Minnesota,Cass County
27021,65+,8238,Minnesota,Cass County
27023,0-4,762,Minnesota,Chippewa County
27023,18-49,4436,Minnesota,Chippewa County
27023,5-17,2157,Minnesota,Chippewa County
27023,50-64,2382,Minnesota,Chippewa County
27023,65+,2651,Minnesota,Chippewa County
27025,0-4,3211,Minnesota,Chisago County
27025,18-49,22276,Minnesota,Chisago County
27025,5-17,9756,Minnesota,Chisago County
27025,50-64,12675,Minnesota,Chisago County
27025,65+,9516,Minnesota,Chisago County
27027,0-4,4297,Minnesota,Clay County
27027,18-49,30071,Minnesota,Clay County
27027,5-17,11986,Minnesota,Clay County
27027,50-64,10179,Minnesota,Clay County
27027,65+,9095,Minnesota,Clay County
27029,0-4,525,Minnesota,Clearwater County
27029,18-49,2929,Minnesota,Clearwater County
27029,5-17,1618,Minnesota,Clearwater County
27029,50-64,1713,Minnesota,Clearwater County
27029,65+,1794,Minnesota,Clearwater County
27031,0-4,216,Minnesota,Cook County
27031,18-49,1796,Minnesota,Cook County
27031,5-17,630,Minnesota,Cook County
27031,50-64,1290,Minnesota,Cook County
27031,65+,1701,Minnesota,Cook County
27033,0-4,724,Minnesota,Cottonwood County
27033,18-49,3904,Minnesota,Cottonwood County
27033,5-17,2158,Minnesota,Cottonwood County
27033,50-64,2087,Minnesota,Cottonwood County
27033,65+,2585,Minnesota,Cottonwood County
27035,0-4,3369,Minnesota,Crow Wing County
27035,18-49,22881,Minnesota,Crow Wing County
27035,5-17,10575,Minnesota,Crow Wing County
27035,50-64,14284,Minnesota,Crow Wing County
27035,65+,16004,Minnesota,Crow Wing County
27037,0-4,26965,Minnesota,Dakota County
27037,18-49,179958,Minnesota,Dakota County
27037,5-17,79951,Minnesota,Dakota County
27037,50-64,87415,Minnesota,Dakota County
27037,65+,67915,Minnesota,Dakota County
27039,0-4,1328,Minnesota,Dodge County
27039,18-49,8366,Minnesota,Dodge County
27039,5-17,4009,Minnesota,Dodge County
27039,50-64,4045,Minnesota,Dodge County
27039,65+,3214,Minnesota,Dodge County
27041,0-4,2261,Minnesota,Douglas County
27041,18-49,13553,Minnesota,Douglas County
27041,5-17,6215,Minnesota,Douglas County
27041,50-64,7925,Minnesota,Douglas County
27041,65+,9400,Minnesota,Douglas County
27043,0-4,714,Minnesota,Faribault County
27043,18-49,4693,Minnesota,Faribault County
27043,5-17,2333,Minnesota,Faribault County
27043,50-64,2944,Minnesota,Faribault County
27043,65+,3225,Minnesota,Faribault County
27045,0-4,1214,Minnesota,Fillmore County
27045,18-49,7250,Minnesota,Fillmore County
27045,5-17,4020,Minnesota,Fillmore County
27045,50-64,4218,Minnesota,Fillmore County
27045,65+,4644,Minnesota,Fillmore County
27047,0-4,1605,Minnesota,Freeborn County
27047,18-49,10620,Minnesota,Freeborn County
27047,5-17,5150,Minnesota,Freeborn County
27047,50-64,6371,Minnesota,Freeborn County
27047,65+,7006,Minnesota,Freeborn County
27049,0-4,2629,Minnesota,Goodhue County
27049,18-49,17450,Minnesota,Goodhue County
27049,5-17,7968,Minnesota,Goodhue County
27049,50-64,10184,Minnesota,Goodhue County
27049,65+,9613,Minnesota,Goodhue County
27051,0-4,343,Minnesota,Grant County
27051,18-49,2060,Minnesota,Grant County
27051,5-17,1079,Minnesota,Grant County
27051,50-64,1210,Minnesota,Grant County
27051,65+,1416,Minnesota,Grant County
27053,0-4,75931,Minnesota,Hennepin County
27053,18-49,568685,Minnesota,Hennepin County
27053,5-17,200436,Minnesota,Hennepin County
27053,50-64,232039,Minnesota,Hennepin County
27053,65+,191812,Minnesota,Hennepin County
27055,0-4,945,Minnesota,Houston County
27055,18-49,6345,Minnesota,Houston County
27055,5-17,3114,Minnesota,Houston County
27055,50-64,4014,Minnesota,Houston County
27055,65+,4350,Minnesota,Houston County
27057,0-4,1130,Minnesota,Hubbard County
27057,18-49,6732,Minnesota,Hubbard County
27057,5-17,3458,Minnesota,Hubbard County
27057,50-64,4707,Minnesota,Hubbard County
27057,65+,5673,Minnesota,Hubbard County
27059,0-4,2425,Minnesota,Isanti County
27059,18-49,16194,Minnesota,Isanti County
27059,5-17,7324,Minnesota,Isanti County
27059,50-64,8934,Minnesota,Isanti County
27059,65+,7057,Minnesota,Isanti County
27061,0-4,2208,Minnesota,Itasca County
27061,18-49,14896,Minnesota,Itasca County
27061,5-17,6975,Minnesota,Itasca County
27061,50-64,9688,Minnesota,Itasca County
27061,65+,11374,Minnesota,Itasca County
27063,0-4,583,Minnesota,Jackson County
27063,18-49,3385,Minnesota,Jackson County
27063,5-17,1617,Minnesota,Jackson County
27063,50-64,2089,Minnesota,Jackson County
27063,65+,2290,Minnesota,Jackson County
27065,0-4,838,Minnesota,Kanabec County
27065,18-49,5727,Minnesota,Kanabec County
27065,5-17,2635,Minnesota,Kanabec County
27065,50-64,3579,Minnesota,Kanabec County
27065,65+,3482,Minnesota,Kanabec County
27067,0-4,2895,Minnesota,Kandiyohi County
27067,18-49,16107,Minnesota,Kandiyohi County
27067,5-17,7849,Minnesota,Kandiyohi County
27067,50-64,8169,Minnesota,Kandiyohi County
27067,65+,8737,Minnesota,Kandiyohi County
27069,0-4,209,Minnesota,Kittson County
27069,18-49,1271,Minnesota,Kittson County
27069,5-17,686,Minnesota,Kittson County
27069,50-64,899,Minnesota,Kittson County
27069,65+,1098,Minnesota,Kittson County
27071,0-4,520,Minnesota,Koochiching County
27071,18-49,3786,Minnesota,Koochiching County
27071,5-17,1599,Minnesota,Koochiching County
27071,50-64,2746,Minnesota,Koochiching County
27071,65+,3299,Minnesota,Koochiching County
27073,0-4,349,Minnesota,Lac qui Parle County
27073,18-49,2051,Minnesota,Lac qui Parle County
27073,5-17,1105,Minnesota,Lac qui Parle County
27073,50-64,1369,Minnesota,Lac qui Parle County
27073,65+,1820,Minnesota,Lac qui Parle County
27075,0-4,489,Minnesota,Lake County
27075,18-49,3412,Minnesota,Lake County
27075,5-17,1592,Minnesota,Lake County
27075,50-64,2429,Minnesota,Lake County
27075,65+,2989,Minnesota,Lake County
27077,0-4,204,Minnesota,Lake of the Woods County
27077,18-49,1168,Minnesota,Lake of the Woods County
27077,5-17,510,Minnesota,Lake of the Woods County
27077,50-64,947,Minnesota,Lake of the Woods County
27077,65+,971,Minnesota,Lake of the Woods County
27079,0-4,1638,Minnesota,Le Sueur County
27079,18-49,10669,Minnesota,Le Sueur County
27079,5-17,5087,Minnesota,Le Sueur County
27079,50-64,6229,Minnesota,Le Sueur County
27079,65+,5313,Minnesota,Le Sueur County
27081,0-4,322,Minnesota,Lincoln County
27081,18-49,1826,Minnesota,Lincoln County
27081,5-17,964,Minnesota,Lincoln County
27081,50-64,1127,Minnesota,Lincoln County
27081,65+,1355,Minnesota,Lincoln County
27083,0-4,1882,Minnesota,Lyon County
27083,18-49,9941,Minnesota,Lyon County
27083,5-17,4757,Minnesota,Lyon County
27083,50-64,4550,Minnesota,Lyon County
27083,65+,4368,Minnesota,Lyon County
27085,0-4,1995,Minnesota,McLeod County
27085,18-49,13843,Minnesota,McLeod County
27085,5-17,6188,Minnesota,McLeod County
27085,50-64,7512,Minnesota,McLeod County
27085,65+,7233,Minnesota,McLeod County
27087,0-4,426,Minnesota,Mahnomen County
27087,18-49,1806,Minnesota,Mahnomen County
27087,5-17,1243,Minnesota,Mahnomen County
27087,50-64,956,Minnesota,Mahnomen County
27087,65+,940,Minnesota,Mahnomen County
27089,0-4,499,Minnesota,Marshall County
27089,18-49,3029,Minnesota,Marshall County
27089,5-17,1601,Minnesota,Marshall County
27089,50-64,1810,Minnesota,Marshall County
27089,65+,2022,Minnesota,Marshall County
27091,0-4,1116,Minnesota,Martin County
27091,18-49,6620,Minnesota,Martin County
27091,5-17,3365,Minnesota,Martin County
27091,50-64,4005,Minnesota,Martin County
27091,65+,4758,Minnesota,Martin County
27093,0-4,1337,Minnesota,Meeker County
27093,18-49,8128,Minnesota,Meeker County
27093,5-17,4278,Minnesota,Meeker County
27093,50-64,4814,Minnesota,Meeker County
27093,65+,4865,Minnesota,Meeker County
27095,0-4,1573,Minnesota,Mille Lacs County
27095,18-49,9927,Minnesota,Mille Lacs County
27095,5-17,4723,Minnesota,Mille Lacs County
27095,50-64,5748,Minnesota,Mille Lacs County
27095,65+,4941,Minnesota,Mille Lacs County
27097,0-4,1857,Minnesota,Morrison County
27097,18-49,12012,Minnesota,Morrison County
27097,5-17,6055,Minnesota,Morrison County
27097,50-64,7190,Minnesota,Morrison County
27097,65+,7017,Minnesota,Morrison County
27099,0-4,2612,Minnesota,Mower County
27099,18-49,15519,Minnesota,Mower County
27099,5-17,7633,Minnesota,Mower County
27099,50-64,6917,Minnesota,Mower County
27099,65+,7388,Minnesota,Mower County
27101,0-4,410,Minnesota,Murray County
27101,18-49,2589,Minnesota,Murray County
27101,5-17,1349,Minnesota,Murray County
27101,50-64,1663,Minnesota,Murray County
27101,65+,2108,Minnesota,Murray County
27103,0-4,1865,Minnesota,Nicollet County
27103,18-49,14946,Minnesota,Nicollet County
27103,5-17,5569,Minnesota,Nicollet County
27103,50-64,6064,Minnesota,Nicollet County
27103,65+,5906,Minnesota,Nicollet County
27105,0-4,1853,Minnesota,Nobles County
27105,18-49,8240,Minnesota,Nobles County
27105,5-17,4442,Minnesota,Nobles County
27105,50-64,3720,Minnesota,Nobles County
27105,65+,3812,Minnesota,Nobles County
27107,0-4,369,Minnesota,Norman County
27107,18-49,2219,Minnesota,Norman County
27107,5-17,1122,Minnesota,Norman County
27107,50-64,1321,Minnesota,Norman County
27107,65+,1380,Minnesota,Norman County
27109,0-4,10382,Minnesota,Olmsted County
27109,18-49,67948,Minnesota,Olmsted County
27109,5-17,29177,Minnesota,Olmsted County
27109,50-64,29230,Minnesota,Olmsted County
27109,65+,26688,Minnesota,Olmsted County
27111,0-4,3236,Minnesota,Otter Tail County
27111,18-49,19191,Minnesota,Otter Tail County
27111,5-17,9909,Minnesota,Otter Tail County
27111,50-64,12975,Minnesota,Otter Tail County
27111,65+,14970,Minnesota,Otter Tail County
27113,0-4,825,Minnesota,Pennington County
27113,18-49,5367,Minnesota,Pennington County
27113,5-17,2255,Minnesota,Pennington County
27113,50-64,2818,Minnesota,Pennington County
27113,65+,2612,Minnesota,Pennington County
27115,0-4,1356,Minnesota,Pine County
27115,18-49,10528,Minnesota,Pine County
27115,5-17,4329,Minnesota,Pine County
27115,50-64,6772,Minnesota,Pine County
27115,65+,6426,Minnesota,Pine County
27117,0-4,674,Minnesota,Pipestone County
27117,18-49,3121,Minnesota,Pipestone County
27117,5-17,1853,Minnesota,Pipestone County
27117,50-64,1776,Minnesota,Pipestone County
27117,65+,1928,Minnesota,Pipestone County
27119,0-4,1961,Minnesota,Polk County
27119,18-49,11473,Minnesota,Polk County
27119,5-17,5658,Minnesota,Polk County
27119,50-64,5984,Minnesota,Polk County
27119,65+,5829,Minnesota,Polk County
27121,0-4,595,Minnesota,Pope County
27121,18-49,3719,Minnesota,Pope County
27121,5-17,1835,Minnesota,Pope County
27121,50-64,2365,Minnesota,Pope County
27121,65+,2849,Minnesota,Pope County
27123,0-4,34863,Minnesota,Ramsey County
27123,18-49,240539,Minnesota,Ramsey County
27123,5-17,91582,Minnesota,Ramsey County
27123,50-64,93733,Minnesota,Ramsey County
27123,65+,83721,Minnesota,Ramsey County
27125,0-4,235,Minnesota,Red Lake County
27125,18-49,1333,Minnesota,Red Lake County
27125,5-17,718,Minnesota,Red Lake County
27125,50-64,770,Minnesota,Red Lake County
27125,65+,866,Minnesota,Red Lake County
27127,0-4,985,Minnesota,Redwood County
27127,18-49,5267,Minnesota,Redwood County
27127,5-17,2827,Minnesota,Redwood County
27127,50-64,2911,Minnesota,Redwood County
27127,65+,3393,Minnesota,Redwood County
27129,0-4,822,Minnesota,Renville County
27129,18-49,5016,Minnesota,Renville County
27129,5-17,2601,Minnesota,Renville County
27129,50-64,3014,Minnesota,Renville County
27129,65+,3134,Minnesota,Renville County
27131,0-4,3702,Minnesota,Rice County
27131,18-49,29489,Minnesota,Rice County
27131,5-17,10882,Minnesota,Rice County
27131,50-64,12249,Minnesota,Rice County
27131,65+,11067,Minnesota,Rice County
27133,0-4,546,Minnesota,Rock County
27133,18-49,3495,Minnesota,Rock County
27133,5-17,1819,Minnesota,Rock County
27133,50-64,1840,Minnesota,Rock County
27133,65+,1928,Minnesota,Rock County
27135,0-4,820,Minnesota,Roseau County
27135,18-49,5326,Minnesota,Roseau County
27135,5-17,2847,Minnesota,Roseau County
27135,50-64,3479,Minnesota,Roseau County
27135,65+,2829,Minnesota,Roseau County
27137,0-4,9495,Minnesota,St. Louis County
27137,18-49,81468,Minnesota,St. Louis County
27137,5-17,28027,Minnesota,St. Louis County
27137,50-64,39392,Minnesota,St. Louis County
27137,65+,41674,Minnesota,St. Louis County
27139,0-4,9358,Minnesota,Scott County
27139,18-49,63727,Minnesota,Scott County
27139,5-17,30964,Minnesota,Scott County
27139,50-64,30101,Minnesota,Scott County
27139,65+,18807,Minnesota,Scott County
27141,0-4,6441,Minnesota,Sherburne County
27141,18-49,41900,Minnesota,Sherburne County
27141,5-17,19349,Minnesota,Sherburne County
27141,50-64,19576,Minnesota,Sherburne County
27141,65+,11912,Minnesota,Sherburne County
27143,0-4,862,Minnesota,Sibley County
27143,18-49,5407,Minnesota,Sibley County
27143,5-17,2543,Minnesota,Sibley County
27143,50-64,3280,Minnesota,Sibley County
27143,65+,2841,Minnesota,Sibley County
27145,0-4,10183,Minnesota,Stearns County
27145,18-49,68681,Minnesota,Stearns County
27145,5-17,27386,Minnesota,Stearns County
27145,50-64,27979,Minnesota,Stearns County
27145,65+,25129,Minnesota,Stearns County
27147,0-4,2037,Minnesota,Steele County
27147,18-49,13879,Minnesota,Steele County
27147,5-17,7167,Minnesota,Steele County
27147,50-64,7336,Minnesota,Steele County
27147,65+,6994,Minnesota,Steele County
27149,0-4,594,Minnesota,Stevens County
27149,18-49,4447,Minnesota,Stevens County
27149,5-17,1576,Minnesota,Stevens County
27149,50-64,1449,Minnesota,Stevens County
27149,65+,1620,Minnesota,Stevens County
27151,0-4,546,Minnesota,Swift County
27151,18-49,3320,Minnesota,Swift County
27151,5-17,1744,Minnesota,Swift County
27151,50-64,1879,Minnesota,Swift County
27151,65+,2298,Minnesota,Swift County
27153,0-4,1671,Minnesota,Todd County
27153,18-49,8256,Minnesota,Todd County
27153,5-17,4538,Minnesota,Todd County
27153,50-64,5290,Minnesota,Todd County
27153,65+,5647,Minnesota,Todd County
27155,0-4,211,Minnesota,Traverse County
27155,18-49,1076,Minnesota,Traverse County
27155,5-17,504,Minnesota,Traverse County
27155,50-64,660,Minnesota,Traverse County
27155,65+,828,Minnesota,Traverse County
27157,0-4,1216,Minnesota,Wabasha County
27157,18-49,7159,Minnesota,Wabasha County
27157,5-17,3530,Minnesota,Wabasha County
27157,50-64,4716,Minnesota,Wabasha County
27157,65+,4898,Minnesota,Wabasha County
27159,0-4,922,Minnesota,Wadena County
27159,18-49,4921,Minnesota,Wadena County
27159,5-17,2755,Minnesota,Wadena County
27159,50-64,2701,Minnesota,Wadena County
27159,65+,2836,Minnesota,Wadena County
27161,0-4,1024,Minnesota,Waseca County
27161,18-49,7488,Minnesota,Waseca County
27161,5-17,3351,Minnesota,Waseca County
27161,50-64,3585,Minnesota,Waseca County
27161,65+,3510,Minnesota,Waseca County
27163,0-4,15388,Minnesota,Washington County
27163,18-49,106830,Minnesota,Washington County
27163,5-17,50430,Minnesota,Washington County
27163,50-64,55671,Minnesota,Washington County
27163,65+,43979,Minnesota,Washington County
27165,0-4,842,Minnesota,Watonwan County
27165,18-49,3897,Minnesota,Watonwan County
27165,5-17,2015,Minnesota,Watonwan County
27165,50-64,2160,Minnesota,Watonwan County
27165,65+,2255,Minnesota,Watonwan County
27167,0-4,405,Minnesota,Wilkin County
27167,18-49,2299,Minnesota,Wilkin County
27167,5-17,1038,Minnesota,Wilkin County
27167,50-64,1443,Minnesota,Wilkin County
27167,65+,1228,Minnesota,Wilkin County
27169,0-4,2262,Minnesota,Winona County
27169,18-49,22908,Minnesota,Winona County
27169,5-17,6615,Minnesota,Winona County
27169,50-64,8868,Minnesota,Winona County
27169,65+,9052,Minnesota,Winona County
27171,0-4,9708,Minnesota,Wright County
27171,18-49,58272,Minnesota,Wright County
27171,5-17,30202,Minnesota,Wright County
27171,50-64,27749,Minnesota,Wright County
27171,65+,19339,Minnesota,Wright County
27173,0-4,545,Minnesota,Yellow Medicine County
27173,18-49,3385,Minnesota,Yellow Medicine County
27173,5-17,1651,Minnesota,Yellow Medicine County
27173,50-64,1931,Minnesota,Yellow Medicine County
27173,65+,1997,Minnesota,Yellow Medicine County
28001,0-4,1759,Mississippi,Adams County
28001,18-49,10685,Mississippi,Adams County
28001,5-17,4536,Mississippi,Adams County
28001,50-64,5847,Mississippi,Adams County
28001,65+,6271,Mississippi,Adams County
28003,0-4,1810,Mississippi,Alcorn County
28003,18-49,13264,Mississippi,Alcorn County
28003,5-17,5982,Mississippi,Alcorn County
28003,50-64,6967,Mississippi,Alcorn County
28003,65+,6477,Mississippi,Alcorn County
28005,0-4,614,Mississippi,Amite County
28005,18-49,3953,Mississippi,Amite County
28005,5-17,1963,Mississippi,Amite County
28005,50-64,2872,Mississippi,Amite County
28005,65+,3209,Mississippi,Amite County
28007,0-4,1080,Mississippi,Attala County
28007,18-49,6485,Mississippi,Attala County
28007,5-17,3368,Mississippi,Attala County
28007,50-64,3327,Mississippi,Attala County
28007,65+,3425,Mississippi,Attala County
28009,0-4,303,Mississippi,Benton County
28009,18-49,2703,Mississippi,Benton County
28009,5-17,1267,Mississippi,Benton County
28009,50-64,1705,Mississippi,Benton County
28009,65+,1614,Mississippi,Benton County
28011,0-4,1972,Mississippi,Bolivar County
28011,18-49,12176,Mississippi,Bolivar County
28011,5-17,5487,Mississippi,Bolivar County
28011,50-64,5503,Mississippi,Bolivar County
28011,65+,5025,Mississippi,Bolivar County
28013,0-4,698,Mississippi,Calhoun County
28013,18-49,4732,Mississippi,Calhoun County
28013,5-17,2218,Mississippi,Calhoun County
28013,50-64,2753,Mississippi,Calhoun County
28013,65+,2628,Mississippi,Calhoun County
28015,0-4,462,Mississippi,Carroll County
28015,18-49,3346,Mississippi,Carroll County
28015,5-17,1274,Mississippi,Carroll County
28015,50-64,2339,Mississippi,Carroll County
28015,65+,2407,Mississippi,Carroll County
28017,0-4,1222,Mississippi,Chickasaw County
28017,18-49,6519,Mississippi,Chickasaw County
28017,5-17,2986,Mississippi,Chickasaw County
28017,50-64,3139,Mississippi,Chickasaw County
28017,65+,3128,Mississippi,Chickasaw County
28019,0-4,367,Mississippi,Choctaw County
28019,18-49,2932,Mississippi,Choctaw County
28019,5-17,1375,Mississippi,Choctaw County
28019,50-64,1630,Mississippi,Choctaw County
28019,65+,1868,Mississippi,Choctaw County
28021,0-4,533,Mississippi,Claiborne County
28021,18-49,3930,Mississippi,Claiborne County
28021,5-17,1408,Mississippi,Claiborne County
28021,50-64,1349,Mississippi,Claiborne County
28021,65+,1688,Mississippi,Claiborne County
28023,0-4,922,Mississippi,Clarke County
28023,18-49,5485,Mississippi,Clarke County
28023,5-17,2479,Mississippi,Clarke County
28023,50-64,3186,Mississippi,Clarke County
28023,65+,3352,Mississippi,Clarke County
28025,0-4,1081,Mississippi,Clay County
28025,18-49,7125,Mississippi,Clay County
28025,5-17,3094,Mississippi,Clay County
28025,50-64,3580,Mississippi,Clay County
28025,65+,3582,Mississippi,Clay County
28027,0-4,1533,Mississippi,Coahoma County
28027,18-49,8026,Mississippi,Coahoma County
28027,5-17,4107,Mississippi,Coahoma County
28027,50-64,3782,Mississippi,Coahoma County
28027,65+,3360,Mississippi,Coahoma County
28029,0-4,1714,Mississippi,Copiah County
28029,18-49,10977,Mississippi,Copiah County
28029,5-17,4605,Mississippi,Copiah County
28029,50-64,5514,Mississippi,Copiah County
28029,65+,5184,Mississippi,Copiah County
28031,0-4,1171,Mississippi,Covington County
28031,18-49,7029,Mississippi,Covington County
28031,5-17,3217,Mississippi,Covington County
28031,50-64,3598,Mississippi,Covington County
28031,65+,3211,Mississippi,Covington County
28033,0-4,10913,Mississippi,DeSoto County
28033,18-49,80715,Mississippi,DeSoto County
28033,5-17,36598,Mississippi,DeSoto County
28033,50-64,35298,Mississippi,DeSoto County
28033,65+,25074,Mississippi,DeSoto County
28035,0-4,4930,Mississippi,Forrest County
28035,18-49,37194,Mississippi,Forrest County
28035,5-17,12854,Mississippi,Forrest County
28035,50-64,12402,Mississippi,Forrest County
28035,65+,10647,Mississippi,Forrest County
28037,0-4,442,Mississippi,Franklin County
28037,18-49,2723,Mississippi,Franklin County
28037,5-17,1329,Mississippi,Franklin County
28037,50-64,1548,Mississippi,Franklin County
28037,65+,1613,Mississippi,Franklin County
28039,0-4,2020,Mississippi,George County
28039,18-49,9657,Mississippi,George County
28039,5-17,4739,Mississippi,George County
28039,50-64,4678,Mississippi,George County
28039,65+,3776,Mississippi,George County
28041,0-4,769,Mississippi,Greene County
28041,18-49,6283,Mississippi,Greene County
28041,5-17,1795,Mississippi,Greene County
28041,50-64,2770,Mississippi,Greene County
28041,65+,1978,Mississippi,Greene County
28043,0-4,1315,Mississippi,Grenada County
28043,18-49,8090,Mississippi,Grenada County
28043,5-17,3852,Mississippi,Grenada County
28043,50-64,4138,Mississippi,Grenada County
28043,65+,3947,Mississippi,Grenada County
28045,0-4,2239,Mississippi,Hancock County
28045,18-49,16149,Mississippi,Hancock County
28045,5-17,6770,Mississippi,Hancock County
28045,50-64,10819,Mississippi,Hancock County
28045,65+,10080,Mississippi,Hancock County
28047,0-4,12996,Mississippi,Harrison County
28047,18-49,85879,Mississippi,Harrison County
28047,5-17,36917,Mississippi,Harrison County
28047,50-64,39864,Mississippi,Harrison County
28047,65+,33787,Mississippi,Harrison County
28049,0-4,13817,Mississippi,Hinds County
28049,18-49,94291,Mississippi,Hinds County
28049,5-17,38859,Mississippi,Hinds County
28049,50-64,40545,Mississippi,Hinds County
28049,65+,34982,Mississippi,Hinds County
28051,0-4,1060,Mississippi,Holmes County
28051,18-49,6564,Mississippi,Holmes County
28051,5-17,3031,Mississippi,Holmes County
28051,50-64,3168,Mississippi,Holmes County
28051,65+,2668,Mississippi,Holmes County
28053,0-4,447,Mississippi,Humphreys County
28053,18-49,2703,Mississippi,Humphreys County
28053,5-17,1487,Mississippi,Humphreys County
28053,50-64,1540,Mississippi,Humphreys County
28053,65+,1393,Mississippi,Humphreys County
28055,0-4,0,Mississippi,Issaquena County
28055,18-49,492,Mississippi,Issaquena County
28055,5-17,72,Mississippi,Issaquena County
28055,50-64,318,Mississippi,Issaquena County
28055,65+,213,Mississippi,Issaquena County
28057,0-4,1173,Mississippi,Itawamba County
28057,18-49,10015,Mississippi,Itawamba County
28057,5-17,3930,Mississippi,Itawamba County
28057,50-64,4588,Mississippi,Itawamba County
28057,65+,4236,Mississippi,Itawamba County
28059,0-4,8074,Mississippi,Jackson County
28059,18-49,57890,Mississippi,Jackson County
28059,5-17,25185,Mississippi,Jackson County
28059,50-64,28939,Mississippi,Jackson County
28059,65+,24349,Mississippi,Jackson County
28061,0-4,958,Mississippi,Jasper County
28061,18-49,5844,Mississippi,Jasper County
28061,5-17,2745,Mississippi,Jasper County
28061,50-64,3219,Mississippi,Jasper County
28061,65+,3445,Mississippi,Jasper County
28063,0-4,370,Mississippi,Jefferson County
28063,18-49,2670,Mississippi,Jefferson County
28063,5-17,1140,Mississippi,Jefferson County
28063,50-64,1568,Mississippi,Jefferson County
28063,65+,1379,Mississippi,Jefferson County
28065,0-4,597,Mississippi,Jefferson Davis County
28065,18-49,3944,Mississippi,Jefferson Davis County
28065,5-17,1625,Mississippi,Jefferson Davis County
28065,50-64,2341,Mississippi,Jefferson Davis County
28065,65+,2676,Mississippi,Jefferson Davis County
28067,0-4,4440,Mississippi,Jones County
28067,18-49,26186,Mississippi,Jones County
28067,5-17,12445,Mississippi,Jones County
28067,50-64,12168,Mississippi,Jones County
28067,65+,11600,Mississippi,Jones County
28069,0-4,526,Mississippi,Kemper County
28069,18-49,3785,Mississippi,Kemper County
28069,5-17,1084,Mississippi,Kemper County
28069,50-64,1566,Mississippi,Kemper County
28069,65+,1894,Mississippi,Kemper County
28071,0-4,2824,Mississippi,Lafayette County
28071,18-49,30450,Mississippi,Lafayette County
28071,5-17,7611,Mississippi,Lafayette County
28071,50-64,8492,Mississippi,Lafayette County
28071,65+,7543,Mississippi,Lafayette County
28073,0-4,3886,Mississippi,Lamar County
28073,18-49,28027,Mississippi,Lamar County
28073,5-17,12106,Mississippi,Lamar County
28073,50-64,11500,Mississippi,Lamar County
28073,65+,9562,Mississippi,Lamar County
28075,0-4,4346,Mississippi,Lauderdale County
28075,18-49,28258,Mississippi,Lauderdale County
28075,5-17,12602,Mississippi,Lauderdale County
28075,50-64,13657,Mississippi,Lauderdale County
28075,65+,13121,Mississippi,Lauderdale County
28077,0-4,753,Mississippi,Lawrence County
28077,18-49,4292,Mississippi,Lawrence County
28077,5-17,2274,Mississippi,Lawrence County
28077,50-64,2418,Mississippi,Lawrence County
28077,65+,2146,Mississippi,Lawrence County
28079,0-4,1360,Mississippi,Leake County
28079,18-49,8499,Mississippi,Leake County
28079,5-17,3621,Mississippi,Leake County
28079,50-64,3985,Mississippi,Leake County
28079,65+,3823,Mississippi,Leake County
28081,0-4,5315,Mississippi,Lee County
28081,18-49,33766,Mississippi,Lee County
28081,5-17,15556,Mississippi,Lee County
28081,50-64,15729,Mississippi,Lee County
28081,65+,12772,Mississippi,Lee County
28083,0-4,2086,Mississippi,Leflore County
28083,18-49,11039,Mississippi,Leflore County
28083,5-17,5506,Mississippi,Leflore County
28083,50-64,4666,Mississippi,Leflore County
28083,65+,4135,Mississippi,Leflore County
28085,0-4,1971,Mississippi,Lincoln County
28085,18-49,13660,Mississippi,Lincoln County
28085,5-17,6109,Mississippi,Lincoln County
28085,50-64,7055,Mississippi,Lincoln County
28085,65+,6035,Mississippi,Lincoln County
28087,0-4,3753,Mississippi,Lowndes County
28087,18-49,23727,Mississippi,Lowndes County
28087,5-17,10095,Mississippi,Lowndes County
28087,50-64,10756,Mississippi,Lowndes County
28087,65+,9856,Mississippi,Lowndes County
28089,0-4,6733,Mississippi,Madison County
28089,18-49,45232,Mississippi,Madison County
28089,5-17,20286,Mississippi,Madison County
28089,50-64,21667,Mississippi,Madison County
28089,65+,16385,Mississippi,Madison County
28091,0-4,1423,Mississippi,Marion County
28091,18-49,9263,Mississippi,Marion County
28091,5-17,4256,Mississippi,Marion County
28091,50-64,4804,Mississippi,Marion County
28091,65+,4557,Mississippi,Marion County
28093,0-4,1945,Mississippi,Marshall County
28093,18-49,13443,Mississippi,Marshall County
28093,5-17,5112,Mississippi,Marshall County
28093,50-64,7082,Mississippi,Marshall County
28093,65+,6317,Mississippi,Marshall County
28095,0-4,1910,Mississippi,Monroe County
28095,18-49,12794,Mississippi,Monroe County
28095,5-17,5765,Mississippi,Monroe County
28095,50-64,6707,Mississippi,Monroe County
28095,65+,6752,Mississippi,Monroe County
28097,0-4,389,Mississippi,Montgomery County
28097,18-49,3457,Mississippi,Montgomery County
28097,5-17,1801,Mississippi,Montgomery County
28097,50-64,1889,Mississippi,Montgomery County
28097,65+,2172,Mississippi,Montgomery County
28099,0-4,2089,Mississippi,Neshoba County
28099,18-49,10962,Mississippi,Neshoba County
28099,5-17,5859,Mississippi,Neshoba County
28099,50-64,5178,Mississippi,Neshoba County
28099,65+,4839,Mississippi,Neshoba County
28101,0-4,1348,Mississippi,Newton County
28101,18-49,8442,Mississippi,Newton County
28101,5-17,3769,Mississippi,Newton County
28101,50-64,3953,Mississippi,Newton County
28101,65+,3639,Mississippi,Newton County
28103,0-4,738,Mississippi,Noxubee County
28103,18-49,3864,Mississippi,Noxubee County
28103,5-17,1810,Mississippi,Noxubee County
28103,50-64,1941,Mississippi,Noxubee County
28103,65+,1783,Mississippi,Noxubee County
28105,0-4,2476,Mississippi,Oktibbeha County
28105,18-49,29909,Mississippi,Oktibbeha County
28105,5-17,6525,Mississippi,Oktibbeha County
28105,50-64,6442,Mississippi,Oktibbeha County
28105,65+,6121,Mississippi,Oktibbeha County
28107,0-4,2180,Mississippi,Panola County
28107,18-49,12672,Mississippi,Panola County
28107,5-17,5989,Mississippi,Panola County
28107,50-64,6490,Mississippi,Panola County
28107,65+,5634,Mississippi,Panola County
28109,0-4,3199,Mississippi,Pearl River County
28109,18-49,21542,Mississippi,Pearl River County
28109,5-17,9748,Mississippi,Pearl River County
28109,50-64,11344,Mississippi,Pearl River County
28109,65+,10948,Mississippi,Pearl River County
28111,0-4,592,Mississippi,Perry County
28111,18-49,4420,Mississippi,Perry County
28111,5-17,1937,Mississippi,Perry County
28111,50-64,2332,Mississippi,Perry County
28111,65+,2178,Mississippi,Perry County
28113,0-4,2635,Mississippi,Pike County
28113,18-49,15358,Mississippi,Pike County
28113,5-17,7655,Mississippi,Pike County
28113,50-64,7306,Mississippi,Pike County
28113,65+,6976,Mississippi,Pike County
28115,0-4,2128,Mississippi,Pontotoc County
28115,18-49,12367,Mississippi,Pontotoc County
28115,5-17,6112,Mississippi,Pontotoc County
28115,50-64,5948,Mississippi,Pontotoc County
28115,65+,4757,Mississippi,Pontotoc County
28117,0-4,1483,Mississippi,Prentiss County
28117,18-49,10376,Mississippi,Prentiss County
28117,5-17,4089,Mississippi,Prentiss County
28117,50-64,4700,Mississippi,Prentiss County
28117,65+,4351,Mississippi,Prentiss County
28119,0-4,359,Mississippi,Quitman County
28119,18-49,2283,Mississippi,Quitman County
28119,5-17,1001,Mississippi,Quitman County
28119,50-64,1188,Mississippi,Quitman County
28119,65+,1077,Mississippi,Quitman County
28121,0-4,8655,Mississippi,Rankin County
28121,18-49,67183,Mississippi,Rankin County
28121,5-17,27086,Mississippi,Rankin County
28121,50-64,29459,Mississippi,Rankin County
28121,65+,25835,Mississippi,Rankin County
28123,0-4,2306,Mississippi,Scott County
28123,18-49,10763,Mississippi,Scott County
28123,5-17,5461,Mississippi,Scott County
28123,50-64,4800,Mississippi,Scott County
28123,65+,4424,Mississippi,Scott County
28125,0-4,217,Mississippi,Sharkey County
28125,18-49,1434,Mississippi,Sharkey County
28125,5-17,745,Mississippi,Sharkey County
28125,50-64,730,Mississippi,Sharkey County
28125,65+,722,Mississippi,Sharkey County
28127,0-4,1523,Mississippi,Simpson County
28127,18-49,9904,Mississippi,Simpson County
28127,5-17,4491,Mississippi,Simpson County
28127,50-64,5076,Mississippi,Simpson County
28127,65+,4823,Mississippi,Simpson County
28129,0-4,895,Mississippi,Smith County
28129,18-49,5161,Mississippi,Smith County
28129,5-17,2369,Mississippi,Smith County
28129,50-64,2823,Mississippi,Smith County
28129,65+,2945,Mississippi,Smith County
28131,0-4,959,Mississippi,Stone County
28131,18-49,7744,Mississippi,Stone County
28131,5-17,3025,Mississippi,Stone County
28131,50-64,3558,Mississippi,Stone County
28131,65+,3229,Mississippi,Stone County
28133,0-4,1388,Mississippi,Sunflower County
28133,18-49,11627,Mississippi,Sunflower County
28133,5-17,3993,Mississippi,Sunflower County
28133,50-64,4580,Mississippi,Sunflower County
28133,65+,3740,Mississippi,Sunflower County
28135,0-4,593,Mississippi,Tallahatchie County
28135,18-49,5446,Mississippi,Tallahatchie County
28135,5-17,1906,Mississippi,Tallahatchie County
28135,50-64,2307,Mississippi,Tallahatchie County
28135,65+,2111,Mississippi,Tallahatchie County
28137,0-4,1638,Mississippi,Tate County
28137,18-49,11665,Mississippi,Tate County
28137,5-17,4747,Mississippi,Tate County
28137,50-64,5455,Mississippi,Tate County
28137,65+,4630,Mississippi,Tate County
28139,0-4,1257,Mississippi,Tippah County
28139,18-49,8604,Mississippi,Tippah County
28139,5-17,3876,Mississippi,Tippah County
28139,50-64,4206,Mississippi,Tippah County
28139,65+,3678,Mississippi,Tippah County
28141,0-4,994,Mississippi,Tishomingo County
28141,18-49,6893,Mississippi,Tishomingo County
28141,5-17,3042,Mississippi,Tishomingo County
28141,50-64,3889,Mississippi,Tishomingo County
28141,65+,3920,Mississippi,Tishomingo County
28143,0-4,798,Mississippi,Tunica County
28143,18-49,3915,Mississippi,Tunica County
28143,5-17,1912,Mississippi,Tunica County
28143,50-64,1633,Mississippi,Tunica County
28143,65+,1328,Mississippi,Tunica County
28145,0-4,1814,Mississippi,Union County
28145,18-49,11157,Mississippi,Union County
28145,5-17,5270,Mississippi,Union County
28145,50-64,5155,Mississippi,Union County
28145,65+,4613,Mississippi,Union County
28147,0-4,781,Mississippi,Walthall County
28147,18-49,5238,Mississippi,Walthall County
28147,5-17,2352,Mississippi,Walthall County
28147,50-64,2673,Mississippi,Walthall County
28147,65+,2820,Mississippi,Walthall County
28149,0-4,2667,Mississippi,Warren County
28149,18-49,16644,Mississippi,Warren County
28149,5-17,7737,Mississippi,Warren County
28149,50-64,8664,Mississippi,Warren County
28149,65+,7911,Mississippi,Warren County
28151,0-4,2922,Mississippi,Washington County
28151,18-49,16384,Mississippi,Washington County
28151,5-17,8204,Mississippi,Washington County
28151,50-64,8495,Mississippi,Washington County
28151,65+,7669,Mississippi,Washington County
28153,0-4,1281,Mississippi,Wayne County
28153,18-49,7533,Mississippi,Wayne County
28153,5-17,3602,Mississippi,Wayne County
28153,50-64,3804,Mississippi,Wayne County
28153,65+,3479,Mississippi,Wayne County
28155,0-4,622,Mississippi,Webster County
28155,18-49,3601,Mississippi,Webster County
28155,5-17,1785,Mississippi,Webster County
28155,50-64,2071,Mississippi,Webster County
28155,65+,1863,Mississippi,Webster County
28157,0-4,358,Mississippi,Wilkinson County
28157,18-49,3367,Mississippi,Wilkinson County
28157,5-17,1370,Mississippi,Wilkinson County
28157,50-64,1701,Mississippi,Wilkinson County
28157,65+,1580,Mississippi,Wilkinson County
28159,0-4,976,Mississippi,Winston County
28159,18-49,6527,Mississippi,Winston County
28159,5-17,2925,Mississippi,Winston County
28159,50-64,3460,Mississippi,Winston County
28159,65+,3721,Mississippi,Winston County
28161,0-4,776,Mississippi,Yalobusha County
28161,18-49,4520,Mississippi,Yalobusha County
28161,5-17,1931,Mississippi,Yalobusha County
28161,50-64,2546,Mississippi,Yalobusha County
28161,65+,2666,Mississippi,Yalobusha County
28163,0-4,1477,Mississippi,Yazoo County
28163,18-49,12801,Mississippi,Yazoo County
28163,5-17,4344,Mississippi,Yazoo County
28163,50-64,4452,Mississippi,Yazoo County
28163,65+,3763,Mississippi,Yazoo County
29001,0-4,1421,Missouri,Adair County
29001,18-49,12900,Missouri,Adair County
29001,5-17,3277,Missouri,Adair County
29001,50-64,3803,Missouri,Adair County
29001,65+,3823,Missouri,Adair County
29003,0-4,975,Missouri,Andrew County
29003,18-49,6571,Missouri,Andrew County
29003,5-17,3111,Missouri,Andrew County
29003,50-64,3707,Missouri,Andrew County
29003,65+,3722,Missouri,Andrew County
29005,0-4,235,Missouri,Atchison County
29005,18-49,1707,Missouri,Atchison County
29005,5-17,854,Missouri,Atchison County
29005,50-64,1103,Missouri,Atchison County
29005,65+,1317,Missouri,Atchison County
29007,0-4,1541,Missouri,Audrain County
29007,18-49,9632,Missouri,Audrain County
29007,5-17,4080,Missouri,Audrain County
29007,50-64,4852,Missouri,Audrain County
29007,65+,4583,Missouri,Audrain County
29009,0-4,2050,Missouri,Barry County
29009,18-49,12168,Missouri,Barry County
29009,5-17,5909,Missouri,Barry County
29009,50-64,7088,Missouri,Barry County
29009,65+,7616,Missouri,Barry County
29011,0-4,670,Missouri,Barton County
29011,18-49,4188,Missouri,Barton County
29011,5-17,2088,Missouri,Barton County
29011,50-64,2306,Missouri,Barton County
29011,65+,2433,Missouri,Barton County
29013,0-4,923,Missouri,Bates County
29013,18-49,5894,Missouri,Bates County
29013,5-17,2843,Missouri,Bates County
29013,50-64,3360,Missouri,Bates County
29013,65+,3101,Missouri,Bates County
29015,0-4,814,Missouri,Benton County
29015,18-49,5464,Missouri,Benton County
29015,5-17,2596,Missouri,Benton County
29015,50-64,4830,Missouri,Benton County
29015,65+,6183,Missouri,Benton County
29017,0-4,583,Missouri,Bollinger County
29017,18-49,3680,Missouri,Bollinger County
29017,5-17,1738,Missouri,Bollinger County
29017,50-64,2400,Missouri,Bollinger County
29017,65+,2190,Missouri,Bollinger County
29019,0-4,10159,Missouri,Boone County
29019,18-49,94801,Missouri,Boone County
29019,5-17,27613,Missouri,Boone County
29019,50-64,28971,Missouri,Boone County
29019,65+,24330,Missouri,Boone County
29021,0-4,4991,Missouri,Buchanan County
29021,18-49,34329,Missouri,Buchanan County
29021,5-17,13773,Missouri,Buchanan County
29021,50-64,16427,Missouri,Buchanan County
29021,65+,14335,Missouri,Buchanan County
29023,0-4,2684,Missouri,Butler County
29023,18-49,15855,Missouri,Butler County
29023,5-17,7123,Missouri,Butler County
29023,50-64,8381,Missouri,Butler County
29023,65+,8123,Missouri,Butler County
29025,0-4,480,Missouri,Caldwell County
29025,18-49,3150,Missouri,Caldwell County
29025,5-17,1626,Missouri,Caldwell County
29025,50-64,1855,Missouri,Caldwell County
29025,65+,1779,Missouri,Caldwell County
29027,0-4,2427,Missouri,Callaway County
29027,18-49,18558,Missouri,Callaway County
29027,5-17,6854,Missouri,Callaway County
29027,50-64,8969,Missouri,Callaway County
29027,65+,7733,Missouri,Callaway County
29029,0-4,1938,Missouri,Camden County
29029,18-49,12762,Missouri,Camden County
29029,5-17,5602,Missouri,Camden County
29029,50-64,10558,Missouri,Camden County
29029,65+,12556,Missouri,Camden County
29031,0-4,4658,Missouri,Cape Girardeau County
29031,18-49,35749,Missouri,Cape Girardeau County
29031,5-17,12975,Missouri,Cape Girardeau County
29031,50-64,14626,Missouri,Cape Girardeau County
29031,65+,14172,Missouri,Cape Girardeau County
29033,0-4,418,Missouri,Carroll County
29033,18-49,3003,Missouri,Carroll County
29033,5-17,1450,Missouri,Carroll County
29033,50-64,1727,Missouri,Carroll County
29033,65+,1861,Missouri,Carroll County
29035,0-4,349,Missouri,Carter County
29035,18-49,1817,Missouri,Carter County
29035,5-17,927,Missouri,Carter County
29035,50-64,1115,Missouri,Carter County
29035,65+,1061,Missouri,Carter County
29037,0-4,6238,Missouri,Cass County
29037,18-49,42212,Missouri,Cass County
29037,5-17,19699,Missouri,Cass County
29037,50-64,22136,Missouri,Cass County
29037,65+,19108,Missouri,Cass County
29039,0-4,1008,Missouri,Cedar County
29039,18-49,4550,Missouri,Cedar County
29039,5-17,2487,Missouri,Cedar County
29039,50-64,2986,Missouri,Cedar County
29039,65+,3409,Missouri,Cedar County
29041,0-4,459,Missouri,Chariton County
29041,18-49,2339,Missouri,Chariton County
29041,5-17,1257,Missouri,Chariton County
29041,50-64,1500,Missouri,Chariton County
29041,65+,1851,Missouri,Chariton County
29043,0-4,5547,Missouri,Christian County
29043,18-49,36251,Missouri,Christian County
29043,5-17,17512,Missouri,Christian County
29043,50-64,17044,Missouri,Christian County
29043,65+,14875,Missouri,Christian County
29045,0-4,399,Missouri,Clark County
29045,18-49,2271,Missouri,Clark County
29045,5-17,1187,Missouri,Clark County
29045,50-64,1422,Missouri,Clark County
29045,65+,1401,Missouri,Clark County
29047,0-4,15524,Missouri,Clay County
29047,18-49,109373,Missouri,Clay County
29047,5-17,45291,Missouri,Clay County
29047,50-64,47317,Missouri,Clay County
29047,65+,38061,Missouri,Clay County
29049,0-4,1150,Missouri,Clinton County
29049,18-49,7811,Missouri,Clinton County
29049,5-17,3750,Missouri,Clinton County
29049,50-64,4632,Missouri,Clinton County
29049,65+,3916,Missouri,Clinton County
29051,0-4,4460,Missouri,Cole County
29051,18-49,31783,Missouri,Cole County
29051,5-17,12639,Missouri,Cole County
29051,50-64,14549,Missouri,Cole County
29051,65+,13493,Missouri,Cole County
29053,0-4,1049,Missouri,Cooper County
29053,18-49,6495,Missouri,Cooper County
29053,5-17,2745,Missouri,Cooper County
29053,50-64,3329,Missouri,Cooper County
29053,65+,3217,Missouri,Cooper County
29055,0-4,1321,Missouri,Crawford County
29055,18-49,8170,Missouri,Crawford County
29055,5-17,3788,Missouri,Crawford County
29055,50-64,4866,Missouri,Crawford County
29055,65+,4745,Missouri,Crawford County
29057,0-4,379,Missouri,Dade County
29057,18-49,2520,Missouri,Dade County
29057,5-17,1213,Missouri,Dade County
29057,50-64,1650,Missouri,Dade County
29057,65+,1865,Missouri,Dade County
29059,0-4,1152,Missouri,Dallas County
29059,18-49,5992,Missouri,Dallas County
29059,5-17,3023,Missouri,Dallas County
29059,50-64,3572,Missouri,Dallas County
29059,65+,3605,Missouri,Dallas County
29061,0-4,575,Missouri,Daviess County
29061,18-49,2914,Missouri,Daviess County
29061,5-17,1523,Missouri,Daviess County
29061,50-64,1644,Missouri,Daviess County
29061,65+,1793,Missouri,Daviess County
29063,0-4,516,Missouri,DeKalb County
29063,18-49,4629,Missouri,DeKalb County
29063,5-17,1589,Missouri,DeKalb County
29063,50-64,2350,Missouri,DeKalb County
29063,65+,2092,Missouri,DeKalb County
29065,0-4,824,Missouri,Dent County
29065,18-49,4913,Missouri,Dent County
29065,5-17,2454,Missouri,Dent County
29065,50-64,3156,Missouri,Dent County
29065,65+,3159,Missouri,Dent County
29067,0-4,645,Missouri,Douglas County
29067,18-49,3713,Missouri,Douglas County
29067,5-17,2054,Missouri,Douglas County
29067,50-64,2481,Missouri,Douglas County
29067,65+,2957,Missouri,Douglas County
29069,0-4,1854,Missouri,Dunklin County
29069,18-49,10198,Missouri,Dunklin County
29069,5-17,5334,Missouri,Dunklin County
29069,50-64,5271,Missouri,Dunklin County
29069,65+,5138,Missouri,Dunklin County
29071,0-4,6091,Missouri,Franklin County
29071,18-49,38999,Missouri,Franklin County
29071,5-17,17677,Missouri,Franklin County
29071,50-64,23032,Missouri,Franklin County
29071,65+,19517,Missouri,Franklin County
29073,0-4,736,Missouri,Gasconade County
29073,18-49,5070,Missouri,Gasconade County
29073,5-17,2270,Missouri,Gasconade County
29073,50-64,3317,Missouri,Gasconade County
29073,65+,3381,Missouri,Gasconade County
29075,0-4,428,Missouri,Gentry County
29075,18-49,2218,Missouri,Gentry County
29075,5-17,1142,Missouri,Gentry County
29075,50-64,1270,Missouri,Gentry County
29075,65+,1166,Missouri,Gentry County
29077,0-4,16923,Missouri,Greene County
29077,18-49,135463,Missouri,Greene County
29077,5-17,46157,Missouri,Greene County
29077,50-64,51834,Missouri,Greene County
29077,65+,50744,Missouri,Greene County
29079,0-4,714,Missouri,Grundy County
29079,18-49,3328,Missouri,Grundy County
29079,5-17,1800,Missouri,Grundy County
29079,50-64,1844,Missouri,Grundy County
29079,65+,2136,Missouri,Grundy County
29081,0-4,550,Missouri,Harrison County
29081,18-49,2722,Missouri,Harrison County
29081,5-17,1506,Missouri,Harrison County
29081,50-64,1594,Missouri,Harrison County
29081,65+,1826,Missouri,Harrison County
29083,0-4,1283,Missouri,Henry County
29083,18-49,7704,Missouri,Henry County
29083,5-17,3674,Missouri,Henry County
29083,50-64,4591,Missouri,Henry County
29083,65+,4942,Missouri,Henry County
29085,0-4,341,Missouri,Hickory County
29085,18-49,2208,Missouri,Hickory County
29085,5-17,1147,Missouri,Hickory County
29085,50-64,2049,Missouri,Hickory County
29085,65+,2756,Missouri,Hickory County
29087,0-4,219,Missouri,Holt County
29087,18-49,1353,Missouri,Holt County
29087,5-17,644,Missouri,Holt County
29087,50-64,940,Missouri,Holt County
29087,65+,1098,Missouri,Holt County
29089,0-4,573,Missouri,Howard County
29089,18-49,4003,Missouri,Howard County
29089,5-17,1665,Missouri,Howard County
29089,50-64,1881,Missouri,Howard County
29089,65+,2019,Missouri,Howard County
29091,0-4,2417,Missouri,Howell County
29091,18-49,14685,Missouri,Howell County
29091,5-17,7357,Missouri,Howell County
29091,50-64,7732,Missouri,Howell County
29091,65+,7977,Missouri,Howell County
29093,0-4,475,Missouri,Iron County
29093,18-49,3264,Missouri,Iron County
29093,5-17,1527,Missouri,Iron County
29093,50-64,2093,Missouri,Iron County
29093,65+,2123,Missouri,Iron County
29095,0-4,44687,Missouri,Jackson County
29095,18-49,305597,Missouri,Jackson County
29095,5-17,123705,Missouri,Jackson County
29095,50-64,131641,Missouri,Jackson County
29095,65+,111391,Missouri,Jackson County
29097,0-4,7983,Missouri,Jasper County
29097,18-49,51672,Missouri,Jasper County
29097,5-17,22670,Missouri,Jasper County
29097,50-64,21637,Missouri,Jasper County
29097,65+,19570,Missouri,Jasper County
29099,0-4,12861,Missouri,Jefferson County
29099,18-49,90523,Missouri,Jefferson County
29099,5-17,39135,Missouri,Jefferson County
29099,50-64,48938,Missouri,Jefferson County
29099,65+,36770,Missouri,Jefferson County
29101,0-4,3444,Missouri,Johnson County
29101,18-49,26751,Missouri,Johnson County
29101,5-17,8544,Missouri,Johnson County
29101,50-64,8579,Missouri,Johnson County
29101,65+,7013,Missouri,Johnson County
29103,0-4,301,Missouri,Knox County
29103,18-49,1265,Missouri,Knox County
29103,5-17,628,Missouri,Knox County
29103,50-64,776,Missouri,Knox County
29103,65+,790,Missouri,Knox County
29105,0-4,2386,Missouri,Laclede County
29105,18-49,13413,Missouri,Laclede County
29105,5-17,6603,Missouri,Laclede County
29105,50-64,7333,Missouri,Laclede County
29105,65+,6510,Missouri,Laclede County
29107,0-4,1814,Missouri,Lafayette County
29107,18-49,12271,Missouri,Lafayette County
29107,5-17,5789,Missouri,Lafayette County
29107,50-64,6860,Missouri,Lafayette County
29107,65+,6240,Missouri,Lafayette County
29109,0-4,2523,Missouri,Lawrence County
29109,18-49,14380,Missouri,Lawrence County
29109,5-17,7251,Missouri,Lawrence County
29109,50-64,7292,Missouri,Lawrence County
29109,65+,6946,Missouri,Lawrence County
29111,0-4,500,Missouri,Lewis County
29111,18-49,4008,Missouri,Lewis County
29111,5-17,1634,Missouri,Lewis County
29111,50-64,1926,Missouri,Lewis County
29111,65+,1877,Missouri,Lewis County
29113,0-4,4165,Missouri,Lincoln County
29113,18-49,24816,Missouri,Lincoln County
29113,5-17,11407,Missouri,Lincoln County
29113,50-64,12433,Missouri,Lincoln County
29113,65+,8815,Missouri,Lincoln County
29115,0-4,651,Missouri,Linn County
29115,18-49,4142,Missouri,Linn County
29115,5-17,2159,Missouri,Linn County
29115,50-64,2383,Missouri,Linn County
29115,65+,2515,Missouri,Linn County
29117,0-4,766,Missouri,Livingston County
29117,18-49,5767,Missouri,Livingston County
29117,5-17,2383,Missouri,Livingston County
29117,50-64,2556,Missouri,Livingston County
29117,65+,2858,Missouri,Livingston County
29119,0-4,1523,Missouri,McDonald County
29119,18-49,8961,Missouri,McDonald County
29119,5-17,4490,Missouri,McDonald County
29119,50-64,4812,Missouri,McDonald County
29119,65+,3706,Missouri,McDonald County
29121,0-4,800,Missouri,Macon County
29121,18-49,5257,Missouri,Macon County
29121,5-17,2765,Missouri,Macon County
29121,50-64,3018,Missouri,Macon County
29121,65+,3323,Missouri,Macon County
29123,0-4,629,Missouri,Madison County
29123,18-49,4656,Missouri,Madison County
29123,5-17,2346,Missouri,Madison County
29123,50-64,2628,Missouri,Madison County
29123,65+,2406,Missouri,Madison County
29125,0-4,407,Missouri,Maries County
29125,18-49,2953,Missouri,Maries County
29125,5-17,1308,Missouri,Maries County
29125,50-64,1892,Missouri,Maries County
29125,65+,1875,Missouri,Maries County
29127,0-4,1967,Missouri,Marion County
29127,18-49,10930,Missouri,Marion County
29127,5-17,4774,Missouri,Marion County
29127,50-64,5502,Missouri,Marion County
29127,65+,5320,Missouri,Marion County
29129,0-4,250,Missouri,Mercer County
29129,18-49,1176,Missouri,Mercer County
29129,5-17,593,Missouri,Mercer County
29129,50-64,722,Missouri,Mercer County
29129,65+,760,Missouri,Mercer County
29131,0-4,1497,Missouri,Miller County
29131,18-49,9208,Missouri,Miller County
29131,5-17,4398,Missouri,Miller County
29131,50-64,5092,Missouri,Miller County
29131,65+,4886,Missouri,Miller County
29133,0-4,622,Missouri,Mississippi County
29133,18-49,4622,Missouri,Mississippi County
29133,5-17,2071,Missouri,Mississippi County
29133,50-64,2551,Missouri,Mississippi County
29133,65+,2213,Missouri,Mississippi County
29135,0-4,976,Missouri,Moniteau County
29135,18-49,6092,Missouri,Moniteau County
29135,5-17,2854,Missouri,Moniteau County
29135,50-64,2874,Missouri,Moniteau County
29135,65+,2507,Missouri,Moniteau County
29137,0-4,462,Missouri,Monroe County
29137,18-49,2787,Missouri,Monroe County
29137,5-17,1445,Missouri,Monroe County
29137,50-64,1838,Missouri,Monroe County
29137,65+,2140,Missouri,Monroe County
29139,0-4,663,Missouri,Montgomery County
29139,18-49,3958,Missouri,Montgomery County
29139,5-17,1915,Missouri,Montgomery County
29139,50-64,2554,Missouri,Montgomery County
29139,65+,2332,Missouri,Montgomery County
29141,0-4,1401,Missouri,Morgan County
29141,18-49,6727,Missouri,Morgan County
29141,5-17,3533,Missouri,Morgan County
29141,50-64,4712,Missouri,Morgan County
29141,65+,5057,Missouri,Morgan County
29143,0-4,998,Missouri,New Madrid County
29143,18-49,5778,Missouri,New Madrid County
29143,5-17,2808,Missouri,New Madrid County
29143,50-64,3320,Missouri,New Madrid County
29143,65+,3137,Missouri,New Madrid County
29145,0-4,3543,Missouri,Newton County
29145,18-49,22313,Missouri,Newton County
29145,5-17,10675,Missouri,Newton County
29145,50-64,11858,Missouri,Newton County
29145,65+,11101,Missouri,Newton County
29147,0-4,1044,Missouri,Nodaway County
29147,18-49,10299,Missouri,Nodaway County
29147,5-17,2516,Missouri,Nodaway County
29147,50-64,3468,Missouri,Nodaway County
29147,65+,3632,Missouri,Nodaway County
29149,0-4,503,Missouri,Oregon County
29149,18-49,2829,Missouri,Oregon County
29149,5-17,1509,Missouri,Oregon County
29149,50-64,1876,Missouri,Oregon County
29149,65+,1987,Missouri,Oregon County
29151,0-4,729,Missouri,Osage County
29151,18-49,5065,Missouri,Osage County
29151,5-17,2364,Missouri,Osage County
29151,50-64,2845,Missouri,Osage County
29151,65+,2376,Missouri,Osage County
29153,0-4,359,Missouri,Ozark County
29153,18-49,2575,Missouri,Ozark County
29153,5-17,1285,Missouri,Ozark County
29153,50-64,2014,Missouri,Ozark County
29153,65+,2540,Missouri,Ozark County
29155,0-4,1058,Missouri,Pemiscot County
29155,18-49,5654,Missouri,Pemiscot County
29155,5-17,2908,Missouri,Pemiscot County
29155,50-64,2905,Missouri,Pemiscot County
29155,65+,2707,Missouri,Pemiscot County
29157,0-4,1023,Missouri,Perry County
29157,18-49,7108,Missouri,Perry County
29157,5-17,3311,Missouri,Perry County
29157,50-64,3845,Missouri,Perry County
29157,65+,3660,Missouri,Perry County
29159,0-4,2992,Missouri,Pettis County
29159,18-49,16817,Missouri,Pettis County
29159,5-17,7886,Missouri,Pettis County
29159,50-64,8103,Missouri,Pettis County
29159,65+,7407,Missouri,Pettis County
29161,0-4,2393,Missouri,Phelps County
29161,18-49,19825,Missouri,Phelps County
29161,5-17,7129,Missouri,Phelps County
29161,50-64,8050,Missouri,Phelps County
29161,65+,7551,Missouri,Phelps County
29163,0-4,1010,Missouri,Pike County
29163,18-49,6848,Missouri,Pike County
29163,5-17,3046,Missouri,Pike County
29163,50-64,3400,Missouri,Pike County
29163,65+,3319,Missouri,Pike County
29165,0-4,6255,Missouri,Platte County
29165,18-49,45420,Missouri,Platte County
29165,5-17,19179,Missouri,Platte County
29165,50-64,20806,Missouri,Platte County
29165,65+,17091,Missouri,Platte County
29167,0-4,2005,Missouri,Polk County
29167,18-49,12627,Missouri,Polk County
29167,5-17,5536,Missouri,Polk County
29167,50-64,6126,Missouri,Polk County
29167,65+,5815,Missouri,Polk County
29169,0-4,3615,Missouri,Pulaski County
29169,18-49,30287,Missouri,Pulaski County
29169,5-17,8189,Missouri,Pulaski County
29169,50-64,6590,Missouri,Pulaski County
29169,65+,5169,Missouri,Pulaski County
29171,0-4,291,Missouri,Putnam County
29171,18-49,1567,Missouri,Putnam County
29171,5-17,754,Missouri,Putnam County
29171,50-64,890,Missouri,Putnam County
29171,65+,1173,Missouri,Putnam County
29173,0-4,541,Missouri,Ralls County
29173,18-49,3540,Missouri,Ralls County
29173,5-17,1635,Missouri,Ralls County
29173,50-64,2306,Missouri,Ralls County
29173,65+,2372,Missouri,Ralls County
29175,0-4,1427,Missouri,Randolph County
29175,18-49,10085,Missouri,Randolph County
29175,5-17,3981,Missouri,Randolph County
29175,50-64,4834,Missouri,Randolph County
29175,65+,4197,Missouri,Randolph County
29177,0-4,1280,Missouri,Ray County
29177,18-49,8390,Missouri,Ray County
29177,5-17,4000,Missouri,Ray County
29177,50-64,5136,Missouri,Ray County
29177,65+,4343,Missouri,Ray County
29179,0-4,278,Missouri,Reynolds County
29179,18-49,2087,Missouri,Reynolds County
29179,5-17,878,Missouri,Reynolds County
29179,50-64,1402,Missouri,Reynolds County
29179,65+,1413,Missouri,Reynolds County
29181,0-4,703,Missouri,Ripley County
29181,18-49,3846,Missouri,Ripley County
29181,5-17,1817,Missouri,Ripley County
29181,50-64,2221,Missouri,Ripley County
29181,65+,2168,Missouri,Ripley County
29183,0-4,22538,Missouri,St. Charles County
29183,18-49,167318,Missouri,St. Charles County
29183,5-17,71004,Missouri,St. Charles County
29183,50-64,81581,Missouri,St. Charles County
29183,65+,67389,Missouri,St. Charles County
29185,0-4,507,Missouri,St. Clair County
29185,18-49,2981,Missouri,St. Clair County
29185,5-17,1474,Missouri,St. Clair County
29185,50-64,2050,Missouri,St. Clair County
29185,65+,2439,Missouri,St. Clair County
29186,0-4,1042,Missouri,Ste. Genevieve County
29186,18-49,6574,Missouri,Ste. Genevieve County
29186,5-17,2969,Missouri,Ste. Genevieve County
29186,50-64,4100,Missouri,Ste. Genevieve County
29186,65+,3866,Missouri,Ste. Genevieve County
29187,0-4,3456,Missouri,St. Francois County
29187,18-49,28489,Missouri,St. Francois County
29187,5-17,10631,Missouri,St. Francois County
29187,50-64,12984,Missouri,St. Francois County
29187,65+,11304,Missouri,St. Francois County
29189,0-4,56721,Missouri,St. Louis County
29189,18-49,394122,Missouri,St. Louis County
29189,5-17,163750,Missouri,St. Louis County
29189,50-64,195875,Missouri,St. Louis County
29189,65+,186150,Missouri,St. Louis County
29195,0-4,1290,Missouri,Saline County
29195,18-49,9968,Missouri,Saline County
29195,5-17,3782,Missouri,Saline County
29195,50-64,4098,Missouri,Saline County
29195,65+,4039,Missouri,Saline County
29197,0-4,323,Missouri,Schuyler County
29197,18-49,1388,Missouri,Schuyler County
29197,5-17,795,Missouri,Schuyler County
29197,50-64,775,Missouri,Schuyler County
29197,65+,763,Missouri,Schuyler County
29199,0-4,363,Missouri,Scotland County
29199,18-49,1598,Missouri,Scotland County
29199,5-17,1038,Missouri,Scotland County
29199,50-64,807,Missouri,Scotland County
29199,65+,892,Missouri,Scotland County
29201,0-4,2441,Missouri,Scott County
29201,18-49,14454,Missouri,Scott County
29201,5-17,6737,Missouri,Scott County
29201,50-64,7340,Missouri,Scott County
29201,65+,6995,Missouri,Scott County
29203,0-4,413,Missouri,Shannon County
29203,18-49,2338,Missouri,Shannon County
29203,5-17,1174,Missouri,Shannon County
29203,50-64,1602,Missouri,Shannon County
29203,65+,1610,Missouri,Shannon County
29205,0-4,383,Missouri,Shelby County
29205,18-49,2079,Missouri,Shelby County
29205,5-17,1046,Missouri,Shelby County
29205,50-64,1200,Missouri,Shelby County
29205,65+,1303,Missouri,Shelby County
29207,0-4,1715,Missouri,Stoddard County
29207,18-49,10579,Missouri,Stoddard County
29207,5-17,4656,Missouri,Stoddard County
29207,50-64,5780,Missouri,Stoddard County
29207,65+,5817,Missouri,Stoddard County
29209,0-4,1292,Missouri,Stone County
29209,18-49,8963,Missouri,Stone County
29209,5-17,4044,Missouri,Stone County
29209,50-64,7471,Missouri,Stone County
29209,65+,9927,Missouri,Stone County
29211,0-4,357,Missouri,Sullivan County
29211,18-49,2126,Missouri,Sullivan County
29211,5-17,943,Missouri,Sullivan County
29211,50-64,1264,Missouri,Sullivan County
29211,65+,1213,Missouri,Sullivan County
29213,0-4,2858,Missouri,Taney County
29213,18-49,21238,Missouri,Taney County
29213,5-17,8964,Missouri,Taney County
29213,50-64,10745,Missouri,Taney County
29213,65+,12577,Missouri,Taney County
29215,0-4,1387,Missouri,Texas County
29215,18-49,9055,Missouri,Texas County
29215,5-17,4011,Missouri,Texas County
29215,50-64,5299,Missouri,Texas County
29215,65+,5204,Missouri,Texas County
29217,0-4,1166,Missouri,Vernon County
29217,18-49,7023,Missouri,Vernon County
29217,5-17,3540,Missouri,Vernon County
29217,50-64,3963,Missouri,Vernon County
29217,65+,4021,Missouri,Vernon County
29219,0-4,2017,Missouri,Warren County
29219,18-49,13698,Missouri,Warren County
29219,5-17,6543,Missouri,Warren County
29219,50-64,7688,Missouri,Warren County
29219,65+,6521,Missouri,Warren County
29221,0-4,1299,Missouri,Washington County
29221,18-49,8840,Missouri,Washington County
29221,5-17,4181,Missouri,Washington County
29221,50-64,5066,Missouri,Washington County
29221,65+,4097,Missouri,Washington County
29223,0-4,486,Missouri,Wayne County
29223,18-49,3509,Missouri,Wayne County
29223,5-17,1730,Missouri,Wayne County
29223,50-64,2556,Missouri,Wayne County
29223,65+,2661,Missouri,Wayne County
29225,0-4,2844,Missouri,Webster County
29225,18-49,15128,Missouri,Webster County
29225,5-17,8101,Missouri,Webster County
29225,50-64,7546,Missouri,Webster County
29225,65+,6249,Missouri,Webster County
29227,0-4,107,Missouri,Worth County
29227,18-49,603,Missouri,Worth County
29227,5-17,299,Missouri,Worth County
29227,50-64,446,Missouri,Worth County
29227,65+,501,Missouri,Worth County
29229,0-4,1290,Missouri,Wright County
29229,18-49,6447,Missouri,Wright County
29229,5-17,3608,Missouri,Wright County
29229,50-64,3674,Missouri,Wright County
29229,65+,3703,Missouri,Wright County
29510,0-4,17129,Missouri,St. Louis city
29510,18-49,141714,Missouri,St. Louis city
29510,5-17,37280,Missouri,St. Louis city
29510,50-64,53364,Missouri,St. Louis city
29510,65+,43622,Missouri,St. Louis city
30001,0-4,477,Montana,Beaverhead County
30001,18-49,3813,Montana,Beaverhead County
30001,5-17,1190,Montana,Beaverhead County
30001,50-64,1837,Montana,Beaverhead County
30001,65+,2273,Montana,Beaverhead County
30003,0-4,904,Montana,Big Horn County
30003,18-49,4819,Montana,Big Horn County
30003,5-17,3292,Montana,Big Horn County
30003,50-64,2175,Montana,Big Horn County
30003,65+,1773,Montana,Big Horn County
30005,0-4,530,Montana,Blaine County
30005,18-49,2640,Montana,Blaine County
30005,5-17,1527,Montana,Blaine County
30005,50-64,1153,Montana,Blaine County
30005,65+,1147,Montana,Blaine County
30007,0-4,361,Montana,Broadwater County
30007,18-49,2528,Montana,Broadwater County
30007,5-17,1035,Montana,Broadwater County
30007,50-64,1664,Montana,Broadwater County
30007,65+,1722,Montana,Broadwater County
30009,0-4,399,Montana,Carbon County
30009,18-49,3500,Montana,Carbon County
30009,5-17,1493,Montana,Carbon County
30009,50-64,2525,Montana,Carbon County
30009,65+,2960,Montana,Carbon County
30011,0-4,90,Montana,Carter County
30011,18-49,331,Montana,Carter County
30011,5-17,149,Montana,Carter County
30011,50-64,381,Montana,Carter County
30011,65+,410,Montana,Carter County
30013,0-4,5022,Montana,Cascade County
30013,18-49,33970,Montana,Cascade County
30013,5-17,13978,Montana,Cascade County
30013,50-64,15277,Montana,Cascade County
30013,65+,16354,Montana,Cascade County
30015,0-4,374,Montana,Chouteau County
30015,18-49,2071,Montana,Chouteau County
30015,5-17,993,Montana,Chouteau County
30015,50-64,1127,Montana,Chouteau County
30015,65+,1323,Montana,Chouteau County
30017,0-4,598,Montana,Custer County
30017,18-49,4651,Montana,Custer County
30017,5-17,1783,Montana,Custer County
30017,50-64,2472,Montana,Custer County
30017,65+,2434,Montana,Custer County
30019,0-4,36,Montana,Daniels County
30019,18-49,473,Montana,Daniels County
30019,5-17,271,Montana,Daniels County
30019,50-64,303,Montana,Daniels County
30019,65+,441,Montana,Daniels County
30021,0-4,452,Montana,Dawson County
30021,18-49,3364,Montana,Dawson County
30021,5-17,1418,Montana,Dawson County
30021,50-64,1807,Montana,Dawson County
30021,65+,1833,Montana,Dawson County
30023,0-4,337,Montana,Deer Lodge County
30023,18-49,3623,Montana,Deer Lodge County
30023,5-17,847,Montana,Deer Lodge County
30023,50-64,2283,Montana,Deer Lodge County
30023,65+,2422,Montana,Deer Lodge County
30025,0-4,196,Montana,Fallon County
30025,18-49,1108,Montana,Fallon County
30025,5-17,518,Montana,Fallon County
30025,50-64,425,Montana,Fallon County
30025,65+,570,Montana,Fallon County
30027,0-4,614,Montana,Fergus County
30027,18-49,3964,Montana,Fergus County
30027,5-17,1789,Montana,Fergus County
30027,50-64,2357,Montana,Fergus County
30027,65+,2857,Montana,Fergus County
30029,0-4,5806,Montana,Flathead County
30029,18-49,41003,Montana,Flathead County
30029,5-17,17791,Montana,Flathead County
30029,50-64,21326,Montana,Flathead County
30029,65+,22519,Montana,Flathead County
30031,0-4,5861,Montana,Gallatin County
30031,18-49,63772,Montana,Gallatin County
30031,5-17,17638,Montana,Gallatin County
30031,50-64,18693,Montana,Gallatin County
30031,65+,16230,Montana,Gallatin County
30033,0-4,73,Montana,Garfield County
30033,18-49,293,Montana,Garfield County
30033,5-17,148,Montana,Garfield County
30033,50-64,165,Montana,Garfield County
30033,65+,259,Montana,Garfield County
30035,0-4,1045,Montana,Glacier County
30035,18-49,5499,Montana,Glacier County
30035,5-17,3031,Montana,Glacier County
30035,50-64,2376,Montana,Glacier County
30035,65+,1762,Montana,Glacier County
30037,0-4,40,Montana,Golden Valley County
30037,18-49,250,Montana,Golden Valley County
30037,5-17,82,Montana,Golden Valley County
30037,50-64,231,Montana,Golden Valley County
30037,65+,237,Montana,Golden Valley County
30039,0-4,154,Montana,Granite County
30039,18-49,1074,Montana,Granite County
30039,5-17,363,Montana,Granite County
30039,50-64,771,Montana,Granite County
30039,65+,1057,Montana,Granite County
30041,0-4,1401,Montana,Hill County
30041,18-49,6283,Montana,Hill County
30041,5-17,3217,Montana,Hill County
30041,50-64,2767,Montana,Hill County
30041,65+,2592,Montana,Hill County
30043,0-4,551,Montana,Jefferson County
30043,18-49,4211,Montana,Jefferson County
30043,5-17,1975,Montana,Jefferson County
30043,50-64,2916,Montana,Jefferson County
30043,65+,2848,Montana,Jefferson County
30045,0-4,83,Montana,Judith Basin County
30045,18-49,561,Montana,Judith Basin County
30045,5-17,373,Montana,Judith Basin County
30045,50-64,454,Montana,Judith Basin County
30045,65+,582,Montana,Judith Basin County
30047,0-4,1633,Montana,Lake County
30047,18-49,10894,Montana,Lake County
30047,5-17,5604,Montana,Lake County
30047,50-64,6378,Montana,Lake County
30047,65+,7564,Montana,Lake County
30049,0-4,3941,Montana,Lewis and Clark County
30049,18-49,27948,Montana,Lewis and Clark County
30049,5-17,11601,Montana,Lewis and Clark County
30049,50-64,14638,Montana,Lewis and Clark County
30049,65+,14452,Montana,Lewis and Clark County
30051,0-4,165,Montana,Liberty County
30051,18-49,682,Montana,Liberty County
30051,5-17,415,Montana,Liberty County
30051,50-64,300,Montana,Liberty County
30051,65+,406,Montana,Liberty County
30053,0-4,909,Montana,Lincoln County
30053,18-49,5974,Montana,Lincoln County
30053,5-17,2816,Montana,Lincoln County
30053,50-64,4818,Montana,Lincoln County
30053,65+,6139,Montana,Lincoln County
30055,0-4,100,Montana,McCone County
30055,18-49,510,Montana,McCone County
30055,5-17,244,Montana,McCone County
30055,50-64,442,Montana,McCone County
30055,65+,522,Montana,McCone County
30057,0-4,342,Montana,Madison County
30057,18-49,2772,Montana,Madison County
30057,5-17,1067,Montana,Madison County
30057,50-64,2052,Montana,Madison County
30057,65+,2742,Montana,Madison County
30059,0-4,57,Montana,Meagher County
30059,18-49,546,Montana,Meagher County
30059,5-17,180,Montana,Meagher County
30059,50-64,514,Montana,Meagher County
30059,65+,682,Montana,Meagher County
30061,0-4,312,Montana,Mineral County
30061,18-49,1387,Montana,Mineral County
30061,5-17,687,Montana,Mineral County
30061,50-64,1063,Montana,Mineral County
30061,65+,1347,Montana,Mineral County
30063,0-4,5526,Montana,Missoula County
30063,18-49,57423,Montana,Missoula County
30063,5-17,16546,Montana,Missoula County
30063,50-64,20252,Montana,Missoula County
30063,65+,19892,Montana,Missoula County
30065,0-4,210,Montana,Musselshell County
30065,18-49,1495,Montana,Musselshell County
30065,5-17,781,Montana,Musselshell County
30065,50-64,1124,Montana,Musselshell County
30065,65+,1458,Montana,Musselshell County
30067,0-4,819,Montana,Park County
30067,18-49,6465,Montana,Park County
30067,5-17,2150,Montana,Park County
30067,50-64,3821,Montana,Park County
30067,65+,4229,Montana,Park County
30069,0-4,16,Montana,Petroleum County
30069,18-49,128,Montana,Petroleum County
30069,5-17,37,Montana,Petroleum County
30069,50-64,108,Montana,Petroleum County
30069,65+,112,Montana,Petroleum County
30071,0-4,264,Montana,Phillips County
30071,18-49,1367,Montana,Phillips County
30071,5-17,727,Montana,Phillips County
30071,50-64,866,Montana,Phillips County
30071,65+,1000,Montana,Phillips County
30073,0-4,388,Montana,Pondera County
30073,18-49,2084,Montana,Pondera County
30073,5-17,1024,Montana,Pondera County
30073,50-64,1219,Montana,Pondera County
30073,65+,1297,Montana,Pondera County
30075,0-4,92,Montana,Powder River County
30075,18-49,573,Montana,Powder River County
30075,5-17,233,Montana,Powder River County
30075,50-64,307,Montana,Powder River County
30075,65+,557,Montana,Powder River County
30077,0-4,242,Montana,Powell County
30077,18-49,2966,Montana,Powell County
30077,5-17,789,Montana,Powell County
30077,50-64,1562,Montana,Powell County
30077,65+,1470,Montana,Powell County
30079,0-4,51,Montana,Prairie County
30079,18-49,413,Montana,Prairie County
30079,5-17,219,Montana,Prairie County
30079,50-64,144,Montana,Prairie County
30079,65+,424,Montana,Prairie County
30081,0-4,1962,Montana,Ravalli County
30081,18-49,14796,Montana,Ravalli County
30081,5-17,6639,Montana,Ravalli County
30081,50-64,10286,Montana,Ravalli County
30081,65+,12124,Montana,Ravalli County
30083,0-4,665,Montana,Richland County
30083,18-49,4452,Montana,Richland County
30083,5-17,2199,Montana,Richland County
30083,50-64,2069,Montana,Richland County
30083,65+,1944,Montana,Richland County
30085,0-4,900,Montana,Roosevelt County
30085,18-49,4168,Montana,Roosevelt County
30085,5-17,2657,Montana,Roosevelt County
30085,50-64,1672,Montana,Roosevelt County
30085,65+,1268,Montana,Roosevelt County
30087,0-4,621,Montana,Rosebud County
30087,18-49,2932,Montana,Rosebud County
30087,5-17,1763,Montana,Rosebud County
30087,50-64,1543,Montana,Rosebud County
30087,65+,1377,Montana,Rosebud County
30089,0-4,495,Montana,Sanders County
30089,18-49,3592,Montana,Sanders County
30089,5-17,1738,Montana,Sanders County
30089,50-64,2926,Montana,Sanders County
30089,65+,4185,Montana,Sanders County
30091,0-4,275,Montana,Sheridan County
30091,18-49,1257,Montana,Sheridan County
30091,5-17,517,Montana,Sheridan County
30091,50-64,789,Montana,Sheridan County
30091,65+,839,Montana,Sheridan County
30093,0-4,1993,Montana,Silver Bow County
30093,18-49,14587,Montana,Silver Bow County
30093,5-17,5341,Montana,Silver Bow County
30093,50-64,6819,Montana,Silver Bow County
30093,65+,6849,Montana,Silver Bow County
30095,0-4,376,Montana,Stillwater County
30095,18-49,2918,Montana,Stillwater County
30095,5-17,1532,Montana,Stillwater County
30095,50-64,1967,Montana,Stillwater County
30095,65+,2259,Montana,Stillwater County
30097,0-4,197,Montana,Sweet Grass County
30097,18-49,1299,Montana,Sweet Grass County
30097,5-17,560,Montana,Sweet Grass County
30097,50-64,788,Montana,Sweet Grass County
30097,65+,869,Montana,Sweet Grass County
30099,0-4,410,Montana,Teton County
30099,18-49,2017,Montana,Teton County
30099,5-17,1164,Montana,Teton County
30099,50-64,1242,Montana,Teton County
30099,65+,1458,Montana,Teton County
30101,0-4,296,Montana,Toole County
30101,18-49,2177,Montana,Toole County
30101,5-17,719,Montana,Toole County
30101,50-64,959,Montana,Toole County
30101,65+,877,Montana,Toole County
30103,0-4,28,Montana,Treasure County
30103,18-49,239,Montana,Treasure County
30103,5-17,92,Montana,Treasure County
30103,50-64,230,Montana,Treasure County
30103,65+,172,Montana,Treasure County
30105,0-4,417,Montana,Valley County
30105,18-49,2556,Montana,Valley County
30105,5-17,1282,Montana,Valley County
30105,50-64,1452,Montana,Valley County
30105,65+,1833,Montana,Valley County
30107,0-4,61,Montana,Wheatland County
30107,18-49,648,Montana,Wheatland County
30107,5-17,387,Montana,Wheatland County
30107,50-64,361,Montana,Wheatland County
30107,65+,592,Montana,Wheatland County
30109,0-4,57,Montana,Wibaux County
30109,18-49,300,Montana,Wibaux County
30109,5-17,265,Montana,Wibaux County
30109,50-64,254,Montana,Wibaux County
30109,65+,272,Montana,Wibaux County
30111,0-4,9608,Montana,Yellowstone County
30111,18-49,68065,Montana,Yellowstone County
30111,5-17,29234,Montana,Yellowstone County
30111,50-64,30584,Montana,Yellowstone County
30111,65+,29849,Montana,Yellowstone County
31001,0-4,2006,Nebraska,Adams County
31001,18-49,11953,Nebraska,Adams County
31001,5-17,5467,Nebraska,Adams County
31001,50-64,5877,Nebraska,Adams County
31001,65+,5731,Nebraska,Adams County
31003,0-4,417,Nebraska,Antelope County
31003,18-49,2041,Nebraska,Antelope County
31003,5-17,1125,Nebraska,Antelope County
31003,50-64,1207,Nebraska,Antelope County
31003,65+,1512,Nebraska,Antelope County
31005,0-4,34,Nebraska,Arthur County
31005,18-49,151,Nebraska,Arthur County
31005,5-17,154,Nebraska,Arthur County
31005,50-64,97,Nebraska,Arthur County
31005,65+,104,Nebraska,Arthur County
31007,0-4,44,Nebraska,Banner County
31007,18-49,163,Nebraska,Banner County
31007,5-17,77,Nebraska,Banner County
31007,50-64,184,Nebraska,Banner County
31007,65+,189,Nebraska,Banner County
31009,0-4,22,Nebraska,Blaine County
31009,18-49,73,Nebraska,Blaine County
31009,5-17,53,Nebraska,Blaine County
31009,50-64,106,Nebraska,Blaine County
31009,65+,131,Nebraska,Blaine County
31011,0-4,314,Nebraska,Boone County
31011,18-49,1679,Nebraska,Boone County
31011,5-17,979,Nebraska,Boone County
31011,50-64,1132,Nebraska,Boone County
31011,65+,1262,Nebraska,Boone County
31013,0-4,561,Nebraska,Box Butte County
31013,18-49,3818,Nebraska,Box Butte County
31013,5-17,2144,Nebraska,Box Butte County
31013,50-64,2057,Nebraska,Box Butte County
31013,65+,2174,Nebraska,Box Butte County
31015,0-4,68,Nebraska,Boyd County
31015,18-49,479,Nebraska,Boyd County
31015,5-17,254,Nebraska,Boyd County
31015,50-64,327,Nebraska,Boyd County
31015,65+,576,Nebraska,Boyd County
31017,0-4,173,Nebraska,Brown County
31017,18-49,901,Nebraska,Brown County
31017,5-17,395,Nebraska,Brown County
31017,50-64,525,Nebraska,Brown County
31017,65+,745,Nebraska,Brown County
31019,0-4,3039,Nebraska,Buffalo County
31019,18-49,22711,Nebraska,Buffalo County
31019,5-17,8524,Nebraska,Buffalo County
31019,50-64,8004,Nebraska,Buffalo County
31019,65+,8045,Nebraska,Buffalo County
31021,0-4,344,Nebraska,Burt County
31021,18-49,2166,Nebraska,Burt County
31021,5-17,1197,Nebraska,Burt County
31021,50-64,1374,Nebraska,Burt County
31021,65+,1649,Nebraska,Burt County
31023,0-4,477,Nebraska,Butler County
31023,18-49,2970,Nebraska,Butler County
31023,5-17,1522,Nebraska,Butler County
31023,50-64,1726,Nebraska,Butler County
31023,65+,1718,Nebraska,Butler County
31025,0-4,1473,Nebraska,Cass County
31025,18-49,9823,Nebraska,Cass County
31025,5-17,4890,Nebraska,Cass County
31025,50-64,5835,Nebraska,Cass County
31025,65+,4942,Nebraska,Cass County
31027,0-4,528,Nebraska,Cedar County
31027,18-49,2694,Nebraska,Cedar County
31027,5-17,1611,Nebraska,Cedar County
31027,50-64,1682,Nebraska,Cedar County
31027,65+,1829,Nebraska,Cedar County
31029,0-4,228,Nebraska,Chase County
31029,18-49,1191,Nebraska,Chase County
31029,5-17,686,Nebraska,Chase County
31029,50-64,665,Nebraska,Chase County
31029,65+,869,Nebraska,Chase County
31031,0-4,320,Nebraska,Cherry County
31031,18-49,1876,Nebraska,Cherry County
31031,5-17,978,Nebraska,Cherry County
31031,50-64,1092,Nebraska,Cherry County
31031,65+,1202,Nebraska,Cherry County
31033,0-4,547,Nebraska,Cheyenne County
31033,18-49,3363,Nebraska,Cheyenne County
31033,5-17,1606,Nebraska,Cheyenne County
31033,50-64,1937,Nebraska,Cheyenne County
31033,65+,2025,Nebraska,Cheyenne County
31035,0-4,392,Nebraska,Clay County
31035,18-49,2059,Nebraska,Clay County
31035,5-17,1109,Nebraska,Clay County
31035,50-64,1272,Nebraska,Clay County
31035,65+,1252,Nebraska,Clay County
31037,0-4,848,Nebraska,Colfax County
31037,18-49,3539,Nebraska,Colfax County
31037,5-17,2362,Nebraska,Colfax County
31037,50-64,2370,Nebraska,Colfax County
31037,65+,1422,Nebraska,Colfax County
31039,0-4,692,Nebraska,Cuming County
31039,18-49,3092,Nebraska,Cuming County
31039,5-17,1546,Nebraska,Cuming County
31039,50-64,1736,Nebraska,Cuming County
31039,65+,1910,Nebraska,Cuming County
31041,0-4,705,Nebraska,Custer County
31041,18-49,3579,Nebraska,Custer County
31041,5-17,1847,Nebraska,Custer County
31041,50-64,2066,Nebraska,Custer County
31041,65+,2347,Nebraska,Custer County
31043,0-4,1789,Nebraska,Dakota County
31043,18-49,8766,Nebraska,Dakota County
31043,5-17,4471,Nebraska,Dakota County
31043,50-64,3538,Nebraska,Dakota County
31043,65+,2767,Nebraska,Dakota County
31045,0-4,446,Nebraska,Dawes County
31045,18-49,3822,Nebraska,Dawes County
31045,5-17,1033,Nebraska,Dawes County
31045,50-64,1317,Nebraska,Dawes County
31045,65+,1594,Nebraska,Dawes County
31047,0-4,1876,Nebraska,Dawson County
31047,18-49,9229,Nebraska,Dawson County
31047,5-17,4794,Nebraska,Dawson County
31047,50-64,4177,Nebraska,Dawson County
31047,65+,3944,Nebraska,Dawson County
31049,0-4,117,Nebraska,Deuel County
31049,18-49,529,Nebraska,Deuel County
31049,5-17,248,Nebraska,Deuel County
31049,50-64,479,Nebraska,Deuel County
31049,65+,492,Nebraska,Deuel County
31051,0-4,347,Nebraska,Dixon County
31051,18-49,1893,Nebraska,Dixon County
31051,5-17,1044,Nebraska,Dixon County
31051,50-64,1098,Nebraska,Dixon County
31051,65+,1179,Nebraska,Dixon County
31053,0-4,2377,Nebraska,Dodge County
31053,18-49,13725,Nebraska,Dodge County
31053,5-17,6964,Nebraska,Dodge County
31053,50-64,7013,Nebraska,Dodge County
31053,65+,7067,Nebraska,Dodge County
31055,0-4,40820,Nebraska,Douglas County
31055,18-49,255817,Nebraska,Douglas County
31055,5-17,108396,Nebraska,Douglas County
31055,50-64,99911,Nebraska,Douglas County
31055,65+,80517,Nebraska,Douglas County
31057,0-4,133,Nebraska,Dundy County
31057,18-49,613,Nebraska,Dundy County
31057,5-17,239,Nebraska,Dundy County
31057,50-64,378,Nebraska,Dundy County
31057,65+,448,Nebraska,Dundy County
31059,0-4,332,Nebraska,Fillmore County
31059,18-49,1928,Nebraska,Fillmore County
31059,5-17,754,Nebraska,Fillmore County
31059,50-64,1218,Nebraska,Fillmore County
31059,65+,1319,Nebraska,Fillmore County
31061,0-4,158,Nebraska,Franklin County
31061,18-49,879,Nebraska,Franklin County
31061,5-17,425,Nebraska,Franklin County
31061,50-64,607,Nebraska,Franklin County
31061,65+,799,Nebraska,Franklin County
31063,0-4,139,Nebraska,Frontier County
31063,18-49,900,Nebraska,Frontier County
31063,5-17,402,Nebraska,Frontier County
31063,50-64,469,Nebraska,Frontier County
31063,65+,652,Nebraska,Frontier County
31065,0-4,264,Nebraska,Furnas County
31065,18-49,1497,Nebraska,Furnas County
31065,5-17,750,Nebraska,Furnas County
31065,50-64,920,Nebraska,Furnas County
31065,65+,1174,Nebraska,Furnas County
31067,0-4,1179,Nebraska,Gage County
31067,18-49,7458,Nebraska,Gage County
31067,5-17,3782,Nebraska,Gage County
31067,50-64,4492,Nebraska,Gage County
31067,65+,4735,Nebraska,Gage County
31069,0-4,49,Nebraska,Garden County
31069,18-49,474,Nebraska,Garden County
31069,5-17,241,Nebraska,Garden County
31069,50-64,340,Nebraska,Garden County
31069,65+,516,Nebraska,Garden County
31071,0-4,86,Nebraska,Garfield County
31071,18-49,587,Nebraska,Garfield County
31071,5-17,302,Nebraska,Garfield County
31071,50-64,326,Nebraska,Garfield County
31071,65+,496,Nebraska,Garfield County
31073,0-4,89,Nebraska,Gosper County
31073,18-49,610,Nebraska,Gosper County
31073,5-17,275,Nebraska,Gosper County
31073,50-64,468,Nebraska,Gosper County
31073,65+,487,Nebraska,Gosper County
31075,0-4,50,Nebraska,Grant County
31075,18-49,255,Nebraska,Grant County
31075,5-17,113,Nebraska,Grant County
31075,50-64,134,Nebraska,Grant County
31075,65+,143,Nebraska,Grant County
31077,0-4,136,Nebraska,Greeley County
31077,18-49,706,Nebraska,Greeley County
31077,5-17,383,Nebraska,Greeley County
31077,50-64,415,Nebraska,Greeley County
31077,65+,571,Nebraska,Greeley County
31079,0-4,4705,Nebraska,Hall County
31079,18-49,24508,Nebraska,Hall County
31079,5-17,12515,Nebraska,Hall County
31079,50-64,11067,Nebraska,Hall County
31079,65+,9636,Nebraska,Hall County
31081,0-4,581,Nebraska,Hamilton County
31081,18-49,3327,Nebraska,Hamilton County
31081,5-17,1741,Nebraska,Hamilton County
31081,50-64,1855,Nebraska,Hamilton County
31081,65+,1934,Nebraska,Hamilton County
31083,0-4,175,Nebraska,Harlan County
31083,18-49,873,Nebraska,Harlan County
31083,5-17,525,Nebraska,Harlan County
31083,50-64,624,Nebraska,Harlan County
31083,65+,809,Nebraska,Harlan County
31085,0-4,48,Nebraska,Hayes County
31085,18-49,251,Nebraska,Hayes County
31085,5-17,140,Nebraska,Hayes County
31085,50-64,194,Nebraska,Hayes County
31085,65+,221,Nebraska,Hayes County
31087,0-4,160,Nebraska,Hitchcock County
31087,18-49,800,Nebraska,Hitchcock County
31087,5-17,464,Nebraska,Hitchcock County
31087,50-64,499,Nebraska,Hitchcock County
31087,65+,678,Nebraska,Hitchcock County
31089,0-4,657,Nebraska,Holt County
31089,18-49,3283,Nebraska,Holt County
31089,5-17,1890,Nebraska,Holt County
31089,50-64,1997,Nebraska,Holt County
31089,65+,2266,Nebraska,Holt County
31091,0-4,25,Nebraska,Hooker County
31091,18-49,254,Nebraska,Hooker County
31091,5-17,73,Nebraska,Hooker County
31091,50-64,92,Nebraska,Hooker County
31091,65+,169,Nebraska,Hooker County
31093,0-4,442,Nebraska,Howard County
31093,18-49,2148,Nebraska,Howard County
31093,5-17,1206,Nebraska,Howard County
31093,50-64,1256,Nebraska,Howard County
31093,65+,1440,Nebraska,Howard County
31095,0-4,418,Nebraska,Jefferson County
31095,18-49,2337,Nebraska,Jefferson County
31095,5-17,1210,Nebraska,Jefferson County
31095,50-64,1425,Nebraska,Jefferson County
31095,65+,1765,Nebraska,Jefferson County
31097,0-4,250,Nebraska,Johnson County
31097,18-49,2234,Nebraska,Johnson County
31097,5-17,775,Nebraska,Johnson County
31097,50-64,1034,Nebraska,Johnson County
31097,65+,970,Nebraska,Johnson County
31099,0-4,411,Nebraska,Kearney County
31099,18-49,2390,Nebraska,Kearney County
31099,5-17,1284,Nebraska,Kearney County
31099,50-64,1268,Nebraska,Kearney County
31099,65+,1344,Nebraska,Kearney County
31101,0-4,375,Nebraska,Keith County
31101,18-49,2499,Nebraska,Keith County
31101,5-17,1333,Nebraska,Keith County
31101,50-64,1760,Nebraska,Keith County
31101,65+,2272,Nebraska,Keith County
31103,0-4,45,Nebraska,Keya Paha County
31103,18-49,267,Nebraska,Keya Paha County
31103,5-17,190,Nebraska,Keya Paha County
31103,50-64,204,Nebraska,Keya Paha County
31103,65+,233,Nebraska,Keya Paha County
31105,0-4,133,Nebraska,Kimball County
31105,18-49,1089,Nebraska,Kimball County
31105,5-17,516,Nebraska,Kimball County
31105,50-64,698,Nebraska,Kimball County
31105,65+,912,Nebraska,Kimball County
31107,0-4,497,Nebraska,Knox County
31107,18-49,2621,Nebraska,Knox County
31107,5-17,1507,Nebraska,Knox County
31107,50-64,1614,Nebraska,Knox County
31107,65+,2123,Nebraska,Knox County
31109,0-4,19025,Nebraska,Lancaster County
31109,18-49,150464,Nebraska,Lancaster County
31109,5-17,54265,Nebraska,Lancaster County
31109,50-64,51714,Nebraska,Lancaster County
31109,65+,48205,Nebraska,Lancaster County
31111,0-4,1915,Nebraska,Lincoln County
31111,18-49,12480,Nebraska,Lincoln County
31111,5-17,5974,Nebraska,Lincoln County
31111,50-64,6751,Nebraska,Lincoln County
31111,65+,7002,Nebraska,Lincoln County
31113,0-4,50,Nebraska,Logan County
31113,18-49,230,Nebraska,Logan County
31113,5-17,175,Nebraska,Logan County
31113,50-64,186,Nebraska,Logan County
31113,65+,171,Nebraska,Logan County
31115,0-4,25,Nebraska,Loup County
31115,18-49,202,Nebraska,Loup County
31115,5-17,94,Nebraska,Loup County
31115,50-64,91,Nebraska,Loup County
31115,65+,152,Nebraska,Loup County
31117,0-4,13,Nebraska,McPherson County
31117,18-49,165,Nebraska,McPherson County
31117,5-17,82,Nebraska,McPherson County
31117,50-64,103,Nebraska,McPherson County
31117,65+,100,Nebraska,McPherson County
31119,0-4,2498,Nebraska,Madison County
31119,18-49,13923,Nebraska,Madison County
31119,5-17,6533,Nebraska,Madison County
31119,50-64,6538,Nebraska,Madison County
31119,65+,6043,Nebraska,Madison County
31121,0-4,440,Nebraska,Merrick County
31121,18-49,2715,Nebraska,Merrick County
31121,5-17,1316,Nebraska,Merrick County
31121,50-64,1590,Nebraska,Merrick County
31121,65+,1635,Nebraska,Merrick County
31123,0-4,287,Nebraska,Morrill County
31123,18-49,1668,Nebraska,Morrill County
31123,5-17,730,Nebraska,Morrill County
31123,50-64,889,Nebraska,Morrill County
31123,65+,970,Nebraska,Morrill County
31125,0-4,184,Nebraska,Nance County
31125,18-49,1123,Nebraska,Nance County
31125,5-17,598,Nebraska,Nance County
31125,50-64,735,Nebraska,Nance County
31125,65+,702,Nebraska,Nance County
31127,0-4,400,Nebraska,Nemaha County
31127,18-49,2823,Nebraska,Nemaha County
31127,5-17,1154,Nebraska,Nemaha County
31127,50-64,1210,Nebraska,Nemaha County
31127,65+,1448,Nebraska,Nemaha County
31129,0-4,195,Nebraska,Nuckolls County
31129,18-49,1261,Nebraska,Nuckolls County
31129,5-17,570,Nebraska,Nuckolls County
31129,50-64,904,Nebraska,Nuckolls County
31129,65+,1159,Nebraska,Nuckolls County
31131,0-4,907,Nebraska,Otoe County
31131,18-49,5674,Nebraska,Otoe County
31131,5-17,2988,Nebraska,Otoe County
31131,50-64,3221,Nebraska,Otoe County
31131,65+,3285,Nebraska,Otoe County
31133,0-4,176,Nebraska,Pawnee County
31133,18-49,733,Nebraska,Pawnee County
31133,5-17,436,Nebraska,Pawnee County
31133,50-64,474,Nebraska,Pawnee County
31133,65+,720,Nebraska,Pawnee County
31135,0-4,151,Nebraska,Perkins County
31135,18-49,975,Nebraska,Perkins County
31135,5-17,553,Nebraska,Perkins County
31135,50-64,494,Nebraska,Perkins County
31135,65+,662,Nebraska,Perkins County
31137,0-4,576,Nebraska,Phelps County
31137,18-49,3264,Nebraska,Phelps County
31137,5-17,1601,Nebraska,Phelps County
31137,50-64,1691,Nebraska,Phelps County
31137,65+,1851,Nebraska,Phelps County
31139,0-4,518,Nebraska,Pierce County
31139,18-49,2553,Nebraska,Pierce County
31139,5-17,1339,Nebraska,Pierce County
31139,50-64,1467,Nebraska,Pierce County
31139,65+,1435,Nebraska,Pierce County
31141,0-4,2343,Nebraska,Platte County
31141,18-49,12818,Nebraska,Platte County
31141,5-17,6817,Nebraska,Platte County
31141,50-64,6252,Nebraska,Platte County
31141,65+,6128,Nebraska,Platte County
31143,0-4,268,Nebraska,Polk County
31143,18-49,1772,Nebraska,Polk County
31143,5-17,896,Nebraska,Polk County
31143,50-64,1070,Nebraska,Polk County
31143,65+,1203,Nebraska,Polk County
31145,0-4,659,Nebraska,Red Willow County
31145,18-49,3931,Nebraska,Red Willow County
31145,5-17,1689,Nebraska,Red Willow County
31145,50-64,2107,Nebraska,Red Willow County
31145,65+,2225,Nebraska,Red Willow County
31147,0-4,394,Nebraska,Richardson County
31147,18-49,2518,Nebraska,Richardson County
31147,5-17,1296,Nebraska,Richardson County
31147,50-64,1685,Nebraska,Richardson County
31147,65+,1904,Nebraska,Richardson County
31149,0-4,79,Nebraska,Rock County
31149,18-49,404,Nebraska,Rock County
31149,5-17,221,Nebraska,Rock County
31149,50-64,289,Nebraska,Rock County
31149,65+,342,Nebraska,Rock County
31151,0-4,984,Nebraska,Saline County
31151,18-49,6079,Nebraska,Saline County
31151,5-17,2791,Nebraska,Saline County
31151,50-64,2514,Nebraska,Saline County
31151,65+,2274,Nebraska,Saline County
31153,0-4,12914,Nebraska,Sarpy County
31153,18-49,84617,Nebraska,Sarpy County
31153,5-17,38902,Nebraska,Sarpy County
31153,50-64,33384,Nebraska,Sarpy County
31153,65+,24234,Nebraska,Sarpy County
31155,0-4,1415,Nebraska,Saunders County
31155,18-49,8106,Nebraska,Saunders County
31155,5-17,4258,Nebraska,Saunders County
31155,50-64,4833,Nebraska,Saunders County
31155,65+,4149,Nebraska,Saunders County
31157,0-4,2262,Nebraska,Scotts Bluff County
31157,18-49,13316,Nebraska,Scotts Bluff County
31157,5-17,6464,Nebraska,Scotts Bluff County
31157,50-64,6553,Nebraska,Scotts Bluff County
31157,65+,7342,Nebraska,Scotts Bluff County
31159,0-4,968,Nebraska,Seward County
31159,18-49,7145,Nebraska,Seward County
31159,5-17,3183,Nebraska,Seward County
31159,50-64,3208,Nebraska,Seward County
31159,65+,3132,Nebraska,Seward County
31161,0-4,307,Nebraska,Sheridan County
31161,18-49,1630,Nebraska,Sheridan County
31161,5-17,775,Nebraska,Sheridan County
31161,50-64,972,Nebraska,Sheridan County
31161,65+,1374,Nebraska,Sheridan County
31163,0-4,172,Nebraska,Sherman County
31163,18-49,896,Nebraska,Sherman County
31163,5-17,479,Nebraska,Sherman County
31163,50-64,609,Nebraska,Sherman County
31163,65+,818,Nebraska,Sherman County
31165,0-4,95,Nebraska,Sioux County
31165,18-49,423,Nebraska,Sioux County
31165,5-17,171,Nebraska,Sioux County
31165,50-64,222,Nebraska,Sioux County
31165,65+,286,Nebraska,Sioux County
31167,0-4,330,Nebraska,Stanton County
31167,18-49,2015,Nebraska,Stanton County
31167,5-17,1076,Nebraska,Stanton County
31167,50-64,1235,Nebraska,Stanton County
31167,65+,1179,Nebraska,Stanton County
31169,0-4,264,Nebraska,Thayer County
31169,18-49,1544,Nebraska,Thayer County
31169,5-17,869,Nebraska,Thayer County
31169,50-64,1025,Nebraska,Thayer County
31169,65+,1236,Nebraska,Thayer County
31171,0-4,19,Nebraska,Thomas County
31171,18-49,230,Nebraska,Thomas County
31171,5-17,85,Nebraska,Thomas County
31171,50-64,85,Nebraska,Thomas County
31171,65+,207,Nebraska,Thomas County
31173,0-4,613,Nebraska,Thurston County
31173,18-49,2512,Nebraska,Thurston County
31173,5-17,1679,Nebraska,Thurston County
31173,50-64,1027,Nebraska,Thurston County
31173,65+,835,Nebraska,Thurston County
31175,0-4,235,Nebraska,Valley County
31175,18-49,1332,Nebraska,Valley County
31175,5-17,679,Nebraska,Valley County
31175,50-64,835,Nebraska,Valley County
31175,65+,1013,Nebraska,Valley County
31177,0-4,1153,Nebraska,Washington County
31177,18-49,7520,Nebraska,Washington County
31177,5-17,3936,Nebraska,Washington County
31177,50-64,4416,Nebraska,Washington County
31177,65+,3964,Nebraska,Washington County
31179,0-4,484,Nebraska,Wayne County
31179,18-49,4702,Nebraska,Wayne County
31179,5-17,1496,Nebraska,Wayne County
31179,50-64,1509,Nebraska,Wayne County
31179,65+,1595,Nebraska,Wayne County
31181,0-4,184,Nebraska,Webster County
31181,18-49,1131,Nebraska,Webster County
31181,5-17,587,Nebraska,Webster County
31181,50-64,721,Nebraska,Webster County
31181,65+,762,Nebraska,Webster County
31183,0-4,75,Nebraska,Wheeler County
31183,18-49,185,Nebraska,Wheeler County
31183,5-17,55,Nebraska,Wheeler County
31183,50-64,217,Nebraska,Wheeler County
31183,65+,253,Nebraska,Wheeler County
31185,0-4,887,Nebraska,York County
31185,18-49,5421,Nebraska,York County
31185,5-17,2422,Nebraska,York County
31185,50-64,2637,Nebraska,York County
31185,65+,2864,Nebraska,York County
32001,0-4,1589,Nevada,Churchill County
32001,18-49,9731,Nevada,Churchill County
32001,5-17,4182,Nevada,Churchill County
32001,50-64,5114,Nevada,Churchill County
32001,65+,4998,Nevada,Churchill County
32003,0-4,132177,Nevada,Clark County
32003,18-49,992904,Nevada,Clark County
32003,5-17,384769,Nevada,Clark County
32003,50-64,426562,Nevada,Clark County
32003,65+,357352,Nevada,Clark County
32005,0-4,1732,Nevada,Douglas County
32005,18-49,14727,Nevada,Douglas County
32005,5-17,5903,Nevada,Douglas County
32005,50-64,11598,Nevada,Douglas County
32005,65+,15664,Nevada,Douglas County
32007,0-4,3673,Nevada,Elko County
32007,18-49,22891,Nevada,Elko County
32007,5-17,10745,Nevada,Elko County
32007,50-64,9693,Nevada,Elko County
32007,65+,6850,Nevada,Elko County
32009,0-4,26,Nevada,Esmeralda County
32009,18-49,202,Nevada,Esmeralda County
32009,5-17,62,Nevada,Esmeralda County
32009,50-64,417,Nevada,Esmeralda County
32009,65+,255,Nevada,Esmeralda County
32011,0-4,92,Nevada,Eureka County
32011,18-49,474,Nevada,Eureka County
32011,5-17,252,Nevada,Eureka County
32011,50-64,458,Nevada,Eureka County
32011,65+,384,Nevada,Eureka County
32013,0-4,1167,Nevada,Humboldt County
32013,18-49,6778,Nevada,Humboldt County
32013,5-17,3372,Nevada,Humboldt County
32013,50-64,3202,Nevada,Humboldt County
32013,65+,2780,Nevada,Humboldt County
32015,0-4,293,Nevada,Lander County
32015,18-49,2284,Nevada,Lander County
32015,5-17,1266,Nevada,Lander County
32015,50-64,1144,Nevada,Lander County
32015,65+,758,Nevada,Lander County
32017,0-4,165,Nevada,Lincoln County
32017,18-49,1771,Nevada,Lincoln County
32017,5-17,815,Nevada,Lincoln County
32017,50-64,860,Nevada,Lincoln County
32017,65+,841,Nevada,Lincoln County
32019,0-4,3139,Nevada,Lyon County
32019,18-49,22782,Nevada,Lyon County
32019,5-17,9449,Nevada,Lyon County
32019,50-64,12092,Nevada,Lyon County
32019,65+,13168,Nevada,Lyon County
32021,0-4,344,Nevada,Mineral County
32021,18-49,1492,Nevada,Mineral County
32021,5-17,692,Nevada,Mineral County
32021,50-64,798,Nevada,Mineral County
32021,65+,1231,Nevada,Mineral County
32023,0-4,2197,Nevada,Nye County
32023,18-49,16025,Nevada,Nye County
32023,5-17,6537,Nevada,Nye County
32023,50-64,11979,Nevada,Nye County
32023,65+,16469,Nevada,Nye County
32027,0-4,305,Nevada,Pershing County
32027,18-49,2854,Nevada,Pershing County
32027,5-17,791,Nevada,Pershing County
32027,50-64,1475,Nevada,Pershing County
32027,65+,1080,Nevada,Pershing County
32029,0-4,130,Nevada,Storey County
32029,18-49,1249,Nevada,Storey County
32029,5-17,350,Nevada,Storey County
32029,50-64,794,Nevada,Storey County
32029,65+,1616,Nevada,Storey County
32031,0-4,26640,Nevada,Washoe County
32031,18-49,209519,Nevada,Washoe County
32031,5-17,76600,Nevada,Washoe County
32031,50-64,93930,Nevada,Washoe County
32031,65+,85081,Nevada,Washoe County
32033,0-4,308,Nevada,White Pine County
32033,18-49,3766,Nevada,White Pine County
32033,5-17,1340,Nevada,White Pine County
32033,50-64,1680,Nevada,White Pine County
32033,65+,1762,Nevada,White Pine County
32510,0-4,2980,Nevada,Carson City
32510,18-49,22543,Nevada,Carson City
32510,5-17,8789,Nevada,Carson City
32510,50-64,11924,Nevada,Carson City
32510,65+,12128,Nevada,Carson City
33001,0-4,2576,New Hampshire,Belknap County
33001,18-49,22080,New Hampshire,Belknap County
33001,5-17,8801,New Hampshire,Belknap County
33001,50-64,15817,New Hampshire,Belknap County
33001,65+,15026,New Hampshire,Belknap County
33003,0-4,1748,New Hampshire,Carroll County
33003,18-49,15051,New Hampshire,Carroll County
33003,5-17,5985,New Hampshire,Carroll County
33003,50-64,13050,New Hampshire,Carroll County
33003,65+,15425,New Hampshire,Carroll County
33005,0-4,3460,New Hampshire,Cheshire County
33005,18-49,29758,New Hampshire,Cheshire County
33005,5-17,10350,New Hampshire,Cheshire County
33005,50-64,16735,New Hampshire,Cheshire County
33005,65+,16642,New Hampshire,Cheshire County
33007,0-4,1176,New Hampshire,Coos County
33007,18-49,10712,New Hampshire,Coos County
33007,5-17,3854,New Hampshire,Coos County
33007,50-64,7729,New Hampshire,Coos County
33007,65+,7915,New Hampshire,Coos County
33009,0-4,3512,New Hampshire,Grafton County
33009,18-49,37092,New Hampshire,Grafton County
33009,5-17,11039,New Hampshire,Grafton County
33009,50-64,19471,New Hampshire,Grafton County
33009,65+,20645,New Hampshire,Grafton County
33011,0-4,21538,New Hampshire,Hillsborough County
33011,18-49,175799,New Hampshire,Hillsborough County
33011,5-17,63010,New Hampshire,Hillsborough County
33011,50-64,93326,New Hampshire,Hillsborough County
33011,65+,71059,New Hampshire,Hillsborough County
33013,0-4,6964,New Hampshire,Merrimack County
33013,18-49,62370,New Hampshire,Merrimack County
33013,5-17,21865,New Hampshire,Merrimack County
33013,50-64,33844,New Hampshire,Merrimack County
33013,65+,29975,New Hampshire,Merrimack County
33015,0-4,14428,New Hampshire,Rockingham County
33015,18-49,119216,New Hampshire,Rockingham County
33015,5-17,45128,New Hampshire,Rockingham County
33015,50-64,76386,New Hampshire,Rockingham County
33015,65+,62005,New Hampshire,Rockingham County
33017,0-4,5865,New Hampshire,Strafford County
33017,18-49,59766,New Hampshire,Strafford County
33017,5-17,17756,New Hampshire,Strafford County
33017,50-64,26585,New Hampshire,Strafford County
33017,65+,21771,New Hampshire,Strafford County
33019,0-4,1938,New Hampshire,Sullivan County
33019,18-49,15215,New Hampshire,Sullivan County
33019,5-17,5913,New Hampshire,Sullivan County
33019,50-64,10401,New Hampshire,Sullivan County
33019,65+,10062,New Hampshire,Sullivan County
34001,0-4,14330,New Jersey,Atlantic County
34001,18-49,104216,New Jersey,Atlantic County
34001,5-17,43285,New Jersey,Atlantic County
34001,50-64,59984,New Jersey,Atlantic County
34001,65+,52889,New Jersey,Atlantic County
34003,0-4,48738,New Jersey,Bergen County
34003,18-49,378270,New Jersey,Bergen County
34003,5-17,152091,New Jersey,Bergen County
34003,50-64,205270,New Jersey,Bergen County
34003,65+,170348,New Jersey,Bergen County
34005,0-4,23548,New Jersey,Burlington County
34005,18-49,184023,New Jersey,Burlington County
34005,5-17,72498,New Jersey,Burlington County
34005,50-64,101032,New Jersey,Burlington County
34005,65+,83125,New Jersey,Burlington County
34007,0-4,31250,New Jersey,Camden County
34007,18-49,215874,New Jersey,Camden County
34007,5-17,88256,New Jersey,Camden County
34007,50-64,103691,New Jersey,Camden County
34007,65+,84971,New Jersey,Camden County
34009,0-4,4131,New Jersey,Cape May County
34009,18-49,29545,New Jersey,Cape May County
34009,5-17,12388,New Jersey,Cape May County
34009,50-64,21940,New Jersey,Cape May County
34009,65+,27232,New Jersey,Cape May County
34011,0-4,9425,New Jersey,Cumberland County
34011,18-49,63301,New Jersey,Cumberland County
34011,5-17,27838,New Jersey,Cumberland County
34011,50-64,28545,New Jersey,Cumberland County
34011,65+,23806,New Jersey,Cumberland County
34013,0-4,53778,New Jersey,Essex County
34013,18-49,370077,New Jersey,Essex County
34013,5-17,148541,New Jersey,Essex County
34013,50-64,162351,New Jersey,Essex County
34013,65+,119383,New Jersey,Essex County
34015,0-4,15345,New Jersey,Gloucester County
34015,18-49,125270,New Jersey,Gloucester County
34015,5-17,49832,New Jersey,Gloucester County
34015,50-64,63946,New Jersey,Gloucester County
34015,65+,50111,New Jersey,Gloucester County
34017,0-4,45876,New Jersey,Hudson County
34017,18-49,360954,New Jersey,Hudson County
34017,5-17,96422,New Jersey,Hudson County
34017,50-64,118809,New Jersey,Hudson County
34017,65+,88417,New Jersey,Hudson County
34019,0-4,5641,New Jersey,Hunterdon County
34019,18-49,45893,New Jersey,Hunterdon County
34019,5-17,19207,New Jersey,Hunterdon County
34019,50-64,32634,New Jersey,Hunterdon County
34019,65+,26073,New Jersey,Hunterdon County
34021,0-4,21529,New Jersey,Mercer County
34021,18-49,162545,New Jersey,Mercer County
34021,5-17,62515,New Jersey,Mercer County
34021,50-64,76685,New Jersey,Mercer County
34021,65+,60012,New Jersey,Mercer County
34023,0-4,46940,New Jersey,Middlesex County
34023,18-49,368702,New Jersey,Middlesex County
34023,5-17,139545,New Jersey,Middlesex County
34023,50-64,170460,New Jersey,Middlesex County
34023,65+,135888,New Jersey,Middlesex County
34025,0-4,32114,New Jersey,Monmouth County
34025,18-49,240086,New Jersey,Monmouth County
34025,5-17,103353,New Jersey,Monmouth County
34025,50-64,148574,New Jersey,Monmouth County
34025,65+,119488,New Jersey,Monmouth County
34027,0-4,25471,New Jersey,Morris County
34027,18-49,198210,New Jersey,Morris County
34027,5-17,80690,New Jersey,Morris County
34027,50-64,115245,New Jersey,Morris County
34027,65+,90759,New Jersey,Morris County
34029,0-4,47219,New Jersey,Ocean County
34029,18-49,217106,New Jersey,Ocean County
34029,5-17,113780,New Jersey,Ocean County
34029,50-64,123610,New Jersey,Ocean County
34029,65+,144719,New Jersey,Ocean County
34031,0-4,33069,New Jersey,Passaic County
34031,18-49,214506,New Jersey,Passaic County
34031,5-17,89785,New Jersey,Passaic County
34031,50-64,100542,New Jersey,Passaic County
34031,65+,80387,New Jersey,Passaic County
34033,0-4,3598,New Jersey,Salem County
34033,18-49,24686,New Jersey,Salem County
34033,5-17,10623,New Jersey,Salem County
34033,50-64,13772,New Jersey,Salem County
34033,65+,12294,New Jersey,Salem County
34035,0-4,17145,New Jersey,Somerset County
34035,18-49,136546,New Jersey,Somerset County
34035,5-17,56952,New Jersey,Somerset County
34035,50-64,78225,New Jersey,Somerset County
34035,65+,57335,New Jersey,Somerset County
34037,0-4,6812,New Jersey,Sussex County
34037,18-49,54508,New Jersey,Sussex County
34037,5-17,21582,New Jersey,Sussex County
34037,50-64,35441,New Jersey,Sussex County
34037,65+,26774,New Jersey,Sussex County
34039,0-4,35338,New Jersey,Union County
34039,18-49,237593,New Jersey,Union County
34039,5-17,99438,New Jersey,Union County
34039,50-64,115336,New Jersey,Union County
34039,65+,84844,New Jersey,Union County
34041,0-4,5103,New Jersey,Warren County
34041,18-49,41493,New Jersey,Warren County
34041,5-17,16301,New Jersey,Warren County
34041,50-64,26380,New Jersey,Warren County
34041,65+,20961,New Jersey,Warren County
35001,0-4,33888,New Mexico,Bernalillo County
35001,18-49,288953,New Mexico,Bernalillo County
35001,5-17,105437,New Mexico,Bernalillo County
35001,50-64,126194,New Mexico,Bernalillo County
35001,65+,119885,New Mexico,Bernalillo County
35003,0-4,17,New Mexico,Catron County
35003,18-49,898,New Mexico,Catron County
35003,5-17,335,New Mexico,Catron County
35003,50-64,796,New Mexico,Catron County
35003,65+,1639,New Mexico,Catron County
35005,0-4,3903,New Mexico,Chaves County
35005,18-49,26498,New Mexico,Chaves County
35005,5-17,12228,New Mexico,Chaves County
35005,50-64,11354,New Mexico,Chaves County
35005,65+,10463,New Mexico,Chaves County
35006,0-4,1557,New Mexico,Cibola County
35006,18-49,11093,New Mexico,Cibola County
35006,5-17,4753,New Mexico,Cibola County
35006,50-64,4911,New Mexico,Cibola County
35006,65+,4745,New Mexico,Cibola County
35007,0-4,493,New Mexico,Colfax County
35007,18-49,4126,New Mexico,Colfax County
35007,5-17,1700,New Mexico,Colfax County
35007,50-64,2512,New Mexico,Colfax County
35007,65+,3505,New Mexico,Colfax County
35009,0-4,3745,New Mexico,Curry County
35009,18-49,21734,New Mexico,Curry County
35009,5-17,9053,New Mexico,Curry County
35009,50-64,7242,New Mexico,Curry County
35009,65+,6158,New Mexico,Curry County
35011,0-4,162,New Mexico,De Baca County
35011,18-49,604,New Mexico,De Baca County
35011,5-17,220,New Mexico,De Baca County
35011,50-64,216,New Mexico,De Baca County
35011,65+,378,New Mexico,De Baca County
35013,0-4,12931,New Mexico,Doña Ana County
35013,18-49,97375,New Mexico,Doña Ana County
35013,5-17,39200,New Mexico,Doña Ana County
35013,50-64,35005,New Mexico,Doña Ana County
35013,65+,37154,New Mexico,Doña Ana County
35015,0-4,4278,New Mexico,Eddy County
35015,18-49,25631,New Mexico,Eddy County
35015,5-17,11642,New Mexico,Eddy County
35015,50-64,10629,New Mexico,Eddy County
35015,65+,8934,New Mexico,Eddy County
35017,0-4,1178,New Mexico,Grant County
35017,18-49,9169,New Mexico,Grant County
35017,5-17,3844,New Mexico,Grant County
35017,50-64,5436,New Mexico,Grant County
35017,65+,8229,New Mexico,Grant County
35019,0-4,148,New Mexico,Guadalupe County
35019,18-49,1705,New Mexico,Guadalupe County
35019,5-17,790,New Mexico,Guadalupe County
35019,50-64,836,New Mexico,Guadalupe County
35019,65+,900,New Mexico,Guadalupe County
35021,0-4,20,New Mexico,Harding County
35021,18-49,242,New Mexico,Harding County
35021,5-17,153,New Mexico,Harding County
35021,50-64,125,New Mexico,Harding County
35021,65+,208,New Mexico,Harding County
35023,0-4,230,New Mexico,Hidalgo County
35023,18-49,1455,New Mexico,Hidalgo County
35023,5-17,650,New Mexico,Hidalgo County
35023,50-64,845,New Mexico,Hidalgo County
35023,65+,917,New Mexico,Hidalgo County
35025,0-4,5882,New Mexico,Lea County
35025,18-49,31740,New Mexico,Lea County
35025,5-17,15936,New Mexico,Lea County
35025,50-64,11382,New Mexico,Lea County
35025,65+,8214,New Mexico,Lea County
35027,0-4,823,New Mexico,Lincoln County
35027,18-49,5859,New Mexico,Lincoln County
35027,5-17,2613,New Mexico,Lincoln County
35027,50-64,4754,New Mexico,Lincoln County
35027,65+,6178,New Mexico,Lincoln County
35028,0-4,874,New Mexico,Los Alamos County
35028,18-49,7751,New Mexico,Los Alamos County
35028,5-17,3277,New Mexico,Los Alamos County
35028,50-64,3953,New Mexico,Los Alamos County
35028,65+,3519,New Mexico,Los Alamos County
35029,0-4,1921,New Mexico,Luna County
35029,18-49,9369,New Mexico,Luna County
35029,5-17,4662,New Mexico,Luna County
35029,50-64,4200,New Mexico,Luna County
35029,65+,5268,New Mexico,Luna County
35031,0-4,4211,New Mexico,McKinley County
35031,18-49,29992,New Mexico,McKinley County
35031,5-17,15408,New Mexico,McKinley County
35031,50-64,12138,New Mexico,McKinley County
35031,65+,9423,New Mexico,McKinley County
35033,0-4,109,New Mexico,Mora County
35033,18-49,1222,New Mexico,Mora County
35033,5-17,466,New Mexico,Mora County
35033,50-64,1013,New Mexico,Mora County
35033,65+,1366,New Mexico,Mora County
35035,0-4,4155,New Mexico,Otero County
35035,18-49,29680,New Mexico,Otero County
35035,5-17,10942,New Mexico,Otero County
35035,50-64,11735,New Mexico,Otero County
35035,65+,11723,New Mexico,Otero County
35037,0-4,303,New Mexico,Quay County
35037,18-49,2721,New Mexico,Quay County
35037,5-17,1478,New Mexico,Quay County
35037,50-64,1889,New Mexico,Quay County
35037,65+,2225,New Mexico,Quay County
35039,0-4,2011,New Mexico,Rio Arriba County
35039,18-49,14445,New Mexico,Rio Arriba County
35039,5-17,7069,New Mexico,Rio Arriba County
35039,50-64,8134,New Mexico,Rio Arriba County
35039,65+,8506,New Mexico,Rio Arriba County
35041,0-4,1172,New Mexico,Roosevelt County
35041,18-49,8646,New Mexico,Roosevelt County
35041,5-17,3661,New Mexico,Roosevelt County
35041,50-64,2726,New Mexico,Roosevelt County
35041,65+,2797,New Mexico,Roosevelt County
35043,0-4,7375,New Mexico,Sandoval County
35043,18-49,59073,New Mexico,Sandoval County
35043,5-17,26237,New Mexico,Sandoval County
35043,50-64,29143,New Mexico,Sandoval County
35043,65+,29710,New Mexico,Sandoval County
35045,0-4,7019,New Mexico,San Juan County
35045,18-49,48605,New Mexico,San Juan County
35045,5-17,23731,New Mexico,San Juan County
35045,50-64,22063,New Mexico,San Juan County
35045,65+,19760,New Mexico,San Juan County
35047,0-4,1141,New Mexico,San Miguel County
35047,18-49,10056,New Mexico,San Miguel County
35047,5-17,3418,New Mexico,San Miguel County
35047,50-64,5817,New Mexico,San Miguel County
35047,65+,6604,New Mexico,San Miguel County
35049,0-4,5877,New Mexico,Santa Fe County
35049,18-49,54462,New Mexico,Santa Fe County
35049,5-17,19699,New Mexico,Santa Fe County
35049,50-64,32796,New Mexico,Santa Fe County
35049,65+,42341,New Mexico,Santa Fe County
35051,0-4,420,New Mexico,Sierra County
35051,18-49,3215,New Mexico,Sierra County
35051,5-17,1371,New Mexico,Sierra County
35051,50-64,2254,New Mexico,Sierra County
35051,65+,4251,New Mexico,Sierra County
35053,0-4,790,New Mexico,Socorro County
35053,18-49,6426,New Mexico,Socorro County
35053,5-17,2740,New Mexico,Socorro County
35053,50-64,3064,New Mexico,Socorro County
35053,65+,3288,New Mexico,Socorro County
35055,0-4,1024,New Mexico,Taos County
35055,18-49,11166,New Mexico,Taos County
35055,5-17,4512,New Mexico,Taos County
35055,50-64,7570,New Mexico,Taos County
35055,65+,10244,New Mexico,Taos County
35057,0-4,722,New Mexico,Torrance County
35057,18-49,5628,New Mexico,Torrance County
35057,5-17,2436,New Mexico,Torrance County
35057,50-64,3128,New Mexico,Torrance County
35057,65+,3376,New Mexico,Torrance County
35059,0-4,273,New Mexico,Union County
35059,18-49,1481,New Mexico,Union County
35059,5-17,603,New Mexico,Union County
35059,50-64,771,New Mexico,Union County
35059,65+,911,New Mexico,Union County
35061,0-4,4297,New Mexico,Valencia County
35061,18-49,30460,New Mexico,Valencia County
35061,5-17,13404,New Mexico,Valencia County
35061,50-64,14884,New Mexico,Valencia County
35061,65+,14337,New Mexico,Valencia County
36001,0-4,14928,New York,Albany County
36001,18-49,142150,New York,Albany County
36001,5-17,42505,New York,Albany County
36001,50-64,59659,New York,Albany County
36001,65+,56132,New York,Albany County
36003,0-4,2396,New York,Allegany County
36003,18-49,19410,New York,Allegany County
36003,5-17,6948,New York,Allegany County
36003,50-64,8994,New York,Allegany County
36003,65+,9279,New York,Allegany County
36005,0-4,95128,New York,Bronx County
36005,18-49,615851,New York,Bronx County
36005,5-17,252235,New York,Bronx County
36005,50-64,258334,New York,Bronx County
36005,65+,197702,New York,Bronx County
36007,0-4,9700,New York,Broome County
36007,18-49,81982,New York,Broome County
36007,5-17,28453,New York,Broome County
36007,50-64,38230,New York,Broome County
36007,65+,39373,New York,Broome County
36009,0-4,4235,New York,Cattaraugus County
36009,18-49,27874,New York,Cattaraugus County
36009,5-17,12601,New York,Cattaraugus County
36009,50-64,16267,New York,Cattaraugus County
36009,65+,15502,New York,Cattaraugus County
36011,0-4,3656,New York,Cayuga County
36011,18-49,28428,New York,Cayuga County
36011,5-17,11073,New York,Cayuga County
36011,50-64,16798,New York,Cayuga County
36011,65+,15509,New York,Cayuga County
36013,0-4,6686,New York,Chautauqua County
36013,18-49,47128,New York,Chautauqua County
36013,5-17,19434,New York,Chautauqua County
36013,50-64,26606,New York,Chautauqua County
36013,65+,26475,New York,Chautauqua County
36015,0-4,4336,New York,Chemung County
36015,18-49,31567,New York,Chemung County
36015,5-17,13196,New York,Chemung County
36015,50-64,17210,New York,Chemung County
36015,65+,16496,New York,Chemung County
36017,0-4,2408,New York,Chenango County
36017,18-49,16380,New York,Chenango County
36017,5-17,7259,New York,Chenango County
36017,50-64,10519,New York,Chenango County
36017,65+,10119,New York,Chenango County
36019,0-4,3545,New York,Clinton County
36019,18-49,33249,New York,Clinton County
36019,5-17,10835,New York,Clinton County
36019,50-64,16885,New York,Clinton County
36019,65+,14447,New York,Clinton County
36021,0-4,2400,New York,Columbia County
36021,18-49,21172,New York,Columbia County
36021,5-17,7574,New York,Columbia County
36021,50-64,14531,New York,Columbia County
36021,65+,15568,New York,Columbia County
36023,0-4,2183,New York,Cortland County
36023,18-49,21086,New York,Cortland County
36023,5-17,6504,New York,Cortland County
36023,50-64,8859,New York,Cortland County
36023,65+,7769,New York,Cortland County
36025,0-4,1807,New York,Delaware County
36025,18-49,15654,New York,Delaware County
36025,5-17,5421,New York,Delaware County
36025,50-64,10227,New York,Delaware County
36025,65+,11442,New York,Delaware County
36027,0-4,13613,New York,Dutchess County
36027,18-49,120244,New York,Dutchess County
36027,5-17,41729,New York,Dutchess County
36027,50-64,66195,New York,Dutchess County
36027,65+,55363,New York,Dutchess County
36029,0-4,50387,New York,Erie County
36029,18-49,384583,New York,Erie County
36029,5-17,142166,New York,Erie County
36029,50-64,194232,New York,Erie County
36029,65+,178676,New York,Erie County
36031,0-4,1399,New York,Essex County
36031,18-49,12907,New York,Essex County
36031,5-17,4478,New York,Essex County
36031,50-64,8768,New York,Essex County
36031,65+,9525,New York,Essex County
36033,0-4,2291,New York,Franklin County
36033,18-49,18514,New York,Franklin County
36033,5-17,7265,New York,Franklin County
36033,50-64,10094,New York,Franklin County
36033,65+,8902,New York,Franklin County
36035,0-4,2460,New York,Fulton County
36035,18-49,19612,New York,Fulton County
36035,5-17,8175,New York,Fulton County
36035,50-64,11794,New York,Fulton County
36035,65+,10746,New York,Fulton County
36037,0-4,3002,New York,Genesee County
36037,18-49,21890,New York,Genesee County
36037,5-17,8840,New York,Genesee County
36037,50-64,12842,New York,Genesee County
36037,65+,11369,New York,Genesee County
36039,0-4,2030,New York,Greene County
36039,18-49,17632,New York,Greene County
36039,5-17,5744,New York,Greene County
36039,50-64,10999,New York,Greene County
36039,65+,11149,New York,Greene County
36041,0-4,159,New York,Hamilton County
36041,18-49,1384,New York,Hamilton County
36041,5-17,507,New York,Hamilton County
36041,50-64,1381,New York,Hamilton County
36041,65+,1671,New York,Hamilton County
36043,0-4,2912,New York,Herkimer County
36043,18-49,21429,New York,Herkimer County
36043,5-17,9424,New York,Herkimer County
36043,50-64,13222,New York,Herkimer County
36043,65+,12945,New York,Herkimer County
36045,0-4,8543,New York,Jefferson County
36045,18-49,52288,New York,Jefferson County
36045,5-17,19298,New York,Jefferson County
36045,50-64,19003,New York,Jefferson County
36045,65+,16998,New York,Jefferson County
36047,0-4,175887,New York,Kings County
36047,18-49,1204333,New York,Kings County
36047,5-17,419150,New York,Kings County
36047,50-64,450866,New York,Kings County
36047,65+,396070,New York,Kings County
36049,0-4,1582,New York,Lewis County
36049,18-49,9458,New York,Lewis County
36049,5-17,4568,New York,Lewis County
36049,50-64,5723,New York,Lewis County
36049,65+,5287,New York,Lewis County
36051,0-4,2714,New York,Livingston County
36051,18-49,25248,New York,Livingston County
36051,5-17,8367,New York,Livingston County
36051,50-64,13269,New York,Livingston County
36051,65+,11990,New York,Livingston County
36053,0-4,3115,New York,Madison County
36053,18-49,26741,New York,Madison County
36053,5-17,9436,New York,Madison County
36053,50-64,14947,New York,Madison County
36053,65+,13333,New York,Madison County
36055,0-4,39828,New York,Monroe County
36055,18-49,310835,New York,Monroe County
36055,5-17,115158,New York,Monroe County
36055,50-64,150495,New York,Monroe County
36055,65+,137752,New York,Monroe County
36057,0-4,3049,New York,Montgomery County
36057,18-49,18712,New York,Montgomery County
36057,5-17,8374,New York,Montgomery County
36057,50-64,9950,New York,Montgomery County
36057,65+,9376,New York,Montgomery County
36059,0-4,74107,New York,Nassau County
36059,18-49,539037,New York,Nassau County
36059,5-17,226032,New York,Nassau County
36059,50-64,295674,New York,Nassau County
36059,65+,253288,New York,Nassau County
36061,0-4,69934,New York,New York County
36061,18-49,818044,New York,New York County
36061,5-17,159585,New York,New York County
36061,50-64,290885,New York,New York County
36061,65+,289340,New York,New York County
36063,0-4,10743,New York,Niagara County
36063,18-49,79673,New York,Niagara County
36063,5-17,31493,New York,Niagara County
36063,50-64,46819,New York,Niagara County
36063,65+,42613,New York,Niagara County
36065,0-4,12713,New York,Oneida County
36065,18-49,88731,New York,Oneida County
36065,5-17,36829,New York,Oneida County
36065,50-64,46836,New York,Oneida County
36065,65+,44536,New York,Oneida County
36067,0-4,25989,New York,Onondaga County
36067,18-49,191176,New York,Onondaga County
36067,5-17,73606,New York,Onondaga County
36067,50-64,95059,New York,Onondaga County
36067,65+,85781,New York,Onondaga County
36069,0-4,5215,New York,Ontario County
36069,18-49,41596,New York,Ontario County
36069,5-17,16687,New York,Ontario County
36069,50-64,24716,New York,Ontario County
36069,65+,24191,New York,Ontario County
36071,0-4,27143,New York,Orange County
36071,18-49,163699,New York,Orange County
36071,5-17,76597,New York,Orange County
36071,50-64,78456,New York,Orange County
36071,65+,57945,New York,Orange County
36073,0-4,1852,New York,Orleans County
36073,18-49,15086,New York,Orleans County
36073,5-17,5739,New York,Orleans County
36073,50-64,9467,New York,Orleans County
36073,65+,7542,New York,Orleans County
36075,0-4,6194,New York,Oswego County
36075,18-49,47025,New York,Oswego County
36075,5-17,18226,New York,Oswego County
36075,50-64,25925,New York,Oswego County
36075,65+,20575,New York,Oswego County
36077,0-4,2401,New York,Otsego County
36077,18-49,26068,New York,Otsego County
36077,5-17,6708,New York,Otsego County
36077,50-64,11861,New York,Otsego County
36077,65+,12700,New York,Otsego County
36079,0-4,4521,New York,Putnam County
36079,18-49,37305,New York,Putnam County
36079,5-17,14659,New York,Putnam County
36079,50-64,23182,New York,Putnam County
36079,65+,18321,New York,Putnam County
36081,0-4,130458,New York,Queens County
36081,18-49,993797,New York,Queens County
36081,5-17,330477,New York,Queens County
36081,50-64,475612,New York,Queens County
36081,65+,399780,New York,Queens County
36083,0-4,7895,New York,Rensselaer County
36083,18-49,67815,New York,Rensselaer County
36083,5-17,22947,New York,Rensselaer County
36083,50-64,33034,New York,Rensselaer County
36083,65+,28650,New York,Rensselaer County
36085,0-4,26826,New York,Richmond County
36085,18-49,199418,New York,Richmond County
36085,5-17,80517,New York,Richmond County
36085,50-64,103070,New York,Richmond County
36085,65+,82903,New York,Richmond County
36087,0-4,28957,New York,Rockland County
36087,18-49,126154,New York,Rockland County
36087,5-17,70776,New York,Rockland County
36087,50-64,60214,New York,Rockland County
36087,65+,52835,New York,Rockland County
36089,0-4,5287,New York,St. Lawrence County
36089,18-49,44635,New York,St. Lawrence County
36089,5-17,16401,New York,St. Lawrence County
36089,50-64,21659,New York,St. Lawrence County
36089,65+,19814,New York,St. Lawrence County
36091,0-4,11066,New York,Saratoga County
36091,18-49,92795,New York,Saratoga County
36091,5-17,34841,New York,Saratoga County
36091,50-64,52426,New York,Saratoga County
36091,65+,45947,New York,Saratoga County
36093,0-4,9253,New York,Schenectady County
36093,18-49,65632,New York,Schenectady County
36093,5-17,25191,New York,Schenectady County
36093,50-64,31436,New York,Schenectady County
36093,65+,28091,New York,Schenectady County
36095,0-4,1283,New York,Schoharie County
36095,18-49,11159,New York,Schoharie County
36095,5-17,3962,New York,Schoharie County
36095,50-64,6591,New York,Schoharie County
36095,65+,6984,New York,Schoharie County
36097,0-4,845,New York,Schuyler County
36097,18-49,6133,New York,Schuyler County
36097,5-17,2529,New York,Schuyler County
36097,50-64,4247,New York,Schuyler County
36097,65+,3995,New York,Schuyler County
36099,0-4,1819,New York,Seneca County
36099,18-49,12362,New York,Seneca County
36099,5-17,4960,New York,Seneca County
36099,50-64,7102,New York,Seneca County
36099,65+,6882,New York,Seneca County
36101,0-4,5080,New York,Steuben County
36101,18-49,33855,New York,Steuben County
36101,5-17,15020,New York,Steuben County
36101,50-64,20184,New York,Steuben County
36101,65+,18895,New York,Steuben County
36103,0-4,81002,New York,Suffolk County
36103,18-49,599848,New York,Suffolk County
36103,5-17,238322,New York,Suffolk County
36103,50-64,339975,New York,Suffolk County
36103,65+,266533,New York,Suffolk County
36105,0-4,4656,New York,Sullivan County
36105,18-49,30207,New York,Sullivan County
36105,5-17,12291,New York,Sullivan County
36105,50-64,16935,New York,Sullivan County
36105,65+,15058,New York,Sullivan County
36107,0-4,2479,New York,Tioga County
36107,18-49,17155,New York,Tioga County
36107,5-17,7362,New York,Tioga County
36107,50-64,10907,New York,Tioga County
36107,65+,10203,New York,Tioga County
36109,0-4,3712,New York,Tompkins County
36109,18-49,55106,New York,Tompkins County
36109,5-17,11276,New York,Tompkins County
36109,50-64,16291,New York,Tompkins County
36109,65+,16494,New York,Tompkins County
36111,0-4,7926,New York,Ulster County
36111,18-49,72335,New York,Ulster County
36111,5-17,23710,New York,Ulster County
36111,50-64,40331,New York,Ulster County
36111,65+,37807,New York,Ulster County
36113,0-4,2769,New York,Warren County
36113,18-49,23384,New York,Warren County
36113,5-17,8837,New York,Warren County
36113,50-64,15116,New York,Warren County
36113,65+,15454,New York,Warren County
36115,0-4,2771,New York,Washington County
36115,18-49,22852,New York,Washington County
36115,5-17,8532,New York,Washington County
36115,50-64,14010,New York,Washington County
36115,65+,12718,New York,Washington County
36117,0-4,4957,New York,Wayne County
36117,18-49,32607,New York,Wayne County
36117,5-17,14374,New York,Wayne County
36117,50-64,20800,New York,Wayne County
36117,65+,18390,New York,Wayne County
36119,0-4,53282,New York,Westchester County
36119,18-49,395845,New York,Westchester County
36119,5-17,161457,New York,Westchester County
36119,50-64,209676,New York,Westchester County
36119,65+,176628,New York,Westchester County
36121,0-4,1890,New York,Wyoming County
36121,18-49,15731,New York,Wyoming County
36121,5-17,5587,New York,Wyoming County
36121,50-64,8836,New York,Wyoming County
36121,65+,7936,New York,Wyoming County
36123,0-4,1557,New York,Yates County
36123,18-49,8565,New York,Yates County
36123,5-17,4069,New York,Yates County
36123,50-64,5054,New York,Yates County
36123,65+,5392,New York,Yates County
37001,0-4,9957,North Carolina,Alamance County
37001,18-49,71677,North Carolina,Alamance County
37001,5-17,28824,North Carolina,Alamance County
37001,50-64,34314,North Carolina,Alamance County
37001,65+,29514,North Carolina,Alamance County
37003,0-4,1781,North Carolina,Alexander County
37003,18-49,13904,North Carolina,Alexander County
37003,5-17,5358,North Carolina,Alexander County
37003,50-64,7897,North Carolina,Alexander County
37003,65+,7500,North Carolina,Alexander County
37005,0-4,465,North Carolina,Alleghany County
37005,18-49,3421,North Carolina,Alleghany County
37005,5-17,1373,North Carolina,Alleghany County
37005,50-64,2524,North Carolina,Alleghany County
37005,65+,3292,North Carolina,Alleghany County
37007,0-4,1145,North Carolina,Anson County
37007,18-49,8673,North Carolina,Anson County
37007,5-17,3292,North Carolina,Anson County
37007,50-64,4431,North Carolina,Anson County
37007,65+,4362,North Carolina,Anson County
37009,0-4,1034,North Carolina,Ashe County
37009,18-49,8949,North Carolina,Ashe County
37009,5-17,3518,North Carolina,Ashe County
37009,50-64,6094,North Carolina,Ashe County
37009,65+,7236,North Carolina,Ashe County
37011,0-4,674,North Carolina,Avery County
37011,18-49,7126,North Carolina,Avery County
37011,5-17,1896,North Carolina,Avery County
37011,50-64,3888,North Carolina,Avery County
37011,65+,4059,North Carolina,Avery County
37013,0-4,2111,North Carolina,Beaufort County
37013,18-49,15146,North Carolina,Beaufort County
37013,5-17,6538,North Carolina,Beaufort County
37013,50-64,9672,North Carolina,Beaufort County
37013,65+,11130,North Carolina,Beaufort County
37015,0-4,712,North Carolina,Bertie County
37015,18-49,6594,North Carolina,Bertie County
37015,5-17,2151,North Carolina,Bertie County
37015,50-64,3780,North Carolina,Bertie County
37015,65+,4245,North Carolina,Bertie County
37017,0-4,1440,North Carolina,Bladen County
37017,18-49,10501,North Carolina,Bladen County
37017,5-17,4666,North Carolina,Bladen County
37017,50-64,6126,North Carolina,Bladen County
37017,65+,6858,North Carolina,Bladen County
37019,0-4,5377,North Carolina,Brunswick County
37019,18-49,41629,North Carolina,Brunswick County
37019,5-17,15570,North Carolina,Brunswick County
37019,50-64,34796,North Carolina,Brunswick County
37019,65+,48517,North Carolina,Brunswick County
37021,0-4,12489,North Carolina,Buncombe County
37021,18-49,112887,North Carolina,Buncombe County
37021,5-17,36650,North Carolina,Buncombe County
37021,50-64,53192,North Carolina,Buncombe County
37021,65+,56572,North Carolina,Buncombe County
37023,0-4,4216,North Carolina,Burke County
37023,18-49,33240,North Carolina,Burke County
37023,5-17,12089,North Carolina,Burke County
37023,50-64,19659,North Carolina,Burke County
37023,65+,18659,North Carolina,Burke County
37025,0-4,14153,North Carolina,Cabarrus County
37025,18-49,98087,North Carolina,Cabarrus County
37025,5-17,44532,North Carolina,Cabarrus County
37025,50-64,43511,North Carolina,Cabarrus County
37025,65+,30979,North Carolina,Cabarrus County
37027,0-4,3959,North Carolina,Caldwell County
37027,18-49,29472,North Carolina,Caldwell County
37027,5-17,12080,North Carolina,Caldwell County
37027,50-64,18047,North Carolina,Caldwell County
37027,65+,17060,North Carolina,Caldwell County
37029,0-4,592,North Carolina,Camden County
37029,18-49,4225,North Carolina,Camden County
37029,5-17,2016,North Carolina,Camden County
37029,50-64,2196,North Carolina,Camden County
37029,65+,1714,North Carolina,Camden County
37031,0-4,2577,North Carolina,Carteret County
37031,18-49,22457,North Carolina,Carteret County
37031,5-17,9130,North Carolina,Carteret County
37031,50-64,16437,North Carolina,Carteret County
37031,65+,18051,North Carolina,Carteret County
37033,0-4,1054,North Carolina,Caswell County
37033,18-49,8415,North Carolina,Caswell County
37033,5-17,3102,North Carolina,Caswell County
37033,50-64,5022,North Carolina,Caswell County
37033,65+,5096,North Carolina,Caswell County
37035,0-4,8762,North Carolina,Catawba County
37035,18-49,62433,North Carolina,Catawba County
37035,5-17,26669,North Carolina,Catawba County
37035,50-64,34330,North Carolina,Catawba County
37035,65+,29857,North Carolina,Catawba County
37037,0-4,3568,North Carolina,Chatham County
37037,18-49,26179,North Carolina,Chatham County
37037,5-17,11846,North Carolina,Chatham County
37037,50-64,17195,North Carolina,Chatham County
37037,65+,19531,North Carolina,Chatham County
37039,0-4,1118,North Carolina,Cherokee County
37039,18-49,8557,North Carolina,Cherokee County
37039,5-17,3581,North Carolina,Cherokee County
37039,50-64,6813,North Carolina,Cherokee County
37039,65+,9128,North Carolina,Cherokee County
37041,0-4,630,North Carolina,Chowan County
37041,18-49,4477,North Carolina,Chowan County
37041,5-17,2065,North Carolina,Chowan County
37041,50-64,2872,North Carolina,Chowan County
37041,65+,3770,North Carolina,Chowan County
37043,0-4,510,North Carolina,Clay County
37043,18-49,3216,North Carolina,Clay County
37043,5-17,1338,North Carolina,Clay County
37043,50-64,2648,North Carolina,Clay County
37043,65+,3679,North Carolina,Clay County
37045,0-4,5807,North Carolina,Cleveland County
37045,18-49,38119,North Carolina,Cleveland County
37045,5-17,16559,North Carolina,Cleveland County
37045,50-64,20911,North Carolina,Cleveland County
37045,65+,18774,North Carolina,Cleveland County
37047,0-4,2645,North Carolina,Columbus County
37047,18-49,19273,North Carolina,Columbus County
37047,5-17,7797,North Carolina,Columbus County
37047,50-64,10428,North Carolina,Columbus County
37047,65+,10310,North Carolina,Columbus County
37049,0-4,6143,North Carolina,Craven County
37049,18-49,39850,North Carolina,Craven County
37049,5-17,15755,North Carolina,Craven County
37049,50-64,18651,North Carolina,Craven County
37049,65+,20675,North Carolina,Craven County
37051,0-4,24819,North Carolina,Cumberland County
37051,18-49,157135,North Carolina,Cumberland County
37051,5-17,59797,North Carolina,Cumberland County
37051,50-64,52254,North Carolina,Cumberland County
37051,65+,42744,North Carolina,Cumberland County
37053,0-4,1470,North Carolina,Currituck County
37053,18-49,10919,North Carolina,Currituck County
37053,5-17,5084,North Carolina,Currituck County
37053,50-64,7033,North Carolina,Currituck County
37053,65+,5106,North Carolina,Currituck County
37055,0-4,1543,North Carolina,Dare County
37055,18-49,12659,North Carolina,Dare County
37055,5-17,5259,North Carolina,Dare County
37055,50-64,8965,North Carolina,Dare County
37055,65+,9108,North Carolina,Dare County
37057,0-4,9159,North Carolina,Davidson County
37057,18-49,64449,North Carolina,Davidson County
37057,5-17,28121,North Carolina,Davidson County
37057,50-64,37494,North Carolina,Davidson County
37057,65+,31840,North Carolina,Davidson County
37059,0-4,2149,North Carolina,Davie County
37059,18-49,15274,North Carolina,Davie County
37059,5-17,7001,North Carolina,Davie County
37059,50-64,9632,North Carolina,Davie County
37059,65+,9470,North Carolina,Davie County
37061,0-4,3058,North Carolina,Duplin County
37061,18-49,18052,North Carolina,Duplin County
37061,5-17,8576,North Carolina,Duplin County
37061,50-64,9728,North Carolina,Duplin County
37061,65+,9639,North Carolina,Duplin County
37063,0-4,19813,North Carolina,Durham County
37063,18-49,160623,North Carolina,Durham County
37063,5-17,46537,North Carolina,Durham County
37063,50-64,56193,North Carolina,Durham County
37063,65+,46239,North Carolina,Durham County
37065,0-4,2817,North Carolina,Edgecombe County
37065,18-49,17635,North Carolina,Edgecombe County
37065,5-17,8367,North Carolina,Edgecombe County
37065,50-64,9976,North Carolina,Edgecombe County
37065,65+,9982,North Carolina,Edgecombe County
37067,0-4,22235,North Carolina,Forsyth County
37067,18-49,159477,North Carolina,Forsyth County
37067,5-17,65979,North Carolina,Forsyth County
37067,50-64,74815,North Carolina,Forsyth County
37067,65+,64234,North Carolina,Forsyth County
37069,0-4,4019,North Carolina,Franklin County
37069,18-49,28474,North Carolina,Franklin County
37069,5-17,11725,North Carolina,Franklin County
37069,50-64,15468,North Carolina,Franklin County
37069,65+,12276,North Carolina,Franklin County
37071,0-4,13413,North Carolina,Gaston County
37071,18-49,94151,North Carolina,Gaston County
37071,5-17,38814,North Carolina,Gaston County
37071,50-64,47349,North Carolina,Gaston County
37071,65+,37758,North Carolina,Gaston County
37073,0-4,370,North Carolina,Gates County
37073,18-49,3479,North Carolina,Gates County
37073,5-17,1665,North Carolina,Gates County
37073,50-64,2627,North Carolina,Gates County
37073,65+,2296,North Carolina,Gates County
37075,0-4,312,North Carolina,Graham County
37075,18-49,2925,North Carolina,Graham County
37075,5-17,1167,North Carolina,Graham County
37075,50-64,1641,North Carolina,Graham County
37075,65+,1996,North Carolina,Graham County
37077,0-4,3166,North Carolina,Granville County
37077,18-49,24368,North Carolina,Granville County
37077,5-17,9481,North Carolina,Granville County
37077,50-64,13810,North Carolina,Granville County
37077,65+,10614,North Carolina,Granville County
37079,0-4,975,North Carolina,Greene County
37079,18-49,9114,North Carolina,Greene County
37079,5-17,2889,North Carolina,Greene County
37079,50-64,3983,North Carolina,Greene County
37079,65+,3460,North Carolina,Greene County
37081,0-4,30540,North Carolina,Guilford County
37081,18-49,235601,North Carolina,Guilford County
37081,5-17,89785,North Carolina,Guilford County
37081,50-64,102228,North Carolina,Guilford County
37081,65+,84833,North Carolina,Guilford County
37083,0-4,2634,North Carolina,Halifax County
37083,18-49,17369,North Carolina,Halifax County
37083,5-17,7617,North Carolina,Halifax County
37083,50-64,10173,North Carolina,Halifax County
37083,65+,10426,North Carolina,Halifax County
37085,0-4,9624,North Carolina,Harnett County
37085,18-49,59751,North Carolina,Harnett County
37085,5-17,25367,North Carolina,Harnett County
37085,50-64,23461,North Carolina,Harnett County
37085,65+,18300,North Carolina,Harnett County
37087,0-4,2630,North Carolina,Haywood County
37087,18-49,21674,North Carolina,Haywood County
37087,5-17,8505,North Carolina,Haywood County
37087,50-64,13796,North Carolina,Haywood County
37087,65+,15827,North Carolina,Haywood County
37089,0-4,5429,North Carolina,Henderson County
37089,18-49,40092,North Carolina,Henderson County
37089,5-17,16849,North Carolina,Henderson County
37089,50-64,24465,North Carolina,Henderson County
37089,65+,30552,North Carolina,Henderson County
37091,0-4,939,North Carolina,Hertford County
37091,18-49,8051,North Carolina,Hertford County
37091,5-17,2939,North Carolina,Hertford County
37091,50-64,4197,North Carolina,Hertford County
37091,65+,4366,North Carolina,Hertford County
37093,0-4,4290,North Carolina,Hoke County
37093,18-49,23722,North Carolina,Hoke County
37093,5-17,10142,North Carolina,Hoke County
37093,50-64,8894,North Carolina,Hoke County
37093,65+,6054,North Carolina,Hoke County
37095,0-4,124,North Carolina,Hyde County
37095,18-49,1563,North Carolina,Hyde County
37095,5-17,721,North Carolina,Hyde County
37095,50-64,1163,North Carolina,Hyde County
37095,65+,1054,North Carolina,Hyde County
37097,0-4,10242,North Carolina,Iredell County
37097,18-49,75888,North Carolina,Iredell County
37097,5-17,32906,North Carolina,Iredell County
37097,50-64,41219,North Carolina,Iredell County
37097,65+,31545,North Carolina,Iredell County
37099,0-4,1625,North Carolina,Jackson County
37099,18-49,19318,North Carolina,Jackson County
37099,5-17,5561,North Carolina,Jackson County
37099,50-64,7786,North Carolina,Jackson County
37099,65+,8799,North Carolina,Jackson County
37101,0-4,13793,North Carolina,Johnston County
37101,18-49,94244,North Carolina,Johnston County
37101,5-17,43159,North Carolina,Johnston County
37101,50-64,44812,North Carolina,Johnston County
37101,65+,30615,North Carolina,Johnston County
37103,0-4,470,North Carolina,Jones County
37103,18-49,3195,North Carolina,Jones County
37103,5-17,1230,North Carolina,Jones County
37103,50-64,2148,North Carolina,Jones County
37103,65+,2202,North Carolina,Jones County
37105,0-4,3987,North Carolina,Lee County
37105,18-49,25368,North Carolina,Lee County
37105,5-17,11435,North Carolina,Lee County
37105,50-64,12878,North Carolina,Lee County
37105,65+,10897,North Carolina,Lee County
37107,0-4,3138,North Carolina,Lenoir County
37107,18-49,19593,North Carolina,Lenoir County
37107,5-17,9322,North Carolina,Lenoir County
37107,50-64,11288,North Carolina,Lenoir County
37107,65+,11576,North Carolina,Lenoir County
37109,0-4,4557,North Carolina,Lincoln County
37109,18-49,33956,North Carolina,Lincoln County
37109,5-17,14212,North Carolina,Lincoln County
37109,50-64,20466,North Carolina,Lincoln County
37109,65+,17168,North Carolina,Lincoln County
37111,0-4,2056,North Carolina,McDowell County
37111,18-49,16914,North Carolina,McDowell County
37111,5-17,6762,North Carolina,McDowell County
37111,50-64,9690,North Carolina,McDowell County
37111,65+,9257,North Carolina,McDowell County
37113,0-4,1660,North Carolina,Macon County
37113,18-49,11974,North Carolina,Macon County
37113,5-17,5117,North Carolina,Macon County
37113,50-64,7950,North Carolina,Macon County
37113,65+,10832,North Carolina,Macon County
37115,0-4,965,North Carolina,Madison County
37115,18-49,8396,North Carolina,Madison County
37115,5-17,2829,North Carolina,Madison County
37115,50-64,4445,North Carolina,Madison County
37115,65+,5005,North Carolina,Madison County
37117,0-4,1070,North Carolina,Martin County
37117,18-49,7313,North Carolina,Martin County
37117,5-17,3352,North Carolina,Martin County
37117,50-64,4594,North Carolina,Martin County
37117,65+,5444,North Carolina,Martin County
37119,0-4,72625,North Carolina,Mecklenburg County
37119,18-49,538584,North Carolina,Mecklenburg County
37119,5-17,188238,North Carolina,Mecklenburg County
37119,50-64,199178,North Carolina,Mecklenburg County
37119,65+,132281,North Carolina,Mecklenburg County
37121,0-4,669,North Carolina,Mitchell County
37121,18-49,5140,North Carolina,Mitchell County
37121,5-17,2009,North Carolina,Mitchell County
37121,50-64,3343,North Carolina,Mitchell County
37121,65+,3812,North Carolina,Mitchell County
37123,0-4,1311,North Carolina,Montgomery County
37123,18-49,9379,North Carolina,Montgomery County
37123,5-17,4082,North Carolina,Montgomery County
37123,50-64,5457,North Carolina,Montgomery County
37123,65+,5645,North Carolina,Montgomery County
37125,0-4,6003,North Carolina,Moore County
37125,18-49,36846,North Carolina,Moore County
37125,5-17,16372,North Carolina,Moore County
37125,50-64,18888,North Carolina,Moore County
37125,65+,24731,North Carolina,Moore County
37127,0-4,5372,North Carolina,Nash County
37127,18-49,36487,North Carolina,Nash County
37127,5-17,15717,North Carolina,Nash County
37127,50-64,19785,North Carolina,Nash County
37127,65+,18090,North Carolina,Nash County
37129,0-4,10780,North Carolina,New Hanover County
37129,18-49,101378,North Carolina,New Hanover County
37129,5-17,31392,North Carolina,New Hanover County
37129,50-64,44424,North Carolina,New Hanover County
37129,65+,43240,North Carolina,New Hanover County
37131,0-4,832,North Carolina,Northampton County
37131,18-49,5225,North Carolina,Northampton County
37131,5-17,2253,North Carolina,Northampton County
37131,50-64,3993,North Carolina,Northampton County
37131,65+,4909,North Carolina,Northampton County
37133,0-4,16720,North Carolina,Onslow County
37133,18-49,112771,North Carolina,Onslow County
37133,5-17,34051,North Carolina,Onslow County
37133,50-64,24688,North Carolina,Onslow County
37133,65+,20307,North Carolina,Onslow County
37135,0-4,6168,North Carolina,Orange County
37135,18-49,68913,North Carolina,Orange County
37135,5-17,22343,North Carolina,Orange County
37135,50-64,26767,North Carolina,Orange County
37135,65+,23101,North Carolina,Orange County
37137,0-4,420,North Carolina,Pamlico County
37137,18-49,3755,North Carolina,Pamlico County
37137,5-17,1332,North Carolina,Pamlico County
37137,50-64,3033,North Carolina,Pamlico County
37137,65+,3775,North Carolina,Pamlico County
37139,0-4,2483,North Carolina,Pasquotank County
37139,18-49,16937,North Carolina,Pasquotank County
37139,5-17,6339,North Carolina,Pasquotank County
37139,50-64,7689,North Carolina,Pasquotank County
37139,65+,7382,North Carolina,Pasquotank County
37141,0-4,3461,North Carolina,Pender County
37141,18-49,24366,North Carolina,Pender County
37141,5-17,10808,North Carolina,Pender County
37141,50-64,13391,North Carolina,Pender County
37141,65+,11449,North Carolina,Pender County
37143,0-4,598,North Carolina,Perquimans County
37143,18-49,4010,North Carolina,Perquimans County
37143,5-17,1871,North Carolina,Perquimans County
37143,50-64,2935,North Carolina,Perquimans County
37143,65+,3732,North Carolina,Perquimans County
37145,0-4,2070,North Carolina,Person County
37145,18-49,14254,North Carolina,Person County
37145,5-17,6063,North Carolina,Person County
37145,50-64,8638,North Carolina,Person County
37145,65+,8250,North Carolina,Person County
37147,0-4,9709,North Carolina,Pitt County
37147,18-49,82164,North Carolina,Pitt County
37147,5-17,27341,North Carolina,Pitt County
37147,50-64,28453,North Carolina,Pitt County
37147,65+,24612,North Carolina,Pitt County
37149,0-4,700,North Carolina,Polk County
37149,18-49,5782,North Carolina,Polk County
37149,5-17,2366,North Carolina,Polk County
37149,50-64,4529,North Carolina,Polk County
37149,65+,6312,North Carolina,Polk County
37151,0-4,8177,North Carolina,Randolph County
37151,18-49,55159,North Carolina,Randolph County
37151,5-17,24387,North Carolina,Randolph County
37151,50-64,31230,North Carolina,Randolph County
37151,65+,26369,North Carolina,Randolph County
37153,0-4,2601,North Carolina,Richmond County
37153,18-49,16609,North Carolina,Richmond County
37153,5-17,7510,North Carolina,Richmond County
37153,50-64,8452,North Carolina,Richmond County
37153,65+,7646,North Carolina,Richmond County
37155,0-4,7975,North Carolina,Robeson County
37155,18-49,46922,North Carolina,Robeson County
37155,5-17,21863,North Carolina,Robeson County
37155,50-64,21608,North Carolina,Robeson County
37155,65+,18490,North Carolina,Robeson County
37157,0-4,4582,North Carolina,Rockingham County
37157,18-49,33253,North Carolina,Rockingham County
37157,5-17,14150,North Carolina,Rockingham County
37157,50-64,20592,North Carolina,Rockingham County
37157,65+,19008,North Carolina,Rockingham County
37159,0-4,8352,North Carolina,Rowan County
37159,18-49,58495,North Carolina,Rowan County
37159,5-17,24748,North Carolina,Rowan County
37159,50-64,30886,North Carolina,Rowan County
37159,65+,26006,North Carolina,Rowan County
37161,0-4,3241,North Carolina,Rutherford County
37161,18-49,23013,North Carolina,Rutherford County
37161,5-17,9897,North Carolina,Rutherford County
37161,50-64,14365,North Carolina,Rutherford County
37161,65+,14334,North Carolina,Rutherford County
37163,0-4,3755,North Carolina,Sampson County
37163,18-49,22498,North Carolina,Sampson County
37163,5-17,10735,North Carolina,Sampson County
37163,50-64,11621,North Carolina,Sampson County
37163,65+,10636,North Carolina,Sampson County
37165,0-4,2189,North Carolina,Scotland County
37165,18-49,14006,North Carolina,Scotland County
37165,5-17,5545,North Carolina,Scotland County
37165,50-64,6479,North Carolina,Scotland County
37165,65+,6134,North Carolina,Scotland County
37167,0-4,3568,North Carolina,Stanly County
37167,18-49,24651,North Carolina,Stanly County
37167,5-17,10235,North Carolina,Stanly County
37167,50-64,13001,North Carolina,Stanly County
37167,65+,12102,North Carolina,Stanly County
37169,0-4,1872,North Carolina,Stokes County
37169,18-49,15717,North Carolina,Stokes County
37169,5-17,6495,North Carolina,Stokes County
37169,50-64,10706,North Carolina,Stokes County
37169,65+,10099,North Carolina,Stokes County
37171,0-4,3736,North Carolina,Surry County
37171,18-49,26101,North Carolina,Surry County
37171,5-17,11365,North Carolina,Surry County
37171,50-64,15486,North Carolina,Surry County
37171,65+,14719,North Carolina,Surry County
37173,0-4,683,North Carolina,Swain County
37173,18-49,5436,North Carolina,Swain County
37173,5-17,2417,North Carolina,Swain County
37173,50-64,2758,North Carolina,Swain County
37173,65+,2771,North Carolina,Swain County
37175,0-4,1324,North Carolina,Transylvania County
37175,18-49,10740,North Carolina,Transylvania County
37175,5-17,3936,North Carolina,Transylvania County
37175,50-64,6996,North Carolina,Transylvania County
37175,65+,10247,North Carolina,Transylvania County
37177,0-4,170,North Carolina,Tyrrell County
37177,18-49,1403,North Carolina,Tyrrell County
37177,5-17,390,North Carolina,Tyrrell County
37177,50-64,551,North Carolina,Tyrrell County
37177,65+,862,North Carolina,Tyrrell County
37179,0-4,13362,North Carolina,Union County
37179,18-49,98829,North Carolina,Union County
37179,5-17,50347,North Carolina,Union County
37179,50-64,50036,North Carolina,Union County
37179,65+,32401,North Carolina,Union County
37181,0-4,2777,North Carolina,Vance County
37181,18-49,15749,North Carolina,Vance County
37181,5-17,7411,North Carolina,Vance County
37181,50-64,8466,North Carolina,Vance County
37181,65+,7958,North Carolina,Vance County
37183,0-4,67090,North Carolina,Wake County
37183,18-49,524764,North Carolina,Wake County
37183,5-17,202173,North Carolina,Wake County
37183,50-64,212928,North Carolina,Wake County
37183,65+,144054,North Carolina,Wake County
37185,0-4,822,North Carolina,Warren County
37185,18-49,6193,North Carolina,Warren County
37185,5-17,2569,North Carolina,Warren County
37185,50-64,4120,North Carolina,Warren County
37185,65+,5047,North Carolina,Warren County
37187,0-4,241,North Carolina,Washington County
37187,18-49,3523,North Carolina,Washington County
37187,5-17,1777,North Carolina,Washington County
37187,50-64,2380,North Carolina,Washington County
37187,65+,2984,North Carolina,Washington County
37189,0-4,1623,North Carolina,Watauga County
37189,18-49,29899,North Carolina,Watauga County
37189,5-17,5146,North Carolina,Watauga County
37189,50-64,8801,North Carolina,Watauga County
37189,65+,9138,North Carolina,Watauga County
37191,0-4,7523,North Carolina,Wayne County
37191,18-49,47682,North Carolina,Wayne County
37191,5-17,20382,North Carolina,Wayne County
37191,50-64,22328,North Carolina,Wayne County
37191,65+,19691,North Carolina,Wayne County
37193,0-4,3270,North Carolina,Wilkes County
37193,18-49,23763,North Carolina,Wilkes County
37193,5-17,9933,North Carolina,Wilkes County
37193,50-64,14036,North Carolina,Wilkes County
37193,65+,14981,North Carolina,Wilkes County
37195,0-4,4639,North Carolina,Wilson County
37195,18-49,30000,North Carolina,Wilson County
37195,5-17,13467,North Carolina,Wilson County
37195,50-64,15604,North Carolina,Wilson County
37195,65+,14938,North Carolina,Wilson County
37197,0-4,1857,North Carolina,Yadkin County
37197,18-49,13456,North Carolina,Yadkin County
37197,5-17,5897,North Carolina,Yadkin County
37197,50-64,8453,North Carolina,Yadkin County
37197,65+,7756,North Carolina,Yadkin County
37199,0-4,953,North Carolina,Yancey County
37199,18-49,6268,North Carolina,Yancey County
37199,5-17,2491,North Carolina,Yancey County
37199,50-64,4018,North Carolina,Yancey County
37199,65+,4946,North Carolina,Yancey County
38001,0-4,133,North Dakota,Adams County
38001,18-49,613,North Dakota,Adams County
38001,5-17,342,North Dakota,Adams County
38001,50-64,478,North Dakota,Adams County
38001,65+,613,North Dakota,Adams County
38003,0-4,475,North Dakota,Barnes County
38003,18-49,4067,North Dakota,Barnes County
38003,5-17,1657,North Dakota,Barnes County
38003,50-64,2139,North Dakota,Barnes County
38003,65+,2456,North Dakota,Barnes County
38005,0-4,560,North Dakota,Benson County
38005,18-49,1995,North Dakota,Benson County
38005,5-17,1422,North Dakota,Benson County
38005,50-64,982,North Dakota,Benson County
38005,65+,902,North Dakota,Benson County
38007,0-4,62,North Dakota,Billings County
38007,18-49,344,North Dakota,Billings County
38007,5-17,105,North Dakota,Billings County
38007,50-64,181,North Dakota,Billings County
38007,65+,256,North Dakota,Billings County
38009,0-4,374,North Dakota,Bottineau County
38009,18-49,2128,North Dakota,Bottineau County
38009,5-17,1050,North Dakota,Bottineau County
38009,50-64,1253,North Dakota,Bottineau County
38009,65+,1585,North Dakota,Bottineau County
38011,0-4,195,North Dakota,Bowman County
38011,18-49,981,North Dakota,Bowman County
38011,5-17,520,North Dakota,Bowman County
38011,50-64,540,North Dakota,Bowman County
38011,65+,699,North Dakota,Bowman County
38013,0-4,113,North Dakota,Burke County
38013,18-49,699,North Dakota,Burke County
38013,5-17,458,North Dakota,Burke County
38013,50-64,434,North Dakota,Burke County
38013,65+,459,North Dakota,Burke County
38015,0-4,6077,North Dakota,Burleigh County
38015,18-49,41051,North Dakota,Burleigh County
38015,5-17,17176,North Dakota,Burleigh County
38015,50-64,17474,North Dakota,Burleigh County
38015,65+,17208,North Dakota,Burleigh County
38017,0-4,12178,North Dakota,Cass County
38017,18-49,94791,North Dakota,Cass County
38017,5-17,30188,North Dakota,Cass County
38017,50-64,27975,North Dakota,Cass County
38017,65+,24154,North Dakota,Cass County
38019,0-4,245,North Dakota,Cavalier County
38019,18-49,1043,North Dakota,Cavalier County
38019,5-17,604,North Dakota,Cavalier County
38019,50-64,771,North Dakota,Cavalier County
38019,65+,1000,North Dakota,Cavalier County
38021,0-4,284,North Dakota,Dickey County
38021,18-49,1862,North Dakota,Dickey County
38021,5-17,897,North Dakota,Dickey County
38021,50-64,944,North Dakota,Dickey County
38021,65+,972,North Dakota,Dickey County
38023,0-4,153,North Dakota,Divide County
38023,18-49,665,North Dakota,Divide County
38023,5-17,342,North Dakota,Divide County
38023,50-64,480,North Dakota,Divide County
38023,65+,534,North Dakota,Divide County
38025,0-4,349,North Dakota,Dunn County
38025,18-49,1446,North Dakota,Dunn County
38025,5-17,681,North Dakota,Dunn County
38025,50-64,813,North Dakota,Dunn County
38025,65+,754,North Dakota,Dunn County
38027,0-4,105,North Dakota,Eddy County
38027,18-49,751,North Dakota,Eddy County
38027,5-17,359,North Dakota,Eddy County
38027,50-64,482,North Dakota,Eddy County
38027,65+,622,North Dakota,Eddy County
38029,0-4,166,North Dakota,Emmons County
38029,18-49,985,North Dakota,Emmons County
38029,5-17,444,North Dakota,Emmons County
38029,50-64,731,North Dakota,Emmons County
38029,65+,943,North Dakota,Emmons County
38031,0-4,186,North Dakota,Foster County
38031,18-49,1138,North Dakota,Foster County
38031,5-17,551,North Dakota,Foster County
38031,50-64,719,North Dakota,Foster County
38031,65+,778,North Dakota,Foster County
38033,0-4,110,North Dakota,Golden Valley County
38033,18-49,523,North Dakota,Golden Valley County
38033,5-17,260,North Dakota,Golden Valley County
38033,50-64,362,North Dakota,Golden Valley County
38033,65+,424,North Dakota,Golden Valley County
38035,0-4,4581,North Dakota,Grand Forks County
38035,18-49,36606,North Dakota,Grand Forks County
38035,5-17,10875,North Dakota,Grand Forks County
38035,50-64,10507,North Dakota,Grand Forks County
38035,65+,10195,North Dakota,Grand Forks County
38037,0-4,107,North Dakota,Grant County
38037,18-49,659,North Dakota,Grant County
38037,5-17,397,North Dakota,Grant County
38037,50-64,456,North Dakota,Grant County
38037,65+,657,North Dakota,Grant County
38039,0-4,124,North Dakota,Griggs County
38039,18-49,616,North Dakota,Griggs County
38039,5-17,414,North Dakota,Griggs County
38039,50-64,512,North Dakota,Griggs County
38039,65+,674,North Dakota,Griggs County
38041,0-4,150,North Dakota,Hettinger County
38041,18-49,875,North Dakota,Hettinger County
38041,5-17,314,North Dakota,Hettinger County
38041,50-64,471,North Dakota,Hettinger County
38041,65+,643,North Dakota,Hettinger County
38043,0-4,160,North Dakota,Kidder County
38043,18-49,678,North Dakota,Kidder County
38043,5-17,405,North Dakota,Kidder County
38043,50-64,492,North Dakota,Kidder County
38043,65+,639,North Dakota,Kidder County
38045,0-4,263,North Dakota,LaMoure County
38045,18-49,1245,North Dakota,LaMoure County
38045,5-17,695,North Dakota,LaMoure County
38045,50-64,798,North Dakota,LaMoure County
38045,65+,1106,North Dakota,LaMoure County
38047,0-4,126,North Dakota,Logan County
38047,18-49,550,North Dakota,Logan County
38047,5-17,249,North Dakota,Logan County
38047,50-64,410,North Dakota,Logan County
38047,65+,513,North Dakota,Logan County
38049,0-4,273,North Dakota,McHenry County
38049,18-49,1748,North Dakota,McHenry County
38049,5-17,980,North Dakota,McHenry County
38049,50-64,1115,North Dakota,McHenry County
38049,65+,1148,North Dakota,McHenry County
38051,0-4,118,North Dakota,McIntosh County
38051,18-49,717,North Dakota,McIntosh County
38051,5-17,343,North Dakota,McIntosh County
38051,50-64,555,North Dakota,McIntosh County
38051,65+,779,North Dakota,McIntosh County
38053,0-4,1356,North Dakota,McKenzie County
38053,18-49,6188,North Dakota,McKenzie County
38053,5-17,3105,North Dakota,McKenzie County
38053,50-64,2326,North Dakota,McKenzie County
38053,65+,1305,North Dakota,McKenzie County
38055,0-4,495,North Dakota,McLean County
38055,18-49,3119,North Dakota,McLean County
38055,5-17,1613,North Dakota,McLean County
38055,50-64,2069,North Dakota,McLean County
38055,65+,2511,North Dakota,McLean County
38057,0-4,481,North Dakota,Mercer County
38057,18-49,2825,North Dakota,Mercer County
38057,5-17,1454,North Dakota,Mercer County
38057,50-64,1757,North Dakota,Mercer County
38057,65+,1824,North Dakota,Mercer County
38059,0-4,1987,North Dakota,Morton County
38059,18-49,13882,North Dakota,Morton County
38059,5-17,5926,North Dakota,Morton County
38059,50-64,6056,North Dakota,Morton County
38059,65+,5628,North Dakota,Morton County
38061,0-4,771,North Dakota,Mountrail County
38061,18-49,3899,North Dakota,Mountrail County
38061,5-17,1960,North Dakota,Mountrail County
38061,50-64,1688,North Dakota,Mountrail County
38061,65+,1249,North Dakota,Mountrail County
38063,0-4,142,North Dakota,Nelson County
38063,18-49,869,North Dakota,Nelson County
38063,5-17,477,North Dakota,Nelson County
38063,50-64,687,North Dakota,Nelson County
38063,65+,840,North Dakota,Nelson County
38065,0-4,129,North Dakota,Oliver County
38065,18-49,492,North Dakota,Oliver County
38065,5-17,347,North Dakota,Oliver County
38065,50-64,383,North Dakota,Oliver County
38065,65+,470,North Dakota,Oliver County
38067,0-4,364,North Dakota,Pembina County
38067,18-49,2224,North Dakota,Pembina County
38067,5-17,1090,North Dakota,Pembina County
38067,50-64,1376,North Dakota,Pembina County
38067,65+,1733,North Dakota,Pembina County
38069,0-4,205,North Dakota,Pierce County
38069,18-49,1363,North Dakota,Pierce County
38069,5-17,647,North Dakota,Pierce County
38069,50-64,770,North Dakota,Pierce County
38069,65+,976,North Dakota,Pierce County
38071,0-4,773,North Dakota,Ramsey County
38071,18-49,4140,North Dakota,Ramsey County
38071,5-17,1928,North Dakota,Ramsey County
38071,50-64,2212,North Dakota,Ramsey County
38071,65+,2510,North Dakota,Ramsey County
38073,0-4,315,North Dakota,Ransom County
38073,18-49,2013,North Dakota,Ransom County
38073,5-17,967,North Dakota,Ransom County
38073,50-64,1145,North Dakota,Ransom County
38073,65+,1222,North Dakota,Ransom County
38075,0-4,104,North Dakota,Renville County
38075,18-49,809,North Dakota,Renville County
38075,5-17,413,North Dakota,Renville County
38075,50-64,495,North Dakota,Renville County
38075,65+,456,North Dakota,Renville County
38077,0-4,908,North Dakota,Richland County
38077,18-49,6607,North Dakota,Richland County
38077,5-17,2715,North Dakota,Richland County
38077,50-64,3081,North Dakota,Richland County
38077,65+,3239,North Dakota,Richland County
38079,0-4,936,North Dakota,Rolette County
38079,18-49,4478,North Dakota,Rolette County
38079,5-17,3015,North Dakota,Rolette County
38079,50-64,2066,North Dakota,Rolette County
38079,65+,1570,North Dakota,Rolette County
38081,0-4,222,North Dakota,Sargent County
38081,18-49,1378,North Dakota,Sargent County
38081,5-17,559,North Dakota,Sargent County
38081,50-64,796,North Dakota,Sargent County
38081,65+,867,North Dakota,Sargent County
38083,0-4,60,North Dakota,Sheridan County
38083,18-49,414,North Dakota,Sheridan County
38083,5-17,163,North Dakota,Sheridan County
38083,50-64,270,North Dakota,Sheridan County
38083,65+,420,North Dakota,Sheridan County
38085,0-4,316,North Dakota,Sioux County
38085,18-49,1470,North Dakota,Sioux County
38085,5-17,995,North Dakota,Sioux County
38085,50-64,659,North Dakota,Sioux County
38085,65+,349,North Dakota,Sioux County
38087,0-4,14,North Dakota,Slope County
38087,18-49,229,North Dakota,Slope County
38087,5-17,127,North Dakota,Slope County
38087,50-64,206,North Dakota,Slope County
38087,65+,219,North Dakota,Slope County
38089,0-4,2734,North Dakota,Stark County
38089,18-49,14078,North Dakota,Stark County
38089,5-17,6443,North Dakota,Stark County
38089,50-64,5406,North Dakota,Stark County
38089,65+,4455,North Dakota,Stark County
38091,0-4,105,North Dakota,Steele County
38091,18-49,554,North Dakota,Steele County
38091,5-17,259,North Dakota,Steele County
38091,50-64,314,North Dakota,Steele County
38091,65+,499,North Dakota,Steele County
38093,0-4,1256,North Dakota,Stutsman County
38093,18-49,8453,North Dakota,Stutsman County
38093,5-17,3267,North Dakota,Stutsman County
38093,50-64,4220,North Dakota,Stutsman County
38093,65+,4329,North Dakota,Stutsman County
38095,0-4,117,North Dakota,Towner County
38095,18-49,515,North Dakota,Towner County
38095,5-17,411,North Dakota,Towner County
38095,50-64,543,North Dakota,Towner County
38095,65+,527,North Dakota,Towner County
38097,0-4,472,North Dakota,Traill County
38097,18-49,3008,North Dakota,Traill County
38097,5-17,1305,North Dakota,Traill County
38097,50-64,1596,North Dakota,Traill County
38097,65+,1599,North Dakota,Traill County
38099,0-4,625,North Dakota,Walsh County
38099,18-49,3390,North Dakota,Walsh County
38099,5-17,1838,North Dakota,Walsh County
38099,50-64,2375,North Dakota,Walsh County
38099,65+,2260,North Dakota,Walsh County
38101,0-4,4946,North Dakota,Ward County
38101,18-49,32346,North Dakota,Ward County
38101,5-17,11802,North Dakota,Ward County
38101,50-64,10683,North Dakota,Ward County
38101,65+,9455,North Dakota,Ward County
38103,0-4,255,North Dakota,Wells County
38103,18-49,1129,North Dakota,Wells County
38103,5-17,668,North Dakota,Wells County
38103,50-64,881,North Dakota,Wells County
38103,65+,1009,North Dakota,Wells County
38105,0-4,3617,North Dakota,Williams County
38105,18-49,17938,North Dakota,Williams County
38105,5-17,8198,North Dakota,Williams County
38105,50-64,5729,North Dakota,Williams County
38105,65+,3886,North Dakota,Williams County
39001,0-4,1628,Ohio,Adams County
39001,18-49,10012,Ohio,Adams County
39001,5-17,4973,Ohio,Adams County
39001,50-64,5796,Ohio,Adams County
39001,65+,5101,Ohio,Adams County
39003,0-4,6171,Ohio,Allen County
39003,18-49,39408,Ohio,Allen County
39003,5-17,17822,Ohio,Allen County
39003,50-64,19296,Ohio,Allen County
39003,65+,18988,Ohio,Allen County
39005,0-4,2795,Ohio,Ashland County
39005,18-49,19376,Ohio,Ashland County
39005,5-17,9014,Ohio,Ashland County
39005,50-64,10630,Ohio,Ashland County
39005,65+,10481,Ohio,Ashland County
39007,0-4,5478,Ohio,Ashtabula County
39007,18-49,36087,Ohio,Ashtabula County
39007,5-17,15881,Ohio,Ashtabula County
39007,50-64,20556,Ohio,Ashtabula County
39007,65+,19341,Ohio,Ashtabula County
39009,0-4,2300,Ohio,Athens County
39009,18-49,32995,Ohio,Athens County
39009,5-17,6860,Ohio,Athens County
39009,50-64,10365,Ohio,Athens County
39009,65+,9053,Ohio,Athens County
39011,0-4,2795,Ohio,Auglaize County
39011,18-49,16978,Ohio,Auglaize County
39011,5-17,8218,Ohio,Auglaize County
39011,50-64,9365,Ohio,Auglaize County
39011,65+,8853,Ohio,Auglaize County
39013,0-4,3080,Ohio,Belmont County
39013,18-49,25273,Ohio,Belmont County
39013,5-17,9341,Ohio,Belmont County
39013,50-64,14178,Ohio,Belmont County
39013,65+,14110,Ohio,Belmont County
39015,0-4,2507,Ohio,Brown County
39015,18-49,16172,Ohio,Brown County
39015,5-17,7505,Ohio,Brown County
39015,50-64,9321,Ohio,Brown County
39015,65+,8205,Ohio,Brown County
39017,0-4,22831,Ohio,Butler County
39017,18-49,163706,Ohio,Butler County
39017,5-17,69031,Ohio,Butler County
39017,50-64,73807,Ohio,Butler County
39017,65+,60535,Ohio,Butler County
39019,0-4,1378,Ohio,Carroll County
39019,18-49,9327,Ohio,Carroll County
39019,5-17,4123,Ohio,Carroll County
39019,50-64,6051,Ohio,Carroll County
39019,65+,5852,Ohio,Carroll County
39021,0-4,2152,Ohio,Champaign County
39021,18-49,14397,Ohio,Champaign County
39021,5-17,6459,Ohio,Champaign County
39021,50-64,8423,Ohio,Champaign County
39021,65+,7341,Ohio,Champaign County
39023,0-4,7888,Ohio,Clark County
39023,18-49,50407,Ohio,Clark County
39023,5-17,22735,Ohio,Clark County
39023,50-64,27300,Ohio,Clark County
39023,65+,27115,Ohio,Clark County
39025,0-4,11643,Ohio,Clermont County
39025,18-49,82017,Ohio,Clermont County
39025,5-17,35387,Ohio,Clermont County
39025,50-64,43341,Ohio,Clermont County
39025,65+,37474,Ohio,Clermont County
39027,0-4,2454,Ohio,Clinton County
39027,18-49,16201,Ohio,Clinton County
39027,5-17,7161,Ohio,Clinton County
39027,50-64,8590,Ohio,Clinton County
39027,65+,7608,Ohio,Clinton County
39029,0-4,4998,Ohio,Columbiana County
39029,18-49,36494,Ohio,Columbiana County
39029,5-17,15511,Ohio,Columbiana County
39029,50-64,22529,Ohio,Columbiana County
39029,65+,21671,Ohio,Columbiana County
39031,0-4,2333,Ohio,Coshocton County
39031,18-49,13099,Ohio,Coshocton County
39031,5-17,6527,Ohio,Coshocton County
39031,50-64,7502,Ohio,Coshocton County
39031,65+,7218,Ohio,Coshocton County
39033,0-4,2361,Ohio,Crawford County
39033,18-49,15215,Ohio,Crawford County
39033,5-17,6807,Ohio,Crawford County
39033,50-64,8688,Ohio,Crawford County
39033,65+,8696,Ohio,Crawford County
39035,0-4,68182,Ohio,Cuyahoga County
39035,18-49,504240,Ohio,Cuyahoga County
39035,5-17,189445,Ohio,Cuyahoga County
39035,50-64,249883,Ohio,Cuyahoga County
39035,65+,237668,Ohio,Cuyahoga County
39037,0-4,3080,Ohio,Darke County
39037,18-49,18449,Ohio,Darke County
39037,5-17,9183,Ohio,Darke County
39037,50-64,10514,Ohio,Darke County
39037,65+,10429,Ohio,Darke County
39039,0-4,2237,Ohio,Defiance County
39039,18-49,14816,Ohio,Defiance County
39039,5-17,6452,Ohio,Defiance County
39039,50-64,7292,Ohio,Defiance County
39039,65+,7461,Ohio,Defiance County
39041,0-4,12534,Ohio,Delaware County
39041,18-49,89964,Ohio,Delaware County
39041,5-17,43340,Ohio,Delaware County
39041,50-64,42815,Ohio,Delaware County
39041,65+,32507,Ohio,Delaware County
39043,0-4,3789,Ohio,Erie County
39043,18-49,26442,Ohio,Erie County
39043,5-17,11192,Ohio,Erie County
39043,50-64,16250,Ohio,Erie County
39043,65+,17265,Ohio,Erie County
39045,0-4,9301,Ohio,Fairfield County
39045,18-49,64397,Ohio,Fairfield County
39045,5-17,29297,Ohio,Fairfield County
39045,50-64,31847,Ohio,Fairfield County
39045,65+,26447,Ohio,Fairfield County
39047,0-4,1618,Ohio,Fayette County
39047,18-49,10938,Ohio,Fayette County
39047,5-17,5225,Ohio,Fayette County
39047,50-64,5924,Ohio,Fayette County
39047,65+,5175,Ohio,Fayette County
39049,0-4,88142,Ohio,Franklin County
39049,18-49,621797,Ohio,Franklin County
39049,5-17,220782,Ohio,Franklin County
39049,50-64,222928,Ohio,Franklin County
39049,65+,167986,Ohio,Franklin County
39051,0-4,2434,Ohio,Fulton County
39051,18-49,15658,Ohio,Fulton County
39051,5-17,7415,Ohio,Fulton County
39051,50-64,8890,Ohio,Fulton County
39051,65+,8037,Ohio,Fulton County
39053,0-4,1803,Ohio,Gallia County
39053,18-49,10804,Ohio,Gallia County
39053,5-17,5092,Ohio,Gallia County
39053,50-64,5816,Ohio,Gallia County
39053,65+,5647,Ohio,Gallia County
39055,0-4,4975,Ohio,Geauga County
39055,18-49,31946,Ohio,Geauga County
39055,5-17,16438,Ohio,Geauga County
39055,50-64,21385,Ohio,Geauga County
39055,65+,20735,Ohio,Geauga County
39057,0-4,8957,Ohio,Greene County
39057,18-49,70624,Ohio,Greene County
39057,5-17,25937,Ohio,Greene County
39057,50-64,32348,Ohio,Greene County
39057,65+,30665,Ohio,Greene County
39059,0-4,2198,Ohio,Guernsey County
39059,18-49,14066,Ohio,Guernsey County
39059,5-17,6296,Ohio,Guernsey County
39059,50-64,8090,Ohio,Guernsey County
39059,65+,7633,Ohio,Guernsey County
39061,0-4,52296,Ohio,Hamilton County
39061,18-49,349116,Ohio,Hamilton County
39061,5-17,138884,Ohio,Hamilton County
39061,50-64,153431,Ohio,Hamilton County
39061,65+,134151,Ohio,Hamilton County
39063,0-4,4449,Ohio,Hancock County
39063,18-49,30343,Ohio,Hancock County
39063,5-17,11941,Ohio,Hancock County
39063,50-64,14426,Ohio,Hancock County
39063,65+,13726,Ohio,Hancock County
39065,0-4,1808,Ohio,Hardin County
39065,18-49,13007,Ohio,Hardin County
39065,5-17,5278,Ohio,Hardin County
39065,50-64,5528,Ohio,Hardin County
39065,65+,4906,Ohio,Hardin County
39067,0-4,677,Ohio,Harrison County
39067,18-49,4783,Ohio,Harrison County
39067,5-17,2350,Ohio,Harrison County
39067,50-64,3353,Ohio,Harrison County
39067,65+,3245,Ohio,Harrison County
39069,0-4,1619,Ohio,Henry County
39069,18-49,10078,Ohio,Henry County
39069,5-17,4859,Ohio,Henry County
39069,50-64,5647,Ohio,Henry County
39069,65+,5378,Ohio,Henry County
39071,0-4,2737,Ohio,Highland County
39071,18-49,16021,Ohio,Highland County
39071,5-17,7656,Ohio,Highland County
39071,50-64,8904,Ohio,Highland County
39071,65+,8085,Ohio,Highland County
39073,0-4,1511,Ohio,Hocking County
39073,18-49,10202,Ohio,Hocking County
39073,5-17,4541,Ohio,Hocking County
39073,50-64,6224,Ohio,Hocking County
39073,65+,5460,Ohio,Hocking County
39075,0-4,3688,Ohio,Holmes County
39075,18-49,17238,Ohio,Holmes County
39075,5-17,9825,Ohio,Holmes County
39075,50-64,7248,Ohio,Holmes County
39075,65+,6313,Ohio,Holmes County
39077,0-4,3403,Ohio,Huron County
39077,18-49,22020,Ohio,Huron County
39077,5-17,10525,Ohio,Huron County
39077,50-64,11841,Ohio,Huron County
39077,65+,10623,Ohio,Huron County
39079,0-4,2077,Ohio,Jackson County
39079,18-49,12549,Ohio,Jackson County
39079,5-17,5573,Ohio,Jackson County
39079,50-64,6593,Ohio,Jackson County
39079,65+,5796,Ohio,Jackson County
39081,0-4,3266,Ohio,Jefferson County
39081,18-49,24079,Ohio,Jefferson County
39081,5-17,9337,Ohio,Jefferson County
39081,50-64,13832,Ohio,Jefferson County
39081,65+,14341,Ohio,Jefferson County
39083,0-4,3725,Ohio,Knox County
39083,18-49,24355,Ohio,Knox County
39083,5-17,10723,Ohio,Knox County
39083,50-64,12335,Ohio,Knox County
39083,65+,11750,Ohio,Knox County
39085,0-4,11048,Ohio,Lake County
39085,18-49,86932,Ohio,Lake County
39085,5-17,34329,Ohio,Lake County
39085,50-64,50896,Ohio,Lake County
39085,65+,48896,Ohio,Lake County
39087,0-4,2982,Ohio,Lawrence County
39087,18-49,21764,Ohio,Lawrence County
39087,5-17,9557,Ohio,Lawrence County
39087,50-64,12278,Ohio,Lawrence County
39087,65+,10804,Ohio,Lawrence County
39089,0-4,10414,Ohio,Licking County
39089,18-49,71032,Ohio,Licking County
39089,5-17,31046,Ohio,Licking County
39089,50-64,36968,Ohio,Licking County
39089,65+,30851,Ohio,Licking County
39091,0-4,2654,Ohio,Logan County
39091,18-49,16975,Ohio,Logan County
39091,5-17,7938,Ohio,Logan County
39091,50-64,9813,Ohio,Logan County
39091,65+,8760,Ohio,Logan County
39093,0-4,17062,Ohio,Lorain County
39093,18-49,119921,Ohio,Lorain County
39093,5-17,51329,Ohio,Lorain County
39093,50-64,65284,Ohio,Lorain County
39093,65+,60992,Ohio,Lorain County
39095,0-4,26072,Ohio,Lucas County
39095,18-49,174226,Ohio,Lucas County
39095,5-17,72237,Ohio,Lucas County
39095,50-64,82899,Ohio,Lucas County
39095,65+,73314,Ohio,Lucas County
39097,0-4,2205,Ohio,Madison County
39097,18-49,18615,Ohio,Madison County
39097,5-17,6661,Ohio,Madison County
39097,50-64,9556,Ohio,Madison County
39097,65+,7089,Ohio,Madison County
39099,0-4,12087,Ohio,Mahoning County
39099,18-49,84098,Ohio,Mahoning County
39099,5-17,34066,Ohio,Mahoning County
39099,50-64,46810,Ohio,Mahoning County
39099,65+,50002,Ohio,Mahoning County
39101,0-4,3623,Ohio,Marion County
39101,18-49,26180,Ohio,Marion County
39101,5-17,10250,Ohio,Marion County
39101,50-64,13134,Ohio,Marion County
39101,65+,11958,Ohio,Marion County
39103,0-4,9125,Ohio,Medina County
39103,18-49,68254,Ohio,Medina County
39103,5-17,30530,Ohio,Medina County
39103,50-64,39940,Ohio,Medina County
39103,65+,35200,Ohio,Medina County
39105,0-4,1061,Ohio,Meigs County
39105,18-49,8042,Ohio,Meigs County
39105,5-17,3530,Ohio,Meigs County
39105,50-64,4864,Ohio,Meigs County
39105,65+,4575,Ohio,Meigs County
39107,0-4,3062,Ohio,Mercer County
39107,18-49,15264,Ohio,Mercer County
39107,5-17,8039,Ohio,Mercer County
39107,50-64,8170,Ohio,Mercer County
39107,65+,7903,Ohio,Mercer County
39109,0-4,6270,Ohio,Miami County
39109,18-49,41371,Ohio,Miami County
39109,5-17,18971,Ohio,Miami County
39109,50-64,21959,Ohio,Miami County
39109,65+,20978,Ohio,Miami County
39111,0-4,640,Ohio,Monroe County
39111,18-49,4587,Ohio,Monroe County
39111,5-17,2094,Ohio,Monroe County
39111,50-64,2870,Ohio,Monroe County
39111,65+,3117,Ohio,Monroe County
39113,0-4,31845,Ohio,Montgomery County
39113,18-49,216072,Ohio,Montgomery County
39113,5-17,87266,Ohio,Montgomery County
39113,50-64,102320,Ohio,Montgomery County
39113,65+,98025,Ohio,Montgomery County
39115,0-4,700,Ohio,Morgan County
39115,18-49,4805,Ohio,Morgan County
39115,5-17,2216,Ohio,Morgan County
39115,50-64,3005,Ohio,Morgan County
39115,65+,3032,Ohio,Morgan County
39117,0-4,1957,Ohio,Morrow County
39117,18-49,13050,Ohio,Morrow County
39117,5-17,5816,Ohio,Morrow County
39117,50-64,7789,Ohio,Morrow County
39117,65+,6602,Ohio,Morrow County
39119,0-4,5088,Ohio,Muskingum County
39119,18-49,33449,Ohio,Muskingum County
39119,5-17,14529,Ohio,Muskingum County
39119,50-64,17522,Ohio,Muskingum County
39119,65+,15794,Ohio,Muskingum County
39121,0-4,694,Ohio,Noble County
39121,18-49,4362,Ohio,Noble County
39121,5-17,1914,Ohio,Noble County
39121,50-64,3394,Ohio,Noble County
39121,65+,3888,Ohio,Noble County
39123,0-4,1553,Ohio,Ottawa County
39123,18-49,12813,Ohio,Ottawa County
39123,5-17,5561,Ohio,Ottawa County
39123,50-64,9382,Ohio,Ottawa County
39123,65+,10852,Ohio,Ottawa County
39125,0-4,1048,Ohio,Paulding County
39125,18-49,6789,Ohio,Paulding County
39125,5-17,3420,Ohio,Paulding County
39125,50-64,3971,Ohio,Paulding County
39125,65+,3572,Ohio,Paulding County
39127,0-4,2101,Ohio,Perry County
39127,18-49,13310,Ohio,Perry County
39127,5-17,6272,Ohio,Perry County
39127,50-64,7436,Ohio,Perry County
39127,65+,6355,Ohio,Perry County
39129,0-4,3174,Ohio,Pickaway County
39129,18-49,25280,Ohio,Pickaway County
39129,5-17,9560,Ohio,Pickaway County
39129,50-64,11855,Ohio,Pickaway County
39129,65+,9538,Ohio,Pickaway County
39131,0-4,1730,Ohio,Pike County
39131,18-49,10265,Ohio,Pike County
39131,5-17,4668,Ohio,Pike County
39131,50-64,5443,Ohio,Pike County
39131,65+,4974,Ohio,Pike County
39133,0-4,7018,Ohio,Portage County
39133,18-49,70094,Ohio,Portage County
39133,5-17,22653,Ohio,Portage County
39133,50-64,32958,Ohio,Portage County
39133,65+,28698,Ohio,Portage County
39135,0-4,2130,Ohio,Preble County
39135,18-49,14855,Ohio,Preble County
39135,5-17,6994,Ohio,Preble County
39135,50-64,8738,Ohio,Preble County
39135,65+,8085,Ohio,Preble County
39137,0-4,2155,Ohio,Putnam County
39137,18-49,12324,Ohio,Putnam County
39137,5-17,6583,Ohio,Putnam County
39137,50-64,7003,Ohio,Putnam County
39137,65+,6287,Ohio,Putnam County
39139,0-4,7185,Ohio,Richland County
39139,18-49,49143,Ohio,Richland County
39139,5-17,20167,Ohio,Richland County
39139,50-64,23880,Ohio,Richland County
39139,65+,24763,Ohio,Richland County
39141,0-4,4272,Ohio,Ross County
39141,18-49,30880,Ohio,Ross County
39141,5-17,12016,Ohio,Ross County
39141,50-64,16148,Ohio,Ross County
39141,65+,13432,Ohio,Ross County
39143,0-4,3137,Ohio,Sandusky County
39143,18-49,22052,Ohio,Sandusky County
39143,5-17,9671,Ohio,Sandusky County
39143,50-64,12241,Ohio,Sandusky County
39143,65+,11669,Ohio,Sandusky County
39145,0-4,3943,Ohio,Scioto County
39145,18-49,29120,Ohio,Scioto County
39145,5-17,11950,Ohio,Scioto County
39145,50-64,14576,Ohio,Scioto County
39145,65+,13529,Ohio,Scioto County
39147,0-4,2964,Ohio,Seneca County
39147,18-49,21828,Ohio,Seneca County
39147,5-17,8899,Ohio,Seneca County
39147,50-64,10935,Ohio,Seneca County
39147,65+,10235,Ohio,Seneca County
39149,0-4,3073,Ohio,Shelby County
39149,18-49,17934,Ohio,Shelby County
39149,5-17,8769,Ohio,Shelby County
39149,50-64,9791,Ohio,Shelby County
39149,65+,8440,Ohio,Shelby County
39151,0-4,20621,Ohio,Stark County
39151,18-49,141610,Ohio,Stark County
39151,5-17,60254,Ohio,Stark County
39151,50-64,76179,Ohio,Stark County
39151,65+,75100,Ohio,Stark County
39153,0-4,28963,Ohio,Summit County
39153,18-49,212637,Ohio,Summit County
39153,5-17,83083,Ohio,Summit County
39153,50-64,111291,Ohio,Summit County
39153,65+,102113,Ohio,Summit County
39155,0-4,10582,Ohio,Trumbull County
39155,18-49,73230,Ohio,Trumbull County
39155,5-17,30948,Ohio,Trumbull County
39155,50-64,42244,Ohio,Trumbull County
39155,65+,44363,Ohio,Trumbull County
39157,0-4,5897,Ohio,Tuscarawas County
39157,18-49,34178,Ohio,Tuscarawas County
39157,5-17,15625,Ohio,Tuscarawas County
39157,50-64,18482,Ohio,Tuscarawas County
39157,65+,18403,Ohio,Tuscarawas County
39159,0-4,4037,Ohio,Union County
39159,18-49,28389,Ohio,Union County
39159,5-17,11810,Ohio,Union County
39159,50-64,12607,Ohio,Union County
39159,65+,8450,Ohio,Union County
39161,0-4,1770,Ohio,Van Wert County
39161,18-49,10733,Ohio,Van Wert County
39161,5-17,4912,Ohio,Van Wert County
39161,50-64,5790,Ohio,Van Wert County
39161,65+,5619,Ohio,Van Wert County
39163,0-4,708,Ohio,Vinton County
39163,18-49,4707,Ohio,Vinton County
39163,5-17,2051,Ohio,Vinton County
39163,50-64,2839,Ohio,Vinton County
39163,65+,2381,Ohio,Vinton County
39165,0-4,13573,Ohio,Warren County
39165,18-49,98886,Ohio,Warren County
39165,5-17,45632,Ohio,Warren County
39165,50-64,50502,Ohio,Warren County
39165,65+,37771,Ohio,Warren County
39167,0-4,2857,Ohio,Washington County
39167,18-49,21878,Ohio,Washington County
39167,5-17,8933,Ohio,Washington County
39167,50-64,12784,Ohio,Washington County
39167,65+,12866,Ohio,Washington County
39169,0-4,7283,Ohio,Wayne County
39169,18-49,44660,Ohio,Wayne County
39169,5-17,20817,Ohio,Wayne County
39169,50-64,22165,Ohio,Wayne County
39169,65+,21693,Ohio,Wayne County
39171,0-4,2102,Ohio,Williams County
39171,18-49,13777,Ohio,Williams County
39171,5-17,6114,Ohio,Williams County
39171,50-64,7657,Ohio,Williams County
39171,65+,7212,Ohio,Williams County
39173,0-4,6674,Ohio,Wood County
39173,18-49,60499,Ohio,Wood County
39173,5-17,20208,Ohio,Wood County
39173,50-64,23024,Ohio,Wood County
39173,65+,21390,Ohio,Wood County
39175,0-4,1179,Ohio,Wyandot County
39175,18-49,7961,Ohio,Wyandot County
39175,5-17,3734,Ohio,Wyandot County
39175,50-64,4423,Ohio,Wyandot County
39175,65+,4402,Ohio,Wyandot County
40001,0-4,1343,Oklahoma,Adair County
40001,18-49,7494,Oklahoma,Adair County
40001,5-17,3829,Oklahoma,Adair County
40001,50-64,3830,Oklahoma,Adair County
40001,65+,3099,Oklahoma,Adair County
40003,0-4,244,Oklahoma,Alfalfa County
40003,18-49,2254,Oklahoma,Alfalfa County
40003,5-17,843,Oklahoma,Alfalfa County
40003,50-64,1209,Oklahoma,Alfalfa County
40003,65+,1135,Oklahoma,Alfalfa County
40005,0-4,695,Oklahoma,Atoka County
40005,18-49,5890,Oklahoma,Atoka County
40005,5-17,2383,Oklahoma,Atoka County
40005,50-64,2614,Oklahoma,Atoka County
40005,65+,2673,Oklahoma,Atoka County
40007,0-4,292,Oklahoma,Beaver County
40007,18-49,1827,Oklahoma,Beaver County
40007,5-17,983,Oklahoma,Beaver County
40007,50-64,961,Oklahoma,Beaver County
40007,65+,978,Oklahoma,Beaver County
40009,0-4,1342,Oklahoma,Beckham County
40009,18-49,9795,Oklahoma,Beckham County
40009,5-17,3911,Oklahoma,Beckham County
40009,50-64,3920,Oklahoma,Beckham County
40009,65+,3234,Oklahoma,Beckham County
40011,0-4,490,Oklahoma,Blaine County
40011,18-49,3084,Oklahoma,Blaine County
40011,5-17,1601,Oklahoma,Blaine County
40011,50-64,1743,Oklahoma,Blaine County
40011,65+,1685,Oklahoma,Blaine County
40013,0-4,3019,Oklahoma,Bryan County
40013,18-49,19511,Oklahoma,Bryan County
40013,5-17,8107,Oklahoma,Bryan County
40013,50-64,8400,Oklahoma,Bryan County
40013,65+,8200,Oklahoma,Bryan County
40015,0-4,1588,Oklahoma,Caddo County
40015,18-49,11509,Oklahoma,Caddo County
40015,5-17,4581,Oklahoma,Caddo County
40015,50-64,4782,Oklahoma,Caddo County
40015,65+,4166,Oklahoma,Caddo County
40017,0-4,10508,Oklahoma,Canadian County
40017,18-49,71460,Oklahoma,Canadian County
40017,5-17,31597,Oklahoma,Canadian County
40017,50-64,27167,Oklahoma,Canadian County
40017,65+,21889,Oklahoma,Canadian County
40019,0-4,3193,Oklahoma,Carter County
40019,18-49,19008,Oklahoma,Carter County
40019,5-17,8926,Oklahoma,Carter County
40019,50-64,8963,Oklahoma,Carter County
40019,65+,8165,Oklahoma,Carter County
40021,0-4,2579,Oklahoma,Cherokee County
40021,18-49,20651,Oklahoma,Cherokee County
40021,5-17,7516,Oklahoma,Cherokee County
40021,50-64,8540,Oklahoma,Cherokee County
40021,65+,8335,Oklahoma,Cherokee County
40023,0-4,994,Oklahoma,Choctaw County
40023,18-49,4980,Oklahoma,Choctaw County
40023,5-17,2533,Oklahoma,Choctaw County
40023,50-64,2829,Oklahoma,Choctaw County
40023,65+,2963,Oklahoma,Choctaw County
40025,0-4,162,Oklahoma,Cimarron County
40025,18-49,801,Oklahoma,Cimarron County
40025,5-17,391,Oklahoma,Cimarron County
40025,50-64,330,Oklahoma,Cimarron County
40025,65+,563,Oklahoma,Cimarron County
40027,0-4,14563,Oklahoma,Cleveland County
40027,18-49,143499,Oklahoma,Cleveland County
40027,5-17,47216,Oklahoma,Cleveland County
40027,50-64,49253,Oklahoma,Cleveland County
40027,65+,43014,Oklahoma,Cleveland County
40029,0-4,371,Oklahoma,Coal County
40029,18-49,1903,Oklahoma,Coal County
40029,5-17,897,Oklahoma,Coal County
40029,50-64,997,Oklahoma,Coal County
40029,65+,1107,Oklahoma,Coal County
40031,0-4,8050,Oklahoma,Comanche County
40031,18-49,56473,Oklahoma,Comanche County
40031,5-17,21033,Oklahoma,Comanche County
40031,50-64,19855,Oklahoma,Comanche County
40031,65+,16288,Oklahoma,Comanche County
40033,0-4,259,Oklahoma,Cotton County
40033,18-49,1878,Oklahoma,Cotton County
40033,5-17,983,Oklahoma,Cotton County
40033,50-64,1313,Oklahoma,Cotton County
40033,65+,1042,Oklahoma,Cotton County
40035,0-4,724,Oklahoma,Craig County
40035,18-49,5412,Oklahoma,Craig County
40035,5-17,2479,Oklahoma,Craig County
40035,50-64,2899,Oklahoma,Craig County
40035,65+,2701,Oklahoma,Craig County
40037,0-4,4213,Oklahoma,Creek County
40037,18-49,27595,Oklahoma,Creek County
40037,5-17,12723,Oklahoma,Creek County
40037,50-64,14590,Oklahoma,Creek County
40037,65+,13232,Oklahoma,Creek County
40039,0-4,1798,Oklahoma,Custer County
40039,18-49,12862,Oklahoma,Custer County
40039,5-17,5296,Oklahoma,Custer County
40039,50-64,4337,Oklahoma,Custer County
40039,65+,4039,Oklahoma,Custer County
40041,0-4,1972,Oklahoma,Delaware County
40041,18-49,13669,Oklahoma,Delaware County
40041,5-17,6198,Oklahoma,Delaware County
40041,50-64,8821,Oklahoma,Delaware County
40041,65+,10357,Oklahoma,Delaware County
40043,0-4,280,Oklahoma,Dewey County
40043,18-49,1530,Oklahoma,Dewey County
40043,5-17,941,Oklahoma,Dewey County
40043,50-64,840,Oklahoma,Dewey County
40043,65+,842,Oklahoma,Dewey County
40045,0-4,195,Oklahoma,Ellis County
40045,18-49,1309,Oklahoma,Ellis County
40045,5-17,645,Oklahoma,Ellis County
40045,50-64,699,Oklahoma,Ellis County
40045,65+,869,Oklahoma,Ellis County
40047,0-4,4251,Oklahoma,Garfield County
40047,18-49,25500,Oklahoma,Garfield County
40047,5-17,11965,Oklahoma,Garfield County
40047,50-64,10243,Oklahoma,Garfield County
40047,65+,10363,Oklahoma,Garfield County
40049,0-4,1537,Oklahoma,Garvin County
40049,18-49,9907,Oklahoma,Garvin County
40049,5-17,4914,Oklahoma,Garvin County
40049,50-64,4793,Oklahoma,Garvin County
40049,65+,4628,Oklahoma,Garvin County
40051,0-4,3031,Oklahoma,Grady County
40051,18-49,22363,Oklahoma,Grady County
40051,5-17,10075,Oklahoma,Grady County
40051,50-64,11044,Oklahoma,Grady County
40051,65+,9355,Oklahoma,Grady County
40053,0-4,244,Oklahoma,Grant County
40053,18-49,1426,Oklahoma,Grant County
40053,5-17,722,Oklahoma,Grant County
40053,50-64,812,Oklahoma,Grant County
40053,65+,933,Oklahoma,Grant County
40055,0-4,284,Oklahoma,Greer County
40055,18-49,2289,Oklahoma,Greer County
40055,5-17,833,Oklahoma,Greer County
40055,50-64,1135,Oklahoma,Greer County
40055,65+,957,Oklahoma,Greer County
40057,0-4,119,Oklahoma,Harmon County
40057,18-49,926,Oklahoma,Harmon County
40057,5-17,455,Oklahoma,Harmon County
40057,50-64,456,Oklahoma,Harmon County
40057,65+,496,Oklahoma,Harmon County
40059,0-4,208,Oklahoma,Harper County
40059,18-49,1102,Oklahoma,Harper County
40059,5-17,570,Oklahoma,Harper County
40059,50-64,693,Oklahoma,Harper County
40059,65+,658,Oklahoma,Harper County
40061,0-4,689,Oklahoma,Haskell County
40061,18-49,4286,Oklahoma,Haskell County
40061,5-17,2058,Oklahoma,Haskell County
40061,50-64,2269,Oklahoma,Haskell County
40061,65+,2365,Oklahoma,Haskell County
40063,0-4,781,Oklahoma,Hughes County
40063,18-49,5614,Oklahoma,Hughes County
40063,5-17,2119,Oklahoma,Hughes County
40063,50-64,2391,Oklahoma,Hughes County
40063,65+,2506,Oklahoma,Hughes County
40065,0-4,1743,Oklahoma,Jackson County
40065,18-49,10605,Oklahoma,Jackson County
40065,5-17,4461,Oklahoma,Jackson County
40065,50-64,4103,Oklahoma,Jackson County
40065,65+,3818,Oklahoma,Jackson County
40067,0-4,298,Oklahoma,Jefferson County
40067,18-49,1844,Oklahoma,Jefferson County
40067,5-17,1049,Oklahoma,Jefferson County
40067,50-64,1066,Oklahoma,Jefferson County
40067,65+,1120,Oklahoma,Jefferson County
40069,0-4,603,Oklahoma,Johnston County
40069,18-49,4009,Oklahoma,Johnston County
40069,5-17,1839,Oklahoma,Johnston County
40069,50-64,1971,Oklahoma,Johnston County
40069,65+,1912,Oklahoma,Johnston County
40071,0-4,2746,Oklahoma,Kay County
40071,18-49,16591,Oklahoma,Kay County
40071,5-17,8155,Oklahoma,Kay County
40071,50-64,7855,Oklahoma,Kay County
40071,65+,8384,Oklahoma,Kay County
40073,0-4,938,Oklahoma,Kingfisher County
40073,18-49,5967,Oklahoma,Kingfisher County
40073,5-17,3154,Oklahoma,Kingfisher County
40073,50-64,2637,Oklahoma,Kingfisher County
40073,65+,2592,Oklahoma,Kingfisher County
40075,0-4,562,Oklahoma,Kiowa County
40075,18-49,2811,Oklahoma,Kiowa County
40075,5-17,1512,Oklahoma,Kiowa County
40075,50-64,1807,Oklahoma,Kiowa County
40075,65+,1766,Oklahoma,Kiowa County
40077,0-4,568,Oklahoma,Latimer County
40077,18-49,3532,Oklahoma,Latimer County
40077,5-17,1524,Oklahoma,Latimer County
40077,50-64,1846,Oklahoma,Latimer County
40077,65+,2025,Oklahoma,Latimer County
40079,0-4,3068,Oklahoma,Le Flore County
40079,18-49,18930,Oklahoma,Le Flore County
40079,5-17,8803,Oklahoma,Le Flore County
40079,50-64,9248,Oklahoma,Le Flore County
40079,65+,8679,Oklahoma,Le Flore County
40081,0-4,1822,Oklahoma,Lincoln County
40081,18-49,12456,Oklahoma,Lincoln County
40081,5-17,6160,Oklahoma,Lincoln County
40081,50-64,7009,Oklahoma,Lincoln County
40081,65+,6470,Oklahoma,Lincoln County
40083,0-4,2707,Oklahoma,Logan County
40083,18-49,20891,Oklahoma,Logan County
40083,5-17,8663,Oklahoma,Logan County
40083,50-64,10061,Oklahoma,Logan County
40083,65+,8583,Oklahoma,Logan County
40085,0-4,607,Oklahoma,Love County
40085,18-49,3934,Oklahoma,Love County
40085,5-17,1869,Oklahoma,Love County
40085,50-64,1932,Oklahoma,Love County
40085,65+,1854,Oklahoma,Love County
40087,0-4,2389,Oklahoma,McClain County
40087,18-49,17646,Oklahoma,McClain County
40087,5-17,8695,Oklahoma,McClain County
40087,50-64,8299,Oklahoma,McClain County
40087,65+,6750,Oklahoma,McClain County
40089,0-4,2122,Oklahoma,McCurtain County
40089,18-49,11603,Oklahoma,McCurtain County
40089,5-17,5937,Oklahoma,McCurtain County
40089,50-64,5669,Oklahoma,McCurtain County
40089,65+,5494,Oklahoma,McCurtain County
40091,0-4,974,Oklahoma,McIntosh County
40091,18-49,6344,Oklahoma,McIntosh County
40091,5-17,2854,Oklahoma,McIntosh County
40091,50-64,4225,Oklahoma,McIntosh County
40091,65+,4840,Oklahoma,McIntosh County
40093,0-4,452,Oklahoma,Major County
40093,18-49,2660,Oklahoma,Major County
40093,5-17,1502,Oklahoma,Major County
40093,50-64,1428,Oklahoma,Major County
40093,65+,1614,Oklahoma,Major County
40095,0-4,1008,Oklahoma,Marshall County
40095,18-49,5480,Oklahoma,Marshall County
40095,5-17,2608,Oklahoma,Marshall County
40095,50-64,3083,Oklahoma,Marshall County
40095,65+,3449,Oklahoma,Marshall County
40097,0-4,2271,Oklahoma,Mayes County
40097,18-49,14978,Oklahoma,Mayes County
40097,5-17,6959,Oklahoma,Mayes County
40097,50-64,7830,Oklahoma,Mayes County
40097,65+,7368,Oklahoma,Mayes County
40099,0-4,791,Oklahoma,Murray County
40099,18-49,5110,Oklahoma,Murray County
40099,5-17,2353,Oklahoma,Murray County
40099,50-64,2759,Oklahoma,Murray County
40099,65+,2794,Oklahoma,Murray County
40101,0-4,4207,Oklahoma,Muskogee County
40101,18-49,26891,Oklahoma,Muskogee County
40101,5-17,12040,Oklahoma,Muskogee County
40101,50-64,12013,Oklahoma,Muskogee County
40101,65+,11320,Oklahoma,Muskogee County
40103,0-4,591,Oklahoma,Noble County
40103,18-49,3855,Oklahoma,Noble County
40103,5-17,1931,Oklahoma,Noble County
40103,50-64,2175,Oklahoma,Noble County
40103,65+,2357,Oklahoma,Noble County
40105,0-4,641,Oklahoma,Nowata County
40105,18-49,3401,Oklahoma,Nowata County
40105,5-17,1515,Oklahoma,Nowata County
40105,50-64,1962,Oklahoma,Nowata County
40105,65+,1873,Oklahoma,Nowata County
40107,0-4,609,Oklahoma,Okfuskee County
40107,18-49,4375,Oklahoma,Okfuskee County
40107,5-17,1936,Oklahoma,Okfuskee County
40107,50-64,2321,Oklahoma,Okfuskee County
40107,65+,2063,Oklahoma,Okfuskee County
40109,0-4,55349,Oklahoma,Oklahoma County
40109,18-49,347817,Oklahoma,Oklahoma County
40109,5-17,148907,Oklahoma,Oklahoma County
40109,50-64,134938,Oklahoma,Oklahoma County
40109,65+,113476,Oklahoma,Oklahoma County
40111,0-4,2114,Oklahoma,Okmulgee County
40111,18-49,14397,Oklahoma,Okmulgee County
40111,5-17,6623,Oklahoma,Okmulgee County
40111,50-64,6999,Oklahoma,Okmulgee County
40111,65+,6789,Oklahoma,Okmulgee County
40113,0-4,2201,Oklahoma,Osage County
40113,18-49,16895,Oklahoma,Osage County
40113,5-17,7568,Oklahoma,Osage County
40113,50-64,9696,Oklahoma,Osage County
40113,65+,9603,Oklahoma,Osage County
40115,0-4,1998,Oklahoma,Ottawa County
40115,18-49,11711,Oklahoma,Ottawa County
40115,5-17,5676,Oklahoma,Ottawa County
40115,50-64,5486,Oklahoma,Ottawa County
40115,65+,5489,Oklahoma,Ottawa County
40117,0-4,909,Oklahoma,Pawnee County
40117,18-49,5728,Oklahoma,Pawnee County
40117,5-17,2762,Oklahoma,Pawnee County
40117,50-64,3192,Oklahoma,Pawnee County
40117,65+,3098,Oklahoma,Pawnee County
40119,0-4,3944,Oklahoma,Payne County
40119,18-49,45732,Oklahoma,Payne County
40119,5-17,11392,Oklahoma,Payne County
40119,50-64,10479,Oklahoma,Payne County
40119,65+,10743,Oklahoma,Payne County
40121,0-4,2528,Oklahoma,Pittsburg County
40121,18-49,16643,Oklahoma,Pittsburg County
40121,5-17,7446,Oklahoma,Pittsburg County
40121,50-64,8316,Oklahoma,Pittsburg County
40121,65+,8696,Oklahoma,Pittsburg County
40123,0-4,2479,Oklahoma,Pontotoc County
40123,18-49,15484,Oklahoma,Pontotoc County
40123,5-17,7032,Oklahoma,Pontotoc County
40123,50-64,6684,Oklahoma,Pontotoc County
40123,65+,6479,Oklahoma,Pontotoc County
40125,0-4,4212,Oklahoma,Pottawatomie County
40125,18-49,30273,Oklahoma,Pottawatomie County
40125,5-17,12791,Oklahoma,Pottawatomie County
40125,50-64,13700,Oklahoma,Pottawatomie County
40125,65+,12035,Oklahoma,Pottawatomie County
40127,0-4,568,Oklahoma,Pushmataha County
40127,18-49,3693,Oklahoma,Pushmataha County
40127,5-17,1761,Oklahoma,Pushmataha County
40127,50-64,2326,Oklahoma,Pushmataha County
40127,65+,2439,Oklahoma,Pushmataha County
40129,0-4,168,Oklahoma,Roger Mills County
40129,18-49,1155,Oklahoma,Roger Mills County
40129,5-17,659,Oklahoma,Roger Mills County
40129,50-64,653,Oklahoma,Roger Mills County
40129,65+,743,Oklahoma,Roger Mills County
40131,0-4,5525,Oklahoma,Rogers County
40131,18-49,38633,Oklahoma,Rogers County
40131,5-17,17041,Oklahoma,Rogers County
40131,50-64,19592,Oklahoma,Rogers County
40131,65+,16444,Oklahoma,Rogers County
40133,0-4,1428,Oklahoma,Seminole County
40133,18-49,8997,Oklahoma,Seminole County
40133,5-17,4309,Oklahoma,Seminole County
40133,50-64,4519,Oklahoma,Seminole County
40133,65+,4297,Oklahoma,Seminole County
40135,0-4,2514,Oklahoma,Sequoyah County
40135,18-49,14835,Oklahoma,Sequoyah County
40135,5-17,6968,Oklahoma,Sequoyah County
40135,50-64,8012,Oklahoma,Sequoyah County
40135,65+,7347,Oklahoma,Sequoyah County
40137,0-4,2473,Oklahoma,Stephens County
40137,18-49,15859,Oklahoma,Stephens County
40137,5-17,7503,Oklahoma,Stephens County
40137,50-64,8646,Oklahoma,Stephens County
40137,65+,8833,Oklahoma,Stephens County
40139,0-4,1604,Oklahoma,Texas County
40139,18-49,8901,Oklahoma,Texas County
40139,5-17,4481,Oklahoma,Texas County
40139,50-64,3374,Oklahoma,Texas County
40139,65+,2520,Oklahoma,Texas County
40141,0-4,404,Oklahoma,Tillman County
40141,18-49,2443,Oklahoma,Tillman County
40141,5-17,1278,Oklahoma,Tillman County
40141,50-64,1444,Oklahoma,Tillman County
40141,65+,1398,Oklahoma,Tillman County
40143,0-4,45237,Oklahoma,Tulsa County
40143,18-49,287344,Oklahoma,Tulsa County
40143,5-17,124687,Oklahoma,Tulsa County
40143,50-64,116350,Oklahoma,Tulsa County
40143,65+,100090,Oklahoma,Tulsa County
40145,0-4,4782,Oklahoma,Wagoner County
40145,18-49,34204,Oklahoma,Wagoner County
40145,5-17,15312,Oklahoma,Wagoner County
40145,50-64,15788,Oklahoma,Wagoner County
40145,65+,14253,Oklahoma,Wagoner County
40147,0-4,3154,Oklahoma,Washington County
40147,18-49,20023,Oklahoma,Washington County
40147,5-17,9543,Oklahoma,Washington County
40147,50-64,9583,Oklahoma,Washington County
40147,65+,10592,Oklahoma,Washington County
40149,0-4,618,Oklahoma,Washita County
40149,18-49,3914,Oklahoma,Washita County
40149,5-17,1997,Oklahoma,Washita County
40149,50-64,2258,Oklahoma,Washita County
40149,65+,2070,Oklahoma,Washita County
40151,0-4,423,Oklahoma,Woods County
40151,18-49,4047,Oklahoma,Woods County
40151,5-17,1372,Oklahoma,Woods County
40151,50-64,1276,Oklahoma,Woods County
40151,65+,1501,Oklahoma,Woods County
40153,0-4,1279,Oklahoma,Woodward County
40153,18-49,8510,Oklahoma,Woodward County
40153,5-17,3787,Oklahoma,Woodward County
40153,50-64,3407,Oklahoma,Woodward County
40153,65+,3277,Oklahoma,Woodward County
41001,0-4,765,Oregon,Baker County
41001,18-49,5419,Oregon,Baker County
41001,5-17,2634,Oregon,Baker County
41001,50-64,3335,Oregon,Baker County
41001,65+,4643,Oregon,Baker County
41003,0-4,3583,Oregon,Benton County
41003,18-49,49455,Oregon,Benton County
41003,5-17,11592,Oregon,Benton County
41003,50-64,15180,Oregon,Benton County
41003,65+,16549,Oregon,Benton County
41005,0-4,20832,Oregon,Clackamas County
41005,18-49,167881,Oregon,Clackamas County
41005,5-17,68182,Oregon,Clackamas County
41005,50-64,83730,Oregon,Clackamas County
41005,65+,81683,Oregon,Clackamas County
41007,0-4,1908,Oregon,Clatsop County
41007,18-49,15356,Oregon,Clatsop County
41007,5-17,5613,Oregon,Clatsop County
41007,50-64,8420,Oregon,Clatsop County
41007,65+,10046,Oregon,Clatsop County
41009,0-4,2678,Oregon,Columbia County
41009,18-49,20312,Oregon,Columbia County
41009,5-17,8200,Oregon,Columbia County
41009,50-64,11548,Oregon,Columbia County
41009,65+,10440,Oregon,Columbia County
41011,0-4,2843,Oregon,Coos County
41011,18-49,21723,Oregon,Coos County
41011,5-17,8756,Oregon,Coos County
41011,50-64,13760,Oregon,Coos County
41011,65+,17750,Oregon,Coos County
41013,0-4,1303,Oregon,Crook County
41013,18-49,8802,Oregon,Crook County
41013,5-17,3706,Oregon,Crook County
41013,50-64,5403,Oregon,Crook County
41013,65+,6437,Oregon,Crook County
41015,0-4,782,Oregon,Curry County
41015,18-49,6234,Oregon,Curry County
41015,5-17,2560,Oregon,Curry County
41015,50-64,5542,Oregon,Curry County
41015,65+,8345,Oregon,Curry County
41017,0-4,9632,Oregon,Deschutes County
41017,18-49,81579,Oregon,Deschutes County
41017,5-17,29644,Oregon,Deschutes County
41017,50-64,39844,Oregon,Deschutes County
41017,65+,42327,Oregon,Deschutes County
41019,0-4,5304,Oregon,Douglas County
41019,18-49,38307,Oregon,Douglas County
41019,5-17,16111,Oregon,Douglas County
41019,50-64,22755,Oregon,Douglas County
41019,65+,29330,Oregon,Douglas County
41021,0-4,56,Oregon,Gilliam County
41021,18-49,612,Oregon,Gilliam County
41021,5-17,324,Oregon,Gilliam County
41021,50-64,374,Oregon,Gilliam County
41021,65+,636,Oregon,Gilliam County
41023,0-4,312,Oregon,Grant County
41023,18-49,2285,Oregon,Grant County
41023,5-17,928,Oregon,Grant County
41023,50-64,1423,Oregon,Grant County
41023,65+,2290,Oregon,Grant County
41025,0-4,345,Oregon,Harney County
41025,18-49,2661,Oregon,Harney County
41025,5-17,1032,Oregon,Harney County
41025,50-64,1544,Oregon,Harney County
41025,65+,1933,Oregon,Harney County
41027,0-4,1290,Oregon,Hood River County
41027,18-49,9599,Oregon,Hood River County
41027,5-17,4022,Oregon,Hood River County
41027,50-64,4799,Oregon,Hood River County
41027,65+,4248,Oregon,Hood River County
41029,0-4,11203,Oregon,Jackson County
41029,18-49,84074,Oregon,Jackson County
41029,5-17,34251,Oregon,Jackson County
41029,50-64,42000,Oregon,Jackson County
41029,65+,51035,Oregon,Jackson County
41031,0-4,1513,Oregon,Jefferson County
41031,18-49,9661,Oregon,Jefferson County
41031,5-17,4192,Oregon,Jefferson County
41031,50-64,4672,Oregon,Jefferson County
41031,65+,4935,Oregon,Jefferson County
41033,0-4,4184,Oregon,Josephine County
41033,18-49,29337,Oregon,Josephine County
41033,5-17,12804,Oregon,Josephine County
41033,50-64,18145,Oregon,Josephine County
41033,65+,23599,Oregon,Josephine County
41035,0-4,3962,Oregon,Klamath County
41035,18-49,26094,Oregon,Klamath County
41035,5-17,11185,Oregon,Klamath County
41035,50-64,13160,Oregon,Klamath County
41035,65+,15411,Oregon,Klamath County
41037,0-4,367,Oregon,Lake County
41037,18-49,3016,Oregon,Lake County
41037,5-17,1191,Oregon,Lake County
41037,50-64,1629,Oregon,Lake County
41037,65+,2051,Oregon,Lake County
41039,0-4,16664,Oregon,Lane County
41039,18-49,167166,Oregon,Lane County
41039,5-17,51371,Oregon,Lane County
41039,50-64,69176,Oregon,Lane County
41039,65+,78251,Oregon,Lane County
41041,0-4,1907,Oregon,Lincoln County
41041,18-49,15705,Oregon,Lincoln County
41041,5-17,6186,Oregon,Lincoln County
41041,50-64,11069,Oregon,Lincoln County
41041,65+,15765,Oregon,Lincoln County
41043,0-4,7389,Oregon,Linn County
41043,18-49,51475,Oregon,Linn County
41043,5-17,21406,Oregon,Linn County
41043,50-64,24646,Oregon,Linn County
41043,65+,24878,Oregon,Linn County
41045,0-4,2004,Oregon,Malheur County
41045,18-49,13061,Oregon,Malheur County
41045,5-17,5978,Oregon,Malheur County
41045,50-64,5253,Oregon,Malheur County
41045,65+,5405,Oregon,Malheur County
41047,0-4,20896,Oregon,Marion County
41047,18-49,146058,Oregon,Marion County
41047,5-17,61974,Oregon,Marion County
41047,50-64,60747,Oregon,Marion County
41047,65+,56857,Oregon,Marion County
41049,0-4,867,Oregon,Morrow County
41049,18-49,4770,Oregon,Morrow County
41049,5-17,2532,Oregon,Morrow County
41049,50-64,2092,Oregon,Morrow County
41049,65+,1988,Oregon,Morrow County
41051,0-4,37913,Oregon,Multnomah County
41051,18-49,402573,Oregon,Multnomah County
41051,5-17,106176,Oregon,Multnomah County
41051,50-64,141540,Oregon,Multnomah County
41051,65+,115661,Oregon,Multnomah County
41053,0-4,4672,Oregon,Polk County
41053,18-49,37469,Oregon,Polk County
41053,5-17,14890,Oregon,Polk County
41053,50-64,14894,Oregon,Polk County
41053,65+,16628,Oregon,Polk County
41055,0-4,109,Oregon,Sherman County
41055,18-49,679,Oregon,Sherman County
41055,5-17,250,Oregon,Sherman County
41055,50-64,437,Oregon,Sherman County
41055,65+,433,Oregon,Sherman County
41057,0-4,1127,Oregon,Tillamook County
41057,18-49,8965,Oregon,Tillamook County
41057,5-17,3843,Oregon,Tillamook County
41057,50-64,6009,Oregon,Tillamook County
41057,65+,7527,Oregon,Tillamook County
41059,0-4,4959,Oregon,Umatilla County
41059,18-49,33652,Oregon,Umatilla County
41059,5-17,14937,Oregon,Umatilla County
41059,50-64,13593,Oregon,Umatilla County
41059,65+,12946,Oregon,Umatilla County
41061,0-4,1287,Oregon,Union County
41061,18-49,10414,Oregon,Union County
41061,5-17,4508,Oregon,Union County
41061,50-64,4483,Oregon,Union County
41061,65+,5500,Oregon,Union County
41063,0-4,365,Oregon,Wallowa County
41063,18-49,2241,Oregon,Wallowa County
41063,5-17,1145,Oregon,Wallowa County
41063,50-64,1594,Oregon,Wallowa County
41063,65+,2187,Oregon,Wallowa County
41065,0-4,1453,Oregon,Wasco County
41065,18-49,10296,Oregon,Wasco County
41065,5-17,4300,Oregon,Wasco County
41065,50-64,4994,Oregon,Wasco County
41065,65+,5560,Oregon,Wasco County
41067,0-4,32410,Oregon,Washington County
41067,18-49,275731,Oregon,Washington County
41067,5-17,99616,Oregon,Washington County
41067,50-64,106504,Oregon,Washington County
41067,65+,86005,Oregon,Washington County
41069,0-4,75,Oregon,Wheeler County
41069,18-49,366,Oregon,Wheeler County
41069,5-17,142,Oregon,Wheeler County
41069,50-64,331,Oregon,Wheeler County
41069,65+,520,Oregon,Wheeler County
41071,0-4,5526,Oregon,Yamhill County
41071,18-49,45264,Oregon,Yamhill County
41071,5-17,17628,Oregon,Yamhill County
41071,50-64,19893,Oregon,Yamhill County
41071,65+,19811,Oregon,Yamhill County
42001,0-4,4933,Pennsylvania,Adams County
42001,18-49,39067,Pennsylvania,Adams County
42001,5-17,15826,Pennsylvania,Adams County
42001,50-64,22953,Pennsylvania,Adams County
42001,65+,22404,Pennsylvania,Adams County
42003,0-4,63079,Pennsylvania,Allegheny County
42003,18-49,520531,Pennsylvania,Allegheny County
42003,5-17,169211,Pennsylvania,Allegheny County
42003,50-64,242774,Pennsylvania,Allegheny County
42003,65+,244881,Pennsylvania,Allegheny County
42005,0-4,2924,Pennsylvania,Armstrong County
42005,18-49,22483,Pennsylvania,Armstrong County
42005,5-17,9461,Pennsylvania,Armstrong County
42005,50-64,14959,Pennsylvania,Armstrong County
42005,65+,15242,Pennsylvania,Armstrong County
42007,0-4,8088,Pennsylvania,Beaver County
42007,18-49,60605,Pennsylvania,Beaver County
42007,5-17,24447,Pennsylvania,Beaver County
42007,50-64,36730,Pennsylvania,Beaver County
42007,65+,37123,Pennsylvania,Beaver County
42009,0-4,2390,Pennsylvania,Bedford County
42009,18-49,16186,Pennsylvania,Bedford County
42009,5-17,6868,Pennsylvania,Bedford County
42009,50-64,10914,Pennsylvania,Bedford County
42009,65+,11145,Pennsylvania,Bedford County
42011,0-4,23694,Pennsylvania,Berks County
42011,18-49,171322,Pennsylvania,Berks County
42011,5-17,71427,Pennsylvania,Berks County
42011,50-64,87365,Pennsylvania,Berks County
42011,65+,76181,Pennsylvania,Berks County
42013,0-4,6073,Pennsylvania,Blair County
42013,18-49,46290,Pennsylvania,Blair County
42013,5-17,18617,Pennsylvania,Blair County
42013,50-64,25110,Pennsylvania,Blair County
42013,65+,25764,Pennsylvania,Blair County
42015,0-4,3345,Pennsylvania,Bradford County
42015,18-49,20525,Pennsylvania,Bradford County
42015,5-17,9945,Pennsylvania,Bradford County
42015,50-64,12904,Pennsylvania,Bradford County
42015,65+,13252,Pennsylvania,Bradford County
42017,0-4,30436,Pennsylvania,Bucks County
42017,18-49,239475,Pennsylvania,Bucks County
42017,5-17,99442,Pennsylvania,Bucks County
42017,50-64,147719,Pennsylvania,Bucks County
42017,65+,128921,Pennsylvania,Bucks County
42019,0-4,9461,Pennsylvania,Butler County
42019,18-49,74827,Pennsylvania,Butler County
42019,5-17,28694,Pennsylvania,Butler County
42019,50-64,43561,Pennsylvania,Butler County
42019,65+,39327,Pennsylvania,Butler County
42021,0-4,6297,Pennsylvania,Cambria County
42021,18-49,47534,Pennsylvania,Cambria County
42021,5-17,19187,Pennsylvania,Cambria County
42021,50-64,28228,Pennsylvania,Cambria County
42021,65+,31109,Pennsylvania,Cambria County
42023,0-4,172,Pennsylvania,Cameron County
42023,18-49,1365,Pennsylvania,Cameron County
42023,5-17,556,Pennsylvania,Cameron County
42023,50-64,1062,Pennsylvania,Cameron County
42023,65+,1320,Pennsylvania,Cameron County
42025,0-4,3033,Pennsylvania,Carbon County
42025,18-49,23304,Pennsylvania,Carbon County
42025,5-17,9421,Pennsylvania,Carbon County
42025,50-64,15030,Pennsylvania,Carbon County
42025,65+,14403,Pennsylvania,Carbon County
42027,0-4,5726,Pennsylvania,Centre County
42027,18-49,83201,Pennsylvania,Centre County
42027,5-17,17613,Pennsylvania,Centre County
42027,50-64,26952,Pennsylvania,Centre County
42027,65+,24549,Pennsylvania,Centre County
42029,0-4,29052,Pennsylvania,Chester County
42029,18-49,214171,Pennsylvania,Chester County
42029,5-17,91648,Pennsylvania,Chester County
42029,50-64,112383,Pennsylvania,Chester County
42029,65+,93642,Pennsylvania,Chester County
42031,0-4,1849,Pennsylvania,Clarion County
42031,18-49,15088,Pennsylvania,Clarion County
42031,5-17,5215,Pennsylvania,Clarion County
42031,50-64,7615,Pennsylvania,Clarion County
42031,65+,7530,Pennsylvania,Clarion County
42033,0-4,3625,Pennsylvania,Clearfield County
42033,18-49,29451,Pennsylvania,Clearfield County
42033,5-17,10893,Pennsylvania,Clearfield County
42033,50-64,17943,Pennsylvania,Clearfield County
42033,65+,16990,Pennsylvania,Clearfield County
42035,0-4,2003,Pennsylvania,Clinton County
42035,18-49,15448,Pennsylvania,Clinton County
42035,5-17,5616,Pennsylvania,Clinton County
42035,50-64,7226,Pennsylvania,Clinton County
42035,65+,7414,Pennsylvania,Clinton County
42037,0-4,2739,Pennsylvania,Columbia County
42037,18-49,27535,Pennsylvania,Columbia County
42037,5-17,8754,Pennsylvania,Columbia County
42037,50-64,12869,Pennsylvania,Columbia County
42037,65+,13158,Pennsylvania,Columbia County
42039,0-4,4423,Pennsylvania,Crawford County
42039,18-49,30038,Pennsylvania,Crawford County
42039,5-17,12739,Pennsylvania,Crawford County
42039,50-64,17586,Pennsylvania,Crawford County
42039,65+,18403,Pennsylvania,Crawford County
42041,0-4,13888,Pennsylvania,Cumberland County
42041,18-49,109980,Pennsylvania,Cumberland County
42041,5-17,40240,Pennsylvania,Cumberland County
42041,50-64,50590,Pennsylvania,Cumberland County
42041,65+,49724,Pennsylvania,Cumberland County
42043,0-4,17211,Pennsylvania,Dauphin County
42043,18-49,115910,Pennsylvania,Dauphin County
42043,5-17,47322,Pennsylvania,Dauphin County
42043,50-64,56152,Pennsylvania,Dauphin County
42043,65+,50889,Pennsylvania,Dauphin County
42045,0-4,33040,Pennsylvania,Delaware County
42045,18-49,237064,Pennsylvania,Delaware County
42045,5-17,94319,Pennsylvania,Delaware County
42045,50-64,113682,Pennsylvania,Delaware County
42045,65+,98090,Pennsylvania,Delaware County
42047,0-4,1387,Pennsylvania,Elk County
42047,18-49,10213,Pennsylvania,Elk County
42047,5-17,4441,Pennsylvania,Elk County
42047,50-64,7474,Pennsylvania,Elk County
42047,65+,7188,Pennsylvania,Elk County
42049,0-4,14127,Pennsylvania,Erie County
42049,18-49,107745,Pennsylvania,Erie County
42049,5-17,42211,Pennsylvania,Erie County
42049,50-64,53669,Pennsylvania,Erie County
42049,65+,51792,Pennsylvania,Erie County
42051,0-4,6213,Pennsylvania,Fayette County
42051,18-49,46074,Pennsylvania,Fayette County
42051,5-17,18342,Pennsylvania,Fayette County
42051,50-64,28192,Pennsylvania,Fayette County
42051,65+,28146,Pennsylvania,Fayette County
42053,0-4,35,Pennsylvania,Forest County
42053,18-49,3314,Pennsylvania,Forest County
42053,5-17,212,Pennsylvania,Forest County
42053,50-64,1596,Pennsylvania,Forest County
42053,65+,1628,Pennsylvania,Forest County
42055,0-4,8827,Pennsylvania,Franklin County
42055,18-49,58692,Pennsylvania,Franklin County
42055,5-17,25812,Pennsylvania,Franklin County
42055,50-64,32008,Pennsylvania,Franklin County
42055,65+,31287,Pennsylvania,Franklin County
42057,0-4,691,Pennsylvania,Fulton County
42057,18-49,5171,Pennsylvania,Fulton County
42057,5-17,2191,Pennsylvania,Fulton County
42057,50-64,3264,Pennsylvania,Fulton County
42057,65+,3228,Pennsylvania,Fulton County
42059,0-4,1638,Pennsylvania,Greene County
42059,18-49,14019,Pennsylvania,Greene County
42059,5-17,5102,Pennsylvania,Greene County
42059,50-64,7449,Pennsylvania,Greene County
42059,65+,7057,Pennsylvania,Greene County
42061,0-4,1954,Pennsylvania,Huntingdon County
42061,18-49,17540,Pennsylvania,Huntingdon County
42061,5-17,5885,Pennsylvania,Huntingdon County
42061,50-64,9019,Pennsylvania,Huntingdon County
42061,65+,9446,Pennsylvania,Huntingdon County
42063,0-4,3746,Pennsylvania,Indiana County
42063,18-49,35207,Pennsylvania,Indiana County
42063,5-17,11298,Pennsylvania,Indiana County
42063,50-64,16280,Pennsylvania,Indiana County
42063,65+,16682,Pennsylvania,Indiana County
42065,0-4,2406,Pennsylvania,Jefferson County
42065,18-49,15588,Pennsylvania,Jefferson County
42065,5-17,7041,Pennsylvania,Jefferson County
42065,50-64,9494,Pennsylvania,Jefferson County
42065,65+,9570,Pennsylvania,Jefferson County
42067,0-4,1394,Pennsylvania,Juniata County
42067,18-49,8356,Pennsylvania,Juniata County
42067,5-17,3820,Pennsylvania,Juniata County
42067,50-64,4945,Pennsylvania,Juniata County
42067,65+,4904,Pennsylvania,Juniata County
42069,0-4,10990,Pennsylvania,Lackawanna County
42069,18-49,83806,Pennsylvania,Lackawanna County
42069,5-17,33309,Pennsylvania,Lackawanna County
42069,50-64,44013,Pennsylvania,Lackawanna County
42069,65+,43716,Pennsylvania,Lackawanna County
42071,0-4,34742,Pennsylvania,Lancaster County
42071,18-49,215988,Pennsylvania,Lancaster County
42071,5-17,94351,Pennsylvania,Lancaster County
42071,50-64,103490,Pennsylvania,Lancaster County
42071,65+,106580,Pennsylvania,Lancaster County
42073,0-4,4334,Pennsylvania,Lawrence County
42073,18-49,30448,Pennsylvania,Lawrence County
42073,5-17,12823,Pennsylvania,Lawrence County
42073,50-64,18210,Pennsylvania,Lawrence County
42073,65+,19608,Pennsylvania,Lawrence County
42075,0-4,8103,Pennsylvania,Lebanon County
42075,18-49,54053,Pennsylvania,Lebanon County
42075,5-17,24470,Pennsylvania,Lebanon County
42075,50-64,28051,Pennsylvania,Lebanon County
42075,65+,28915,Pennsylvania,Lebanon County
42077,0-4,21721,Pennsylvania,Lehigh County
42077,18-49,153140,Pennsylvania,Lehigh County
42077,5-17,62823,Pennsylvania,Lehigh County
42077,50-64,72598,Pennsylvania,Lehigh County
42077,65+,65126,Pennsylvania,Lehigh County
42079,0-4,17194,Pennsylvania,Luzerne County
42079,18-49,127345,Pennsylvania,Luzerne County
42079,5-17,48857,Pennsylvania,Luzerne County
42079,50-64,67575,Pennsylvania,Luzerne County
42079,65+,65007,Pennsylvania,Luzerne County
42081,0-4,5905,Pennsylvania,Lycoming County
42081,18-49,44052,Pennsylvania,Lycoming County
42081,5-17,17518,Pennsylvania,Lycoming County
42081,50-64,23141,Pennsylvania,Lycoming County
42081,65+,22954,Pennsylvania,Lycoming County
42083,0-4,1810,Pennsylvania,McKean County
42083,18-49,15269,Pennsylvania,McKean County
42083,5-17,6048,Pennsylvania,McKean County
42083,50-64,8787,Pennsylvania,McKean County
42083,65+,8235,Pennsylvania,McKean County
42085,0-4,5273,Pennsylvania,Mercer County
42085,18-49,40173,Pennsylvania,Mercer County
42085,5-17,15668,Pennsylvania,Mercer County
42085,50-64,23811,Pennsylvania,Mercer County
42085,65+,24927,Pennsylvania,Mercer County
42087,0-4,2984,Pennsylvania,Mifflin County
42087,18-49,15991,Pennsylvania,Mifflin County
42087,5-17,7481,Pennsylvania,Mifflin County
42087,50-64,9593,Pennsylvania,Mifflin County
42087,65+,10025,Pennsylvania,Mifflin County
42089,0-4,7806,Pennsylvania,Monroe County
42089,18-49,63976,Pennsylvania,Monroe County
42089,5-17,24645,Pennsylvania,Monroe County
42089,50-64,39627,Pennsylvania,Monroe County
42089,65+,31730,Pennsylvania,Monroe County
42091,0-4,45608,Pennsylvania,Montgomery County
42091,18-49,341443,Pennsylvania,Montgomery County
42091,5-17,139368,Pennsylvania,Montgomery County
42091,50-64,176505,Pennsylvania,Montgomery County
42091,65+,158301,Pennsylvania,Montgomery County
42093,0-4,989,Pennsylvania,Montour County
42093,18-49,6753,Pennsylvania,Montour County
42093,5-17,2673,Pennsylvania,Montour County
42093,50-64,3787,Pennsylvania,Montour County
42093,65+,3877,Pennsylvania,Montour County
42095,0-4,14867,Pennsylvania,Northampton County
42095,18-49,126384,Pennsylvania,Northampton County
42095,5-17,46635,Pennsylvania,Northampton County
42095,50-64,65172,Pennsylvania,Northampton County
42095,65+,62869,Pennsylvania,Northampton County
42097,0-4,4635,Pennsylvania,Northumberland County
42097,18-49,33642,Pennsylvania,Northumberland County
42097,5-17,13359,Pennsylvania,Northumberland County
42097,50-64,19533,Pennsylvania,Northumberland County
42097,65+,19756,Pennsylvania,Northumberland County
42099,0-4,2465,Pennsylvania,Perry County
42099,18-49,16747,Pennsylvania,Perry County
42099,5-17,7221,Pennsylvania,Perry County
42099,50-64,10411,Pennsylvania,Perry County
42099,65+,9144,Pennsylvania,Perry County
42101,0-4,96502,Pennsylvania,Philadelphia County
42101,18-49,746036,Pennsylvania,Philadelphia County
42101,5-17,242220,Pennsylvania,Philadelphia County
42101,50-64,270545,Pennsylvania,Philadelphia County
42101,65+,227129,Pennsylvania,Philadelphia County
42103,0-4,2206,Pennsylvania,Pike County
42103,18-49,19995,Pennsylvania,Pike County
42103,5-17,8119,Pennsylvania,Pike County
42103,50-64,15216,Pennsylvania,Pike County
42103,65+,14155,Pennsylvania,Pike County
42105,0-4,794,Pennsylvania,Potter County
42105,18-49,5206,Pennsylvania,Potter County
42105,5-17,2500,Pennsylvania,Potter County
42105,50-64,3663,Pennsylvania,Potter County
42105,65+,4113,Pennsylvania,Potter County
42107,0-4,6772,Pennsylvania,Schuylkill County
42107,18-49,53935,Pennsylvania,Schuylkill County
42107,5-17,21756,Pennsylvania,Schuylkill County
42107,50-64,30958,Pennsylvania,Schuylkill County
42107,65+,29838,Pennsylvania,Schuylkill County
42109,0-4,2078,Pennsylvania,Snyder County
42109,18-49,15755,Pennsylvania,Snyder County
42109,5-17,6116,Pennsylvania,Snyder County
42109,50-64,7819,Pennsylvania,Snyder County
42109,65+,7943,Pennsylvania,Snyder County
42111,0-4,3360,Pennsylvania,Somerset County
42111,18-49,26295,Pennsylvania,Somerset County
42111,5-17,9993,Pennsylvania,Somerset County
42111,50-64,16419,Pennsylvania,Somerset County
42111,65+,17188,Pennsylvania,Somerset County
42113,0-4,158,Pennsylvania,Sullivan County
42113,18-49,1875,Pennsylvania,Sullivan County
42113,5-17,437,Pennsylvania,Sullivan County
42113,50-64,1598,Pennsylvania,Sullivan County
42113,65+,1781,Pennsylvania,Sullivan County
42115,0-4,1822,Pennsylvania,Susquehanna County
42115,18-49,12616,Pennsylvania,Susquehanna County
42115,5-17,5390,Pennsylvania,Susquehanna County
42115,50-64,9039,Pennsylvania,Susquehanna County
42115,65+,9482,Pennsylvania,Susquehanna County
42117,0-4,2037,Pennsylvania,Tioga County
42117,18-49,14661,Pennsylvania,Tioga County
42117,5-17,6074,Pennsylvania,Tioga County
42117,50-64,8864,Pennsylvania,Tioga County
42117,65+,9442,Pennsylvania,Tioga County
42119,0-4,1851,Pennsylvania,Union County
42119,18-49,18879,Pennsylvania,Union County
42119,5-17,5600,Pennsylvania,Union County
42119,50-64,7958,Pennsylvania,Union County
42119,65+,8282,Pennsylvania,Union County
42121,0-4,2434,Pennsylvania,Venango County
42121,18-49,16787,Pennsylvania,Venango County
42121,5-17,7148,Pennsylvania,Venango County
42121,50-64,11592,Pennsylvania,Venango County
42121,65+,12135,Pennsylvania,Venango County
42123,0-4,1979,Pennsylvania,Warren County
42123,18-49,12641,Pennsylvania,Warren County
42123,5-17,5506,Pennsylvania,Warren County
42123,50-64,8808,Pennsylvania,Warren County
42123,65+,9240,Pennsylvania,Warren County
42125,0-4,10442,Pennsylvania,Washington County
42125,18-49,77893,Pennsylvania,Washington County
42125,5-17,30813,Pennsylvania,Washington County
42125,50-64,45493,Pennsylvania,Washington County
42125,65+,45137,Pennsylvania,Washington County
42127,0-4,2081,Pennsylvania,Wayne County
42127,18-49,17778,Pennsylvania,Wayne County
42127,5-17,6434,Pennsylvania,Wayne County
42127,50-64,12090,Pennsylvania,Wayne County
42127,65+,12806,Pennsylvania,Wayne County
42129,0-4,15319,Pennsylvania,Westmoreland County
42129,18-49,124100,Pennsylvania,Westmoreland County
42129,5-17,49412,Pennsylvania,Westmoreland County
42129,50-64,80601,Pennsylvania,Westmoreland County
42129,65+,83913,Pennsylvania,Westmoreland County
42131,0-4,1208,Pennsylvania,Wyoming County
42131,18-49,9494,Pennsylvania,Wyoming County
42131,5-17,3830,Pennsylvania,Wyoming County
42131,50-64,5697,Pennsylvania,Wyoming County
42131,65+,5846,Pennsylvania,Wyoming County
42133,0-4,25011,Pennsylvania,York County
42133,18-49,177942,Pennsylvania,York County
42133,5-17,76019,Pennsylvania,York County
42133,50-64,95688,Pennsylvania,York County
42133,65+,84652,Pennsylvania,York County
44001,0-4,1813,Rhode Island,Bristol County
44001,18-49,19695,Rhode Island,Bristol County
44001,5-17,7350,Rhode Island,Bristol County
44001,50-64,11359,Rhode Island,Bristol County
44001,65+,10351,Rhode Island,Bristol County
44003,0-4,7870,Rhode Island,Kent County
44003,18-49,67178,Rhode Island,Kent County
44003,5-17,23365,Rhode Island,Kent County
44003,50-64,38256,Rhode Island,Kent County
44003,65+,33989,Rhode Island,Kent County
44005,0-4,3407,Rhode Island,Newport County
44005,18-49,31994,Rhode Island,Newport County
44005,5-17,10492,Rhode Island,Newport County
44005,50-64,18423,Rhode Island,Newport County
44005,65+,20779,Rhode Island,Newport County
44007,0-4,36064,Rhode Island,Providence County
44007,18-49,291754,Rhode Island,Providence County
44007,5-17,97754,Rhode Island,Providence County
44007,50-64,128006,Rhode Island,Providence County
44007,65+,105399,Rhode Island,Providence County
44009,0-4,4659,Rhode Island,Washington County
44009,18-49,50955,Rhode Island,Washington County
44009,5-17,15706,Rhode Island,Washington County
44009,50-64,29350,Rhode Island,Washington County
44009,65+,29403,Rhode Island,Washington County
45001,0-4,1148,South Carolina,Abbeville County
45001,18-49,8895,South Carolina,Abbeville County
45001,5-17,3632,South Carolina,Abbeville County
45001,50-64,5181,South Carolina,Abbeville County
45001,65+,5496,South Carolina,Abbeville County
45003,0-4,9776,South Carolina,Aiken County
45003,18-49,65025,South Carolina,Aiken County
45003,5-17,27288,South Carolina,Aiken County
45003,50-64,34851,South Carolina,Aiken County
45003,65+,35009,South Carolina,Aiken County
45005,0-4,365,South Carolina,Allendale County
45005,18-49,3149,South Carolina,Allendale County
45005,5-17,1082,South Carolina,Allendale County
45005,50-64,1462,South Carolina,Allendale County
45005,65+,1680,South Carolina,Allendale County
45007,0-4,11609,South Carolina,Anderson County
45007,18-49,80720,South Carolina,Anderson County
45007,5-17,35509,South Carolina,Anderson County
45007,50-64,41700,South Carolina,Anderson County
45007,65+,37680,South Carolina,Anderson County
45009,0-4,616,South Carolina,Bamberg County
45009,18-49,5034,South Carolina,Bamberg County
45009,5-17,1828,South Carolina,Bamberg County
45009,50-64,2597,South Carolina,Bamberg County
45009,65+,3089,South Carolina,Bamberg County
45011,0-4,1357,South Carolina,Barnwell County
45011,18-49,7739,South Carolina,Barnwell County
45011,5-17,3509,South Carolina,Barnwell County
45011,50-64,4068,South Carolina,Barnwell County
45011,65+,3892,South Carolina,Barnwell County
45013,0-4,9141,South Carolina,Beaufort County
45013,18-49,67287,South Carolina,Beaufort County
45013,5-17,25055,South Carolina,Beaufort County
45013,50-64,37024,South Carolina,Beaufort County
45013,65+,53616,South Carolina,Beaufort County
45015,0-4,14798,South Carolina,Berkeley County
45015,18-49,103692,South Carolina,Berkeley County
45015,5-17,42019,South Carolina,Berkeley County
45015,50-64,43495,South Carolina,Berkeley County
45015,65+,34719,South Carolina,Berkeley County
45017,0-4,660,South Carolina,Calhoun County
45017,18-49,4932,South Carolina,Calhoun County
45017,5-17,1992,South Carolina,Calhoun County
45017,50-64,3149,South Carolina,Calhoun County
45017,65+,3417,South Carolina,Calhoun County
45019,0-4,23500,South Carolina,Charleston County
45019,18-49,182491,South Carolina,Charleston County
45019,5-17,57998,South Carolina,Charleston County
45019,50-64,78244,South Carolina,Charleston County
45019,65+,72478,South Carolina,Charleston County
45021,0-4,3318,South Carolina,Cherokee County
45021,18-49,22332,South Carolina,Cherokee County
45021,5-17,9609,South Carolina,Cherokee County
45021,50-64,11410,South Carolina,Cherokee County
45021,65+,9630,South Carolina,Cherokee County
45023,0-4,1737,South Carolina,Chester County
45023,18-49,11969,South Carolina,Chester County
45023,5-17,5475,South Carolina,Chester County
45023,50-64,6917,South Carolina,Chester County
45023,65+,6079,South Carolina,Chester County
45025,0-4,2413,South Carolina,Chesterfield County
45025,18-49,16157,South Carolina,Chesterfield County
45025,5-17,7250,South Carolina,Chesterfield County
45025,50-64,9502,South Carolina,Chesterfield County
45025,65+,8253,South Carolina,Chesterfield County
45027,0-4,1388,South Carolina,Clarendon County
45027,18-49,11035,South Carolina,Clarendon County
45027,5-17,4368,South Carolina,Clarendon County
45027,50-64,6672,South Carolina,Clarendon County
45027,65+,7574,South Carolina,Clarendon County
45029,0-4,2144,South Carolina,Colleton County
45029,18-49,14009,South Carolina,Colleton County
45029,5-17,6619,South Carolina,Colleton County
45029,50-64,8080,South Carolina,Colleton County
45029,65+,7771,South Carolina,Colleton County
45031,0-4,3464,South Carolina,Darlington County
45031,18-49,23835,South Carolina,Darlington County
45031,5-17,10588,South Carolina,Darlington County
45031,50-64,12640,South Carolina,Darlington County
45031,65+,12227,South Carolina,Darlington County
45033,0-4,1982,South Carolina,Dillon County
45033,18-49,10747,South Carolina,Dillon County
45033,5-17,5142,South Carolina,Dillon County
45033,50-64,5308,South Carolina,Dillon County
45033,65+,4852,South Carolina,Dillon County
45035,0-4,9560,South Carolina,Dorchester County
45035,18-49,68948,South Carolina,Dorchester County
45035,5-17,30189,South Carolina,Dorchester County
45035,50-64,31278,South Carolina,Dorchester County
45035,65+,24347,South Carolina,Dorchester County
45037,0-4,1064,South Carolina,Edgefield County
45037,18-49,10978,South Carolina,Edgefield County
45037,5-17,3509,South Carolina,Edgefield County
45037,50-64,5765,South Carolina,Edgefield County
45037,65+,5192,South Carolina,Edgefield County
45039,0-4,940,South Carolina,Fairfield County
45039,18-49,7126,South Carolina,Fairfield County
45039,5-17,2879,South Carolina,Fairfield County
45039,50-64,5008,South Carolina,Fairfield County
45039,65+,4788,South Carolina,Fairfield County
45041,0-4,7970,South Carolina,Florence County
45041,18-49,54052,South Carolina,Florence County
45041,5-17,24469,South Carolina,Florence County
45041,50-64,26154,South Carolina,Florence County
45041,65+,24276,South Carolina,Florence County
45043,0-4,2609,South Carolina,Georgetown County
45043,18-49,19729,South Carolina,Georgetown County
45043,5-17,8490,South Carolina,Georgetown County
45043,50-64,14220,South Carolina,Georgetown County
45043,65+,19152,South Carolina,Georgetown County
45045,0-4,32495,South Carolina,Greenville County
45045,18-49,224023,South Carolina,Greenville County
45045,5-17,91625,South Carolina,Greenville County
45045,50-64,101268,South Carolina,Greenville County
45045,65+,88164,South Carolina,Greenville County
45047,0-4,4088,South Carolina,Greenwood County
45047,18-49,27188,South Carolina,Greenwood County
45047,5-17,11539,South Carolina,Greenwood County
45047,50-64,13271,South Carolina,Greenwood County
45047,65+,13243,South Carolina,Greenwood County
45049,0-4,976,South Carolina,Hampton County
45049,18-49,7593,South Carolina,Hampton County
45049,5-17,2857,South Carolina,Hampton County
45049,50-64,3624,South Carolina,Hampton County
45049,65+,3505,South Carolina,Hampton County
45051,0-4,15769,South Carolina,Horry County
45051,18-49,128133,South Carolina,Horry County
45051,5-17,47849,South Carolina,Horry County
45051,50-64,82319,South Carolina,Horry County
45051,65+,94867,South Carolina,Horry County
45053,0-4,1731,South Carolina,Jasper County
45053,18-49,11388,South Carolina,Jasper County
45053,5-17,4107,South Carolina,Jasper County
45053,50-64,6701,South Carolina,Jasper County
45053,65+,6731,South Carolina,Jasper County
45055,0-4,3766,South Carolina,Kershaw County
45055,18-49,25193,South Carolina,Kershaw County
45055,5-17,11791,South Carolina,Kershaw County
45055,50-64,13533,South Carolina,Kershaw County
45055,65+,12641,South Carolina,Kershaw County
45057,0-4,5673,South Carolina,Lancaster County
45057,18-49,38331,South Carolina,Lancaster County
45057,5-17,16134,South Carolina,Lancaster County
45057,50-64,19068,South Carolina,Lancaster County
45057,65+,21699,South Carolina,Lancaster County
45059,0-4,3859,South Carolina,Laurens County
45059,18-49,26171,South Carolina,Laurens County
45059,5-17,11088,South Carolina,Laurens County
45059,50-64,13983,South Carolina,Laurens County
45059,65+,12803,South Carolina,Laurens County
45061,0-4,793,South Carolina,Lee County
45061,18-49,6588,South Carolina,Lee County
45061,5-17,2286,South Carolina,Lee County
45061,50-64,3381,South Carolina,Lee County
45061,65+,3282,South Carolina,Lee County
45063,0-4,16975,South Carolina,Lexington County
45063,18-49,120838,South Carolina,Lexington County
45063,5-17,52485,South Carolina,Lexington County
45063,50-64,59868,South Carolina,Lexington County
45063,65+,50204,South Carolina,Lexington County
45065,0-4,243,South Carolina,McCormick County
45065,18-49,2729,South Carolina,McCormick County
45065,5-17,771,South Carolina,McCormick County
45065,50-64,2288,South Carolina,McCormick County
45065,65+,3670,South Carolina,McCormick County
45067,0-4,1517,South Carolina,Marion County
45067,18-49,10519,South Carolina,Marion County
45067,5-17,4977,South Carolina,Marion County
45067,50-64,5783,South Carolina,Marion County
45067,65+,6104,South Carolina,Marion County
45069,0-4,1380,South Carolina,Marlboro County
45069,18-49,10640,South Carolina,Marlboro County
45069,5-17,3898,South Carolina,Marlboro County
45069,50-64,5466,South Carolina,Marlboro County
45069,65+,4901,South Carolina,Marlboro County
45071,0-4,2086,South Carolina,Newberry County
45071,18-49,14434,South Carolina,Newberry County
45071,5-17,6188,South Carolina,Newberry County
45071,50-64,7820,South Carolina,Newberry County
45071,65+,7593,South Carolina,Newberry County
45073,0-4,3544,South Carolina,Oconee County
45073,18-49,27374,South Carolina,Oconee County
45073,5-17,11858,South Carolina,Oconee County
45073,50-64,17526,South Carolina,Oconee County
45073,65+,19264,South Carolina,Oconee County
45075,0-4,4387,South Carolina,Orangeburg County
45075,18-49,31608,South Carolina,Orangeburg County
45075,5-17,13667,South Carolina,Orangeburg County
45075,50-64,16642,South Carolina,Orangeburg County
45075,65+,17227,South Carolina,Orangeburg County
45077,0-4,6239,South Carolina,Pickens County
45077,18-49,60978,South Carolina,Pickens County
45077,5-17,18611,South Carolina,Pickens County
45077,50-64,24182,South Carolina,Pickens County
45077,65+,22594,South Carolina,Pickens County
45079,0-4,23473,South Carolina,Richland County
45079,18-49,199068,South Carolina,Richland County
45079,5-17,67340,South Carolina,Richland County
45079,50-64,71443,South Carolina,Richland County
45079,65+,57401,South Carolina,Richland County
45081,0-4,1104,South Carolina,Saluda County
45081,18-49,6885,South Carolina,Saluda County
45081,5-17,3042,South Carolina,Saluda County
45081,50-64,4108,South Carolina,Saluda County
45081,65+,3819,South Carolina,Saluda County
45083,0-4,20449,South Carolina,Spartanburg County
45083,18-49,139596,South Carolina,Spartanburg County
45083,5-17,58679,South Carolina,Spartanburg County
45083,50-64,64630,South Carolina,Spartanburg County
45083,65+,54742,South Carolina,Spartanburg County
45085,0-4,6803,South Carolina,Sumter County
45085,18-49,42248,South Carolina,Sumter County
45085,5-17,18252,South Carolina,Sumter County
45085,50-64,19326,South Carolina,Sumter County
45085,65+,18224,South Carolina,Sumter County
45087,0-4,1461,South Carolina,Union County
45087,18-49,9725,South Carolina,Union County
45087,5-17,4225,South Carolina,Union County
45087,50-64,5928,South Carolina,Union County
45087,65+,5651,South Carolina,Union County
45089,0-4,1448,South Carolina,Williamsburg County
45089,18-49,11447,South Carolina,Williamsburg County
45089,5-17,4556,South Carolina,Williamsburg County
45089,50-64,6357,South Carolina,Williamsburg County
45089,65+,6709,South Carolina,Williamsburg County
45091,0-4,16050,South Carolina,York County
45091,18-49,119979,South Carolina,York County
45091,5-17,52870,South Carolina,York County
45091,50-64,56346,South Carolina,York County
45091,65+,43314,South Carolina,York County
46003,0-4,164,South Dakota,Aurora County
46003,18-49,926,South Dakota,Aurora County
46003,5-17,466,South Dakota,Aurora County
46003,50-64,478,South Dakota,Aurora County
46003,65+,539,South Dakota,Aurora County
46005,0-4,1558,South Dakota,Beadle County
46005,18-49,6878,South Dakota,Beadle County
46005,5-17,3924,South Dakota,Beadle County
46005,50-64,3396,South Dakota,Beadle County
46005,65+,3523,South Dakota,Beadle County
46007,0-4,287,South Dakota,Bennett County
46007,18-49,1305,South Dakota,Bennett County
46007,5-17,867,South Dakota,Bennett County
46007,50-64,383,South Dakota,Bennett County
46007,65+,512,South Dakota,Bennett County
46009,0-4,336,South Dakota,Bon Homme County
46009,18-49,2852,South Dakota,Bon Homme County
46009,5-17,962,South Dakota,Bon Homme County
46009,50-64,1379,South Dakota,Bon Homme County
46009,65+,1495,South Dakota,Bon Homme County
46011,0-4,2010,South Dakota,Brookings County
46011,18-49,18341,South Dakota,Brookings County
46011,5-17,5369,South Dakota,Brookings County
46011,50-64,4601,South Dakota,Brookings County
46011,65+,4647,South Dakota,Brookings County
46013,0-4,2222,South Dakota,Brown County
46013,18-49,15089,South Dakota,Brown County
46013,5-17,6867,South Dakota,Brown County
46013,50-64,7193,South Dakota,Brown County
46013,65+,6708,South Dakota,Brown County
46015,0-4,300,South Dakota,Brule County
46015,18-49,1834,South Dakota,Brule County
46015,5-17,983,South Dakota,Brule County
46015,50-64,1078,South Dakota,Brule County
46015,65+,1066,South Dakota,Brule County
46017,0-4,213,South Dakota,Buffalo County
46017,18-49,699,South Dakota,Buffalo County
46017,5-17,424,South Dakota,Buffalo County
46017,50-64,257,South Dakota,Buffalo County
46017,65+,164,South Dakota,Buffalo County
46019,0-4,663,South Dakota,Butte County
46019,18-49,3732,South Dakota,Butte County
46019,5-17,1888,South Dakota,Butte County
46019,50-64,2175,South Dakota,Butte County
46019,65+,2080,South Dakota,Butte County
46021,0-4,84,South Dakota,Campbell County
46021,18-49,374,South Dakota,Campbell County
46021,5-17,226,South Dakota,Campbell County
46021,50-64,377,South Dakota,Campbell County
46021,65+,420,South Dakota,Campbell County
46023,0-4,786,South Dakota,Charles Mix County
46023,18-49,3105,South Dakota,Charles Mix County
46023,5-17,2073,South Dakota,Charles Mix County
46023,50-64,1604,South Dakota,Charles Mix County
46023,65+,1713,South Dakota,Charles Mix County
46025,0-4,339,South Dakota,Clark County
46025,18-49,1158,South Dakota,Clark County
46025,5-17,791,South Dakota,Clark County
46025,50-64,682,South Dakota,Clark County
46025,65+,906,South Dakota,Clark County
46027,0-4,758,South Dakota,Clay County
46027,18-49,8679,South Dakota,Clay County
46027,5-17,1908,South Dakota,Clay County
46027,50-64,1945,South Dakota,Clay County
46027,65+,1843,South Dakota,Clay County
46029,0-4,1564,South Dakota,Codington County
46029,18-49,10955,South Dakota,Codington County
46029,5-17,5111,South Dakota,Codington County
46029,50-64,5496,South Dakota,Codington County
46029,65+,5430,South Dakota,Codington County
46031,0-4,393,South Dakota,Corson County
46031,18-49,1359,South Dakota,Corson County
46031,5-17,979,South Dakota,Corson County
46031,50-64,631,South Dakota,Corson County
46031,65+,497,South Dakota,Corson County
46033,0-4,334,South Dakota,Custer County
46033,18-49,2394,South Dakota,Custer County
46033,5-17,868,South Dakota,Custer County
46033,50-64,2263,South Dakota,Custer County
46033,65+,2827,South Dakota,Custer County
46035,0-4,1353,South Dakota,Davison County
46035,18-49,7632,South Dakota,Davison County
46035,5-17,3369,South Dakota,Davison County
46035,50-64,3538,South Dakota,Davison County
46035,65+,4044,South Dakota,Davison County
46037,0-4,281,South Dakota,Day County
46037,18-49,1646,South Dakota,Day County
46037,5-17,970,South Dakota,Day County
46037,50-64,1128,South Dakota,Day County
46037,65+,1435,South Dakota,Day County
46039,0-4,255,South Dakota,Deuel County
46039,18-49,1483,South Dakota,Deuel County
46039,5-17,793,South Dakota,Deuel County
46039,50-64,841,South Dakota,Deuel County
46039,65+,946,South Dakota,Deuel County
46041,0-4,577,South Dakota,Dewey County
46041,18-49,1935,South Dakota,Dewey County
46041,5-17,1391,South Dakota,Dewey County
46041,50-64,809,South Dakota,Dewey County
46041,65+,518,South Dakota,Dewey County
46043,0-4,225,South Dakota,Douglas County
46043,18-49,849,South Dakota,Douglas County
46043,5-17,514,South Dakota,Douglas County
46043,50-64,574,South Dakota,Douglas County
46043,65+,661,South Dakota,Douglas County
46045,0-4,354,South Dakota,Edmunds County
46045,18-49,1259,South Dakota,Edmunds County
46045,5-17,620,South Dakota,Edmunds County
46045,50-64,896,South Dakota,Edmunds County
46045,65+,904,South Dakota,Edmunds County
46047,0-4,303,South Dakota,Fall River County
46047,18-49,2013,South Dakota,Fall River County
46047,5-17,910,South Dakota,Fall River County
46047,50-64,1733,South Dakota,Fall River County
46047,65+,2220,South Dakota,Fall River County
46049,0-4,92,South Dakota,Faulk County
46049,18-49,712,South Dakota,Faulk County
46049,5-17,438,South Dakota,Faulk County
46049,50-64,373,South Dakota,Faulk County
46049,65+,522,South Dakota,Faulk County
46051,0-4,410,South Dakota,Grant County
46051,18-49,2643,South Dakota,Grant County
46051,5-17,1240,South Dakota,Grant County
46051,50-64,1512,South Dakota,Grant County
46051,65+,1739,South Dakota,Grant County
46053,0-4,234,South Dakota,Gregory County
46053,18-49,1226,South Dakota,Gregory County
46053,5-17,741,South Dakota,Gregory County
46053,50-64,763,South Dakota,Gregory County
46053,65+,1029,South Dakota,Gregory County
46055,0-4,103,South Dakota,Haakon County
46055,18-49,545,South Dakota,Haakon County
46055,5-17,271,South Dakota,Haakon County
46055,50-64,304,South Dakota,Haakon County
46055,65+,485,South Dakota,Haakon County
46057,0-4,628,South Dakota,Hamlin County
46057,18-49,2291,South Dakota,Hamlin County
46057,5-17,1459,South Dakota,Hamlin County
46057,50-64,1019,South Dakota,Hamlin County
46057,65+,891,South Dakota,Hamlin County
46059,0-4,181,South Dakota,Hand County
46059,18-49,1011,South Dakota,Hand County
46059,5-17,561,South Dakota,Hand County
46059,50-64,541,South Dakota,Hand County
46059,65+,751,South Dakota,Hand County
46061,0-4,267,South Dakota,Hanson County
46061,18-49,1214,South Dakota,Hanson County
46061,5-17,755,South Dakota,Hanson County
46061,50-64,685,South Dakota,Hanson County
46061,65+,552,South Dakota,Hanson County
46063,0-4,63,South Dakota,Harding County
46063,18-49,314,South Dakota,Harding County
46063,5-17,174,South Dakota,Harding County
46063,50-64,322,South Dakota,Harding County
46063,65+,219,South Dakota,Harding County
46065,0-4,951,South Dakota,Hughes County
46065,18-49,6789,South Dakota,Hughes County
46065,5-17,3410,South Dakota,Hughes County
46065,50-64,3464,South Dakota,Hughes County
46065,65+,3118,South Dakota,Hughes County
46067,0-4,593,South Dakota,Hutchinson County
46067,18-49,2403,South Dakota,Hutchinson County
46067,5-17,1356,South Dakota,Hutchinson County
46067,50-64,1436,South Dakota,Hutchinson County
46067,65+,1605,South Dakota,Hutchinson County
46069,0-4,95,South Dakota,Hyde County
46069,18-49,374,South Dakota,Hyde County
46069,5-17,171,South Dakota,Hyde County
46069,50-64,319,South Dakota,Hyde County
46069,65+,346,South Dakota,Hyde County
46071,0-4,245,South Dakota,Jackson County
46071,18-49,966,South Dakota,Jackson County
46071,5-17,712,South Dakota,Jackson County
46071,50-64,550,South Dakota,Jackson County
46071,65+,353,South Dakota,Jackson County
46073,0-4,111,South Dakota,Jerauld County
46073,18-49,549,South Dakota,Jerauld County
46073,5-17,321,South Dakota,Jerauld County
46073,50-64,327,South Dakota,Jerauld County
46073,65+,537,South Dakota,Jerauld County
46075,0-4,141,South Dakota,Jones County
46075,18-49,351,South Dakota,Jones County
46075,5-17,187,South Dakota,Jones County
46075,50-64,128,South Dakota,Jones County
46075,65+,223,South Dakota,Jones County
46077,0-4,348,South Dakota,Kingsbury County
46077,18-49,1667,South Dakota,Kingsbury County
46077,5-17,972,South Dakota,Kingsbury County
46077,50-64,1027,South Dakota,Kingsbury County
46077,65+,1196,South Dakota,Kingsbury County
46079,0-4,488,South Dakota,Lake County
46079,18-49,4043,South Dakota,Lake County
46079,5-17,1686,South Dakota,Lake County
46079,50-64,2232,South Dakota,Lake County
46079,65+,2603,South Dakota,Lake County
46081,0-4,1019,South Dakota,Lawrence County
46081,18-49,10326,South Dakota,Lawrence County
46081,5-17,3447,South Dakota,Lawrence County
46081,50-64,5369,South Dakota,Lawrence County
46081,65+,6413,South Dakota,Lawrence County
46083,0-4,4378,South Dakota,Lincoln County
46083,18-49,29380,South Dakota,Lincoln County
46083,5-17,14051,South Dakota,Lincoln County
46083,50-64,10760,South Dakota,Lincoln County
46083,65+,9717,South Dakota,Lincoln County
46085,0-4,306,South Dakota,Lyman County
46085,18-49,1330,South Dakota,Lyman County
46085,5-17,745,South Dakota,Lyman County
46085,50-64,667,South Dakota,Lyman County
46085,65+,669,South Dakota,Lyman County
46087,0-4,453,South Dakota,McCook County
46087,18-49,1985,South Dakota,McCook County
46087,5-17,1171,South Dakota,McCook County
46087,50-64,1066,South Dakota,McCook County
46087,65+,1057,South Dakota,McCook County
46089,0-4,133,South Dakota,McPherson County
46089,18-49,672,South Dakota,McPherson County
46089,5-17,350,South Dakota,McPherson County
46089,50-64,422,South Dakota,McPherson County
46089,65+,701,South Dakota,McPherson County
46091,0-4,314,South Dakota,Marshall County
46091,18-49,1423,South Dakota,Marshall County
46091,5-17,722,South Dakota,Marshall County
46091,50-64,911,South Dakota,Marshall County
46091,65+,985,South Dakota,Marshall County
46093,0-4,1571,South Dakota,Meade County
46093,18-49,13249,South Dakota,Meade County
46093,5-17,4999,South Dakota,Meade County
46093,50-64,5541,South Dakota,Meade County
46093,65+,4937,South Dakota,Meade County
46095,0-4,156,South Dakota,Mellette County
46095,18-49,777,South Dakota,Mellette County
46095,5-17,490,South Dakota,Mellette County
46095,50-64,310,South Dakota,Mellette County
46095,65+,310,South Dakota,Mellette County
46097,0-4,113,South Dakota,Miner County
46097,18-49,733,South Dakota,Miner County
46097,5-17,357,South Dakota,Miner County
46097,50-64,517,South Dakota,Miner County
46097,65+,579,South Dakota,Miner County
46099,0-4,14412,South Dakota,Minnehaha County
46099,18-49,86624,South Dakota,Minnehaha County
46099,5-17,36856,South Dakota,Minnehaha County
46099,50-64,35479,South Dakota,Minnehaha County
46099,65+,27318,South Dakota,Minnehaha County
46101,0-4,462,South Dakota,Moody County
46101,18-49,2093,South Dakota,Moody County
46101,5-17,1251,South Dakota,Moody County
46101,50-64,1289,South Dakota,Moody County
46101,65+,1276,South Dakota,Moody County
46102,0-4,1253,South Dakota,Oglala Lakota County
46102,18-49,5732,South Dakota,Oglala Lakota County
46102,5-17,3652,South Dakota,Oglala Lakota County
46102,50-64,1989,South Dakota,Oglala Lakota County
46102,65+,961,South Dakota,Oglala Lakota County
46103,0-4,6765,South Dakota,Pennington County
46103,18-49,42930,South Dakota,Pennington County
46103,5-17,18154,South Dakota,Pennington County
46103,50-64,22239,South Dakota,Pennington County
46103,65+,21993,South Dakota,Pennington County
46105,0-4,219,South Dakota,Perkins County
46105,18-49,1035,South Dakota,Perkins County
46105,5-17,480,South Dakota,Perkins County
46105,50-64,526,South Dakota,Perkins County
46105,65+,798,South Dakota,Perkins County
46107,0-4,140,South Dakota,Potter County
46107,18-49,745,South Dakota,Potter County
46107,5-17,410,South Dakota,Potter County
46107,50-64,457,South Dakota,Potter County
46107,65+,678,South Dakota,Potter County
46109,0-4,775,South Dakota,Roberts County
46109,18-49,3388,South Dakota,Roberts County
46109,5-17,2069,South Dakota,Roberts County
46109,50-64,1886,South Dakota,Roberts County
46109,65+,2101,South Dakota,Roberts County
46111,0-4,191,South Dakota,Sanborn County
46111,18-49,782,South Dakota,Sanborn County
46111,5-17,467,South Dakota,Sanborn County
46111,50-64,455,South Dakota,Sanborn County
46111,65+,475,South Dakota,Sanborn County
46115,0-4,416,South Dakota,Spink County
46115,18-49,2053,South Dakota,Spink County
46115,5-17,970,South Dakota,Spink County
46115,50-64,1345,South Dakota,Spink County
46115,65+,1499,South Dakota,Spink County
46117,0-4,97,South Dakota,Stanley County
46117,18-49,995,South Dakota,Stanley County
46117,5-17,552,South Dakota,Stanley County
46117,50-64,693,South Dakota,Stanley County
46117,65+,675,South Dakota,Stanley County
46119,0-4,69,South Dakota,Sully County
46119,18-49,448,South Dakota,Sully County
46119,5-17,218,South Dakota,Sully County
46119,50-64,393,South Dakota,Sully County
46119,65+,353,South Dakota,Sully County
46121,0-4,1013,South Dakota,Todd County
46121,18-49,3758,South Dakota,Todd County
46121,5-17,2637,South Dakota,Todd County
46121,50-64,1161,South Dakota,Todd County
46121,65+,724,South Dakota,Todd County
46123,0-4,377,South Dakota,Tripp County
46123,18-49,1804,South Dakota,Tripp County
46123,5-17,905,South Dakota,Tripp County
46123,50-64,1176,South Dakota,Tripp County
46123,65+,1345,South Dakota,Tripp County
46125,0-4,506,South Dakota,Turner County
46125,18-49,3111,South Dakota,Turner County
46125,5-17,1709,South Dakota,Turner County
46125,50-64,1661,South Dakota,Turner County
46125,65+,1785,South Dakota,Turner County
46127,0-4,901,South Dakota,Union County
46127,18-49,6452,South Dakota,Union County
46127,5-17,3191,South Dakota,Union County
46127,50-64,3176,South Dakota,Union County
46127,65+,3196,South Dakota,Union County
46129,0-4,364,South Dakota,Walworth County
46129,18-49,1833,South Dakota,Walworth County
46129,5-17,881,South Dakota,Walworth County
46129,50-64,993,South Dakota,Walworth County
46129,65+,1227,South Dakota,Walworth County
46135,0-4,1222,South Dakota,Yankton County
46135,18-49,8805,South Dakota,Yankton County
46135,5-17,3796,South Dakota,Yankton County
46135,50-64,4758,South Dakota,Yankton County
46135,65+,4798,South Dakota,Yankton County
46137,0-4,187,South Dakota,Ziebach County
46137,18-49,1059,South Dakota,Ziebach County
46137,5-17,442,South Dakota,Ziebach County
46137,50-64,456,South Dakota,Ziebach County
46137,65+,266,South Dakota,Ziebach County
47001,0-4,4096,Tennessee,Anderson County
47001,18-49,29714,Tennessee,Anderson County
47001,5-17,12620,Tennessee,Anderson County
47001,50-64,15996,Tennessee,Anderson County
47001,65+,15749,Tennessee,Anderson County
47003,0-4,3387,Tennessee,Bedford County
47003,18-49,20984,Tennessee,Bedford County
47003,5-17,9700,Tennessee,Bedford County
47003,50-64,9762,Tennessee,Bedford County
47003,65+,7458,Tennessee,Bedford County
47005,0-4,793,Tennessee,Benton County
47005,18-49,5200,Tennessee,Benton County
47005,5-17,2521,Tennessee,Benton County
47005,50-64,3648,Tennessee,Benton County
47005,65+,3786,Tennessee,Benton County
47007,0-4,628,Tennessee,Bledsoe County
47007,18-49,6123,Tennessee,Bledsoe County
47007,5-17,1763,Tennessee,Bledsoe County
47007,50-64,3362,Tennessee,Bledsoe County
47007,65+,3029,Tennessee,Bledsoe County
47009,0-4,6740,Tennessee,Blount County
47009,18-49,51823,Tennessee,Blount County
47009,5-17,20730,Tennessee,Blount County
47009,50-64,29856,Tennessee,Blount County
47009,65+,28598,Tennessee,Blount County
47011,0-4,6162,Tennessee,Bradley County
47011,18-49,44885,Tennessee,Bradley County
47011,5-17,17897,Tennessee,Bradley County
47011,50-64,22060,Tennessee,Bradley County
47011,65+,18739,Tennessee,Bradley County
47013,0-4,2141,Tennessee,Campbell County
47013,18-49,14785,Tennessee,Campbell County
47013,5-17,5935,Tennessee,Campbell County
47013,50-64,8493,Tennessee,Campbell County
47013,65+,8214,Tennessee,Campbell County
47015,0-4,845,Tennessee,Cannon County
47015,18-49,5633,Tennessee,Cannon County
47015,5-17,2421,Tennessee,Cannon County
47015,50-64,3211,Tennessee,Cannon County
47015,65+,2551,Tennessee,Cannon County
47017,0-4,1511,Tennessee,Carroll County
47017,18-49,10816,Tennessee,Carroll County
47017,5-17,4713,Tennessee,Carroll County
47017,50-64,5767,Tennessee,Carroll County
47017,65+,5654,Tennessee,Carroll County
47019,0-4,2250,Tennessee,Carter County
47019,18-49,21220,Tennessee,Carter County
47019,5-17,7832,Tennessee,Carter County
47019,50-64,12567,Tennessee,Carter County
47019,65+,12593,Tennessee,Carter County
47021,0-4,2319,Tennessee,Cheatham County
47021,18-49,16459,Tennessee,Cheatham County
47021,5-17,6652,Tennessee,Cheatham County
47021,50-64,9574,Tennessee,Cheatham County
47021,65+,6496,Tennessee,Cheatham County
47023,0-4,948,Tennessee,Chester County
47023,18-49,7386,Tennessee,Chester County
47023,5-17,2832,Tennessee,Chester County
47023,50-64,3196,Tennessee,Chester County
47023,65+,3090,Tennessee,Chester County
47025,0-4,1733,Tennessee,Claiborne County
47025,18-49,12882,Tennessee,Claiborne County
47025,5-17,4385,Tennessee,Claiborne County
47025,50-64,6837,Tennessee,Claiborne County
47025,65+,6384,Tennessee,Claiborne County
47027,0-4,319,Tennessee,Clay County
47027,18-49,2461,Tennessee,Clay County
47027,5-17,1181,Tennessee,Clay County
47027,50-64,1753,Tennessee,Clay County
47027,65+,1907,Tennessee,Clay County
47029,0-4,2098,Tennessee,Cocke County
47029,18-49,12800,Tennessee,Cocke County
47029,5-17,5388,Tennessee,Cocke County
47029,50-64,8236,Tennessee,Cocke County
47029,65+,7981,Tennessee,Cocke County
47031,0-4,3741,Tennessee,Coffee County
47031,18-49,22704,Tennessee,Coffee County
47031,5-17,10584,Tennessee,Coffee County
47031,50-64,11604,Tennessee,Coffee County
47031,65+,10307,Tennessee,Coffee County
47033,0-4,796,Tennessee,Crockett County
47033,18-49,5267,Tennessee,Crockett County
47033,5-17,2465,Tennessee,Crockett County
47033,50-64,2743,Tennessee,Crockett County
47033,65+,2666,Tennessee,Crockett County
47035,0-4,2652,Tennessee,Cumberland County
47035,18-49,18525,Tennessee,Cumberland County
47035,5-17,7834,Tennessee,Cumberland County
47035,50-64,13626,Tennessee,Cumberland County
47035,65+,19892,Tennessee,Cumberland County
47037,0-4,46408,Tennessee,Davidson County
47037,18-49,354345,Tennessee,Davidson County
47037,5-17,101702,Tennessee,Davidson County
47037,50-64,117238,Tennessee,Davidson County
47037,65+,90153,Tennessee,Davidson County
47039,0-4,568,Tennessee,Decatur County
47039,18-49,3990,Tennessee,Decatur County
47039,5-17,1778,Tennessee,Decatur County
47039,50-64,2440,Tennessee,Decatur County
47039,65+,2723,Tennessee,Decatur County
47041,0-4,1513,Tennessee,DeKalb County
47041,18-49,7764,Tennessee,DeKalb County
47041,5-17,2983,Tennessee,DeKalb County
47041,50-64,4426,Tennessee,DeKalb County
47041,65+,3865,Tennessee,DeKalb County
47043,0-4,3251,Tennessee,Dickson County
47043,18-49,22278,Tennessee,Dickson County
47043,5-17,9316,Tennessee,Dickson County
47043,50-64,11170,Tennessee,Dickson County
47043,65+,9182,Tennessee,Dickson County
47045,0-4,2227,Tennessee,Dyer County
47045,18-49,14259,Tennessee,Dyer County
47045,5-17,6527,Tennessee,Dyer County
47045,50-64,7239,Tennessee,Dyer County
47045,65+,6429,Tennessee,Dyer County
47047,0-4,2073,Tennessee,Fayette County
47047,18-49,15011,Tennessee,Fayette County
47047,5-17,5732,Tennessee,Fayette County
47047,50-64,10293,Tennessee,Fayette County
47047,65+,9544,Tennessee,Fayette County
47049,0-4,1026,Tennessee,Fentress County
47049,18-49,6479,Tennessee,Fentress County
47049,5-17,2851,Tennessee,Fentress County
47049,50-64,4226,Tennessee,Fentress County
47049,65+,4366,Tennessee,Fentress County
47051,0-4,2192,Tennessee,Franklin County
47051,18-49,17033,Tennessee,Franklin County
47051,5-17,6349,Tennessee,Franklin County
47051,50-64,8992,Tennessee,Franklin County
47051,65+,8912,Tennessee,Franklin County
47053,0-4,2995,Tennessee,Gibson County
47053,18-49,19573,Tennessee,Gibson County
47053,5-17,9351,Tennessee,Gibson County
47053,50-64,9924,Tennessee,Gibson County
47053,65+,8767,Tennessee,Gibson County
47055,0-4,1727,Tennessee,Giles County
47055,18-49,11121,Tennessee,Giles County
47055,5-17,4586,Tennessee,Giles County
47055,50-64,6682,Tennessee,Giles County
47055,65+,6326,Tennessee,Giles County
47057,0-4,1113,Tennessee,Grainger County
47057,18-49,8620,Tennessee,Grainger County
47057,5-17,3619,Tennessee,Grainger County
47057,50-64,5470,Tennessee,Grainger County
47057,65+,5107,Tennessee,Grainger County
47059,0-4,3248,Tennessee,Greene County
47059,18-49,26500,Tennessee,Greene County
47059,5-17,10357,Tennessee,Greene County
47059,50-64,15378,Tennessee,Greene County
47059,65+,15436,Tennessee,Greene County
47061,0-4,807,Tennessee,Grundy County
47061,18-49,5099,Tennessee,Grundy County
47061,5-17,2098,Tennessee,Grundy County
47061,50-64,2827,Tennessee,Grundy County
47061,65+,2834,Tennessee,Grundy County
47063,0-4,3979,Tennessee,Hamblen County
47063,18-49,24563,Tennessee,Hamblen County
47063,5-17,11539,Tennessee,Hamblen County
47063,50-64,13233,Tennessee,Hamblen County
47063,65+,11616,Tennessee,Hamblen County
47065,0-4,21662,Tennessee,Hamilton County
47065,18-49,154086,Tennessee,Hamilton County
47065,5-17,56858,Tennessee,Hamilton County
47065,50-64,71145,Tennessee,Hamilton County
47065,65+,67162,Tennessee,Hamilton County
47067,0-4,370,Tennessee,Hancock County
47067,18-49,2346,Tennessee,Hancock County
47067,5-17,1083,Tennessee,Hancock County
47067,50-64,1470,Tennessee,Hancock County
47067,65+,1521,Tennessee,Hancock County
47069,0-4,1268,Tennessee,Hardeman County
47069,18-49,10848,Tennessee,Hardeman County
47069,5-17,3714,Tennessee,Hardeman County
47069,50-64,4919,Tennessee,Hardeman County
47069,65+,4728,Tennessee,Hardeman County
47071,0-4,1246,Tennessee,Hardin County
47071,18-49,9519,Tennessee,Hardin County
47071,5-17,4129,Tennessee,Hardin County
47071,50-64,5808,Tennessee,Hardin County
47071,65+,6237,Tennessee,Hardin County
47073,0-4,2801,Tennessee,Hawkins County
47073,18-49,20662,Tennessee,Hawkins County
47073,5-17,8245,Tennessee,Hawkins County
47073,50-64,13302,Tennessee,Hawkins County
47073,65+,12436,Tennessee,Hawkins County
47075,0-4,964,Tennessee,Haywood County
47075,18-49,6416,Tennessee,Haywood County
47075,5-17,2972,Tennessee,Haywood County
47075,50-64,3743,Tennessee,Haywood County
47075,65+,3577,Tennessee,Haywood County
47077,0-4,1618,Tennessee,Henderson County
47077,18-49,10520,Tennessee,Henderson County
47077,5-17,4726,Tennessee,Henderson County
47077,50-64,5924,Tennessee,Henderson County
47077,65+,5118,Tennessee,Henderson County
47079,0-4,1573,Tennessee,Henry County
47079,18-49,11078,Tennessee,Henry County
47079,5-17,4965,Tennessee,Henry County
47079,50-64,7128,Tennessee,Henry County
47079,65+,7601,Tennessee,Henry County
47081,0-4,1307,Tennessee,Hickman County
47081,18-49,10112,Tennessee,Hickman County
47081,5-17,3966,Tennessee,Hickman County
47081,50-64,5334,Tennessee,Hickman County
47081,65+,4510,Tennessee,Hickman County
47083,0-4,375,Tennessee,Houston County
47083,18-49,3084,Tennessee,Houston County
47083,5-17,1394,Tennessee,Houston County
47083,50-64,1780,Tennessee,Houston County
47083,65+,1660,Tennessee,Houston County
47085,0-4,1043,Tennessee,Humphreys County
47085,18-49,6909,Tennessee,Humphreys County
47085,5-17,3088,Tennessee,Humphreys County
47085,50-64,4101,Tennessee,Humphreys County
47085,65+,3933,Tennessee,Humphreys County
47087,0-4,557,Tennessee,Jackson County
47087,18-49,4154,Tennessee,Jackson County
47087,5-17,1614,Tennessee,Jackson County
47087,50-64,2796,Tennessee,Jackson County
47087,65+,2761,Tennessee,Jackson County
47089,0-4,2596,Tennessee,Jefferson County
47089,18-49,21003,Tennessee,Jefferson County
47089,5-17,8167,Tennessee,Jefferson County
47089,50-64,12751,Tennessee,Jefferson County
47089,65+,11318,Tennessee,Jefferson County
47091,0-4,745,Tennessee,Johnson County
47091,18-49,6817,Tennessee,Johnson County
47091,5-17,2287,Tennessee,Johnson County
47091,50-64,4012,Tennessee,Johnson County
47091,65+,4212,Tennessee,Johnson County
47093,0-4,26924,Tennessee,Knox County
47093,18-49,217058,Tennessee,Knox County
47093,5-17,75751,Tennessee,Knox County
47093,50-64,89289,Tennessee,Knox County
47093,65+,78379,Tennessee,Knox County
47095,0-4,277,Tennessee,Lake County
47095,18-49,3295,Tennessee,Lake County
47095,5-17,730,Tennessee,Lake County
47095,50-64,1330,Tennessee,Lake County
47095,65+,1059,Tennessee,Lake County
47097,0-4,1435,Tennessee,Lauderdale County
47097,18-49,10469,Tennessee,Lauderdale County
47097,5-17,4046,Tennessee,Lauderdale County
47097,50-64,4925,Tennessee,Lauderdale County
47097,65+,4058,Tennessee,Lauderdale County
47099,0-4,2863,Tennessee,Lawrence County
47099,18-49,16871,Tennessee,Lawrence County
47099,5-17,8405,Tennessee,Lawrence County
47099,50-64,8821,Tennessee,Lawrence County
47099,65+,7941,Tennessee,Lawrence County
47101,0-4,747,Tennessee,Lewis County
47101,18-49,4800,Tennessee,Lewis County
47101,5-17,1980,Tennessee,Lewis County
47101,50-64,2634,Tennessee,Lewis County
47101,65+,2623,Tennessee,Lewis County
47103,0-4,2121,Tennessee,Lincoln County
47103,18-49,12975,Tennessee,Lincoln County
47103,5-17,5801,Tennessee,Lincoln County
47103,50-64,7730,Tennessee,Lincoln County
47103,65+,6990,Tennessee,Lincoln County
47105,0-4,2624,Tennessee,Loudon County
47105,18-49,18264,Tennessee,Loudon County
47105,5-17,8268,Tennessee,Loudon County
47105,50-64,12428,Tennessee,Loudon County
47105,65+,15412,Tennessee,Loudon County
47107,0-4,2885,Tennessee,McMinn County
47107,18-49,20256,Tennessee,McMinn County
47107,5-17,8584,Tennessee,McMinn County
47107,50-64,11533,Tennessee,McMinn County
47107,65+,10877,Tennessee,McMinn County
47109,0-4,1416,Tennessee,McNairy County
47109,18-49,9629,Tennessee,McNairy County
47109,5-17,4179,Tennessee,McNairy County
47109,50-64,5242,Tennessee,McNairy County
47109,65+,5467,Tennessee,McNairy County
47111,0-4,1606,Tennessee,Macon County
47111,18-49,10248,Tennessee,Macon County
47111,5-17,4846,Tennessee,Macon County
47111,50-64,5143,Tennessee,Macon County
47111,65+,3950,Tennessee,Macon County
47113,0-4,5937,Tennessee,Madison County
47113,18-49,40010,Tennessee,Madison County
47113,5-17,16312,Tennessee,Madison County
47113,50-64,19223,Tennessee,Madison County
47113,65+,17363,Tennessee,Madison County
47115,0-4,1573,Tennessee,Marion County
47115,18-49,10668,Tennessee,Marion County
47115,5-17,4434,Tennessee,Marion County
47115,50-64,6396,Tennessee,Marion County
47115,65+,5939,Tennessee,Marion County
47117,0-4,2032,Tennessee,Marshall County
47117,18-49,14094,Tennessee,Marshall County
47117,5-17,6231,Tennessee,Marshall County
47117,50-64,7147,Tennessee,Marshall County
47117,65+,5772,Tennessee,Marshall County
47119,0-4,6644,Tennessee,Maury County
47119,18-49,42845,Tennessee,Maury County
47119,5-17,17631,Tennessee,Maury County
47119,50-64,20131,Tennessee,Maury County
47119,65+,17604,Tennessee,Maury County
47121,0-4,633,Tennessee,Meigs County
47121,18-49,4669,Tennessee,Meigs County
47121,5-17,2037,Tennessee,Meigs County
47121,50-64,2951,Tennessee,Meigs County
47121,65+,2786,Tennessee,Meigs County
47123,0-4,2356,Tennessee,Monroe County
47123,18-49,16616,Tennessee,Monroe County
47123,5-17,7364,Tennessee,Monroe County
47123,50-64,10476,Tennessee,Monroe County
47123,65+,10242,Tennessee,Monroe County
47125,0-4,18078,Tennessee,Montgomery County
47125,18-49,110989,Tennessee,Montgomery County
47125,5-17,43152,Tennessee,Montgomery County
47125,50-64,33469,Tennessee,Montgomery County
47125,65+,22269,Tennessee,Montgomery County
47127,0-4,319,Tennessee,Moore County
47127,18-49,2421,Tennessee,Moore County
47127,5-17,965,Tennessee,Moore County
47127,50-64,1490,Tennessee,Moore County
47127,65+,1416,Tennessee,Moore County
47129,0-4,971,Tennessee,Morgan County
47129,18-49,8698,Tennessee,Morgan County
47129,5-17,3068,Tennessee,Morgan County
47129,50-64,4449,Tennessee,Morgan County
47129,65+,4007,Tennessee,Morgan County
47131,0-4,1675,Tennessee,Obion County
47131,18-49,11527,Tennessee,Obion County
47131,5-17,5053,Tennessee,Obion County
47131,50-64,6054,Tennessee,Obion County
47131,65+,6261,Tennessee,Obion County
47133,0-4,1157,Tennessee,Overton County
47133,18-49,8580,Tennessee,Overton County
47133,5-17,3632,Tennessee,Overton County
47133,50-64,4838,Tennessee,Overton County
47133,65+,4600,Tennessee,Overton County
47135,0-4,537,Tennessee,Perry County
47135,18-49,3106,Tennessee,Perry County
47135,5-17,1388,Tennessee,Perry County
47135,50-64,1636,Tennessee,Perry County
47135,65+,1894,Tennessee,Perry County
47137,0-4,208,Tennessee,Pickett County
47137,18-49,1559,Tennessee,Pickett County
47137,5-17,675,Tennessee,Pickett County
47137,50-64,1206,Tennessee,Pickett County
47137,65+,1414,Tennessee,Pickett County
47139,0-4,818,Tennessee,Polk County
47139,18-49,6444,Tennessee,Polk County
47139,5-17,2575,Tennessee,Polk County
47139,50-64,4200,Tennessee,Polk County
47139,65+,3665,Tennessee,Polk County
47141,0-4,4492,Tennessee,Putnam County
47141,18-49,36620,Tennessee,Putnam County
47141,5-17,12548,Tennessee,Putnam County
47141,50-64,14373,Tennessee,Putnam County
47141,65+,13333,Tennessee,Putnam County
47143,0-4,2064,Tennessee,Rhea County
47143,18-49,12587,Tennessee,Rhea County
47143,5-17,5300,Tennessee,Rhea County
47143,50-64,6908,Tennessee,Rhea County
47143,65+,6440,Tennessee,Rhea County
47145,0-4,2432,Tennessee,Roane County
47145,18-49,18703,Tennessee,Roane County
47145,5-17,7789,Tennessee,Roane County
47145,50-64,12843,Tennessee,Roane County
47145,65+,12636,Tennessee,Roane County
47147,0-4,4676,Tennessee,Robertson County
47147,18-49,29921,Tennessee,Robertson County
47147,5-17,13234,Tennessee,Robertson County
47147,50-64,15463,Tennessee,Robertson County
47147,65+,10997,Tennessee,Robertson County
47149,0-4,22100,Tennessee,Rutherford County
47149,18-49,166389,Tennessee,Rutherford County
47149,5-17,65070,Tennessee,Rutherford County
47149,50-64,59647,Tennessee,Rutherford County
47149,65+,38385,Tennessee,Rutherford County
47151,0-4,1318,Tennessee,Scott County
47151,18-49,8578,Tennessee,Scott County
47151,5-17,3834,Tennessee,Scott County
47151,50-64,4518,Tennessee,Scott County
47151,65+,3721,Tennessee,Scott County
47153,0-4,901,Tennessee,Sequatchie County
47153,18-49,6082,Tennessee,Sequatchie County
47153,5-17,2376,Tennessee,Sequatchie County
47153,50-64,3583,Tennessee,Sequatchie County
47153,65+,3467,Tennessee,Sequatchie County
47155,0-4,5328,Tennessee,Sevier County
47155,18-49,36635,Tennessee,Sevier County
47155,5-17,15330,Tennessee,Sevier County
47155,50-64,21811,Tennessee,Sevier County
47155,65+,19698,Tennessee,Sevier County
47157,0-4,63266,Tennessee,Shelby County
47157,18-49,388750,Tennessee,Shelby County
47157,5-17,171628,Tennessee,Shelby County
47157,50-64,165945,Tennessee,Shelby County
47157,65+,132606,Tennessee,Shelby County
47159,0-4,1140,Tennessee,Smith County
47159,18-49,7872,Tennessee,Smith County
47159,5-17,3380,Tennessee,Smith County
47159,50-64,4483,Tennessee,Smith County
47159,65+,3321,Tennessee,Smith County
47161,0-4,773,Tennessee,Stewart County
47161,18-49,4848,Tennessee,Stewart County
47161,5-17,2222,Tennessee,Stewart County
47161,50-64,3105,Tennessee,Stewart County
47161,65+,2911,Tennessee,Stewart County
47163,0-4,7599,Tennessee,Sullivan County
47163,18-49,59379,Tennessee,Sullivan County
47163,5-17,23030,Tennessee,Sullivan County
47163,50-64,34473,Tennessee,Sullivan County
47163,65+,35212,Tennessee,Sullivan County
47165,0-4,11635,Tennessee,Sumner County
47165,18-49,80939,Tennessee,Sumner County
47165,5-17,35143,Tennessee,Sumner County
47165,50-64,40014,Tennessee,Sumner County
47165,65+,32822,Tennessee,Sumner County
47167,0-4,3443,Tennessee,Tipton County
47167,18-49,24748,Tennessee,Tipton County
47167,5-17,11189,Tennessee,Tipton County
47167,50-64,12586,Tennessee,Tipton County
47167,65+,9373,Tennessee,Tipton County
47169,0-4,624,Tennessee,Trousdale County
47169,18-49,6370,Tennessee,Trousdale County
47169,5-17,1318,Tennessee,Trousdale County
47169,50-64,2010,Tennessee,Trousdale County
47169,65+,1483,Tennessee,Trousdale County
47171,0-4,830,Tennessee,Unicoi County
47171,18-49,6336,Tennessee,Unicoi County
47171,5-17,2415,Tennessee,Unicoi County
47171,50-64,4093,Tennessee,Unicoi County
47171,65+,4105,Tennessee,Unicoi County
47173,0-4,1060,Tennessee,Union County
47173,18-49,7550,Tennessee,Union County
47173,5-17,3282,Tennessee,Union County
47173,50-64,4545,Tennessee,Union County
47173,65+,3704,Tennessee,Union County
47175,0-4,341,Tennessee,Van Buren County
47175,18-49,2074,Tennessee,Van Buren County
47175,5-17,973,Tennessee,Van Buren County
47175,50-64,1396,Tennessee,Van Buren County
47175,65+,1509,Tennessee,Van Buren County
47177,0-4,2407,Tennessee,Warren County
47177,18-49,16396,Tennessee,Warren County
47177,5-17,7348,Tennessee,Warren County
47177,50-64,7948,Tennessee,Warren County
47177,65+,7488,Tennessee,Warren County
47179,0-4,6307,Tennessee,Washington County
47179,18-49,57458,Tennessee,Washington County
47179,5-17,19040,Tennessee,Washington County
47179,50-64,26869,Tennessee,Washington County
47179,65+,25019,Tennessee,Washington County
47181,0-4,619,Tennessee,Wayne County
47181,18-49,6713,Tennessee,Wayne County
47181,5-17,2180,Tennessee,Wayne County
47181,50-64,3609,Tennessee,Wayne County
47181,65+,3130,Tennessee,Wayne County
47183,0-4,1578,Tennessee,Weakley County
47183,18-49,14497,Tennessee,Weakley County
47183,5-17,4713,Tennessee,Weakley County
47183,50-64,6189,Tennessee,Weakley County
47183,65+,5982,Tennessee,Weakley County
47185,0-4,1592,Tennessee,White County
47185,18-49,10260,Tennessee,White County
47185,5-17,4445,Tennessee,White County
47185,50-64,5723,Tennessee,White County
47185,65+,5744,Tennessee,White County
47187,0-4,13846,Tennessee,Williamson County
47187,18-49,99912,Tennessee,Williamson County
47187,5-17,52998,Tennessee,Williamson County
47187,50-64,51546,Tennessee,Williamson County
47187,65+,36307,Tennessee,Williamson County
47189,0-4,9057,Tennessee,Wilson County
47189,18-49,62596,Tennessee,Wilson County
47189,5-17,26990,Tennessee,Wilson County
47189,50-64,30713,Tennessee,Wilson County
47189,65+,24231,Tennessee,Wilson County
48001,0-4,3007,Texas,Anderson County
48001,18-49,27285,Texas,Anderson County
48001,5-17,8210,Texas,Anderson County
48001,50-64,10625,Texas,Anderson County
48001,65+,8698,Texas,Anderson County
48003,0-4,1503,Texas,Andrews County
48003,18-49,8058,Texas,Andrews County
48003,5-17,4194,Texas,Andrews County
48003,50-64,2973,Texas,Andrews County
48003,65+,1790,Texas,Andrews County
48005,0-4,5666,Texas,Angelina County
48005,18-49,34208,Texas,Angelina County
48005,5-17,16496,Texas,Angelina County
48005,50-64,16075,Texas,Angelina County
48005,65+,14346,Texas,Angelina County
48007,0-4,1079,Texas,Aransas County
48007,18-49,7855,Texas,Aransas County
48007,5-17,3170,Texas,Aransas County
48007,50-64,5501,Texas,Aransas County
48007,65+,6844,Texas,Aransas County
48009,0-4,421,Texas,Archer County
48009,18-49,3030,Texas,Archer County
48009,5-17,1591,Texas,Archer County
48009,50-64,1858,Texas,Archer County
48009,65+,1834,Texas,Archer County
48011,0-4,118,Texas,Armstrong County
48011,18-49,665,Texas,Armstrong County
48011,5-17,291,Texas,Armstrong County
48011,50-64,320,Texas,Armstrong County
48011,65+,489,Texas,Armstrong County
48013,0-4,3380,Texas,Atascosa County
48013,18-49,20433,Texas,Atascosa County
48013,5-17,10024,Texas,Atascosa County
48013,50-64,8703,Texas,Atascosa County
48013,65+,7518,Texas,Atascosa County
48015,0-4,1738,Texas,Austin County
48015,18-49,11115,Texas,Austin County
48015,5-17,5504,Texas,Austin County
48015,50-64,5951,Texas,Austin County
48015,65+,6404,Texas,Austin County
48017,0-4,506,Texas,Bailey County
48017,18-49,3129,Texas,Bailey County
48017,5-17,1467,Texas,Bailey County
48017,50-64,716,Texas,Bailey County
48017,65+,1226,Texas,Bailey County
48019,0-4,867,Texas,Bandera County
48019,18-49,6236,Texas,Bandera County
48019,5-17,2729,Texas,Bandera County
48019,50-64,5410,Texas,Bandera County
48019,65+,6347,Texas,Bandera County
48021,0-4,6682,Texas,Bastrop County
48021,18-49,39887,Texas,Bastrop County
48021,5-17,19892,Texas,Bastrop County
48021,50-64,20292,Texas,Bastrop County
48021,65+,15617,Texas,Bastrop County
48023,0-4,134,Texas,Baylor County
48023,18-49,1039,Texas,Baylor County
48023,5-17,672,Texas,Baylor County
48023,50-64,703,Texas,Baylor County
48023,65+,916,Texas,Baylor County
48025,0-4,1572,Texas,Bee County
48025,18-49,15892,Texas,Bee County
48025,5-17,4786,Texas,Bee County
48025,50-64,4844,Texas,Bee County
48025,65+,3906,Texas,Bee County
48027,0-4,29926,Texas,Bell County
48027,18-49,174066,Texas,Bell County
48027,5-17,75080,Texas,Bell County
48027,50-64,56744,Texas,Bell County
48027,65+,43995,Texas,Bell County
48029,0-4,133231,Texas,Bexar County
48029,18-49,937949,Texas,Bexar County
48029,5-17,374794,Texas,Bexar County
48029,50-64,333588,Texas,Bexar County
48029,65+,257782,Texas,Bexar County
48031,0-4,512,Texas,Blanco County
48031,18-49,3818,Texas,Blanco County
48031,5-17,1634,Texas,Blanco County
48031,50-64,2971,Texas,Blanco County
48031,65+,3073,Texas,Blanco County
48033,0-4,62,Texas,Borden County
48033,18-49,239,Texas,Borden County
48033,5-17,178,Texas,Borden County
48033,50-64,146,Texas,Borden County
48033,65+,98,Texas,Borden County
48035,0-4,946,Texas,Bosque County
48035,18-49,6017,Texas,Bosque County
48035,5-17,2926,Texas,Bosque County
48035,50-64,3973,Texas,Bosque County
48035,65+,4684,Texas,Bosque County
48037,0-4,5579,Texas,Bowie County
48037,18-49,37560,Texas,Bowie County
48037,5-17,16471,Texas,Bowie County
48037,50-64,16713,Texas,Bowie County
48037,65+,15998,Texas,Bowie County
48039,0-4,24367,Texas,Brazoria County
48039,18-49,167229,Texas,Brazoria County
48039,5-17,74375,Texas,Brazoria County
48039,50-64,67861,Texas,Brazoria County
48039,65+,47818,Texas,Brazoria County
48041,0-4,13309,Texas,Brazos County
48041,18-49,136485,Texas,Brazos County
48041,5-17,34932,Texas,Brazos County
48041,50-64,29878,Texas,Brazos County
48041,65+,23376,Texas,Brazos County
48043,0-4,391,Texas,Brewster County
48043,18-49,3846,Texas,Brewster County
48043,5-17,1232,Texas,Brewster County
48043,50-64,1603,Texas,Brewster County
48043,65+,2392,Texas,Brewster County
48045,0-4,48,Texas,Briscoe County
48045,18-49,376,Texas,Briscoe County
48045,5-17,170,Texas,Briscoe County
48045,50-64,287,Texas,Briscoe County
48045,65+,342,Texas,Briscoe County
48047,0-4,217,Texas,Brooks County
48047,18-49,3173,Texas,Brooks County
48047,5-17,1078,Texas,Brooks County
48047,50-64,1245,Texas,Brooks County
48047,65+,1274,Texas,Brooks County
48049,0-4,1980,Texas,Brown County
48049,18-49,14787,Texas,Brown County
48049,5-17,5992,Texas,Brown County
48049,50-64,7664,Texas,Brown County
48049,65+,7871,Texas,Brown County
48051,0-4,973,Texas,Burleson County
48051,18-49,6208,Texas,Burleson County
48051,5-17,3060,Texas,Burleson County
48051,50-64,3976,Texas,Burleson County
48051,65+,4110,Texas,Burleson County
48053,0-4,2509,Texas,Burnet County
48053,18-49,17812,Texas,Burnet County
48053,5-17,7955,Texas,Burnet County
48053,50-64,10861,Texas,Burnet County
48053,65+,11927,Texas,Burnet County
48055,0-4,2939,Texas,Caldwell County
48055,18-49,20103,Texas,Caldwell County
48055,5-17,8103,Texas,Caldwell County
48055,50-64,8868,Texas,Caldwell County
48055,65+,7171,Texas,Caldwell County
48057,0-4,1162,Texas,Calhoun County
48057,18-49,7467,Texas,Calhoun County
48057,5-17,3493,Texas,Calhoun County
48057,50-64,4092,Texas,Calhoun County
48057,65+,3707,Texas,Calhoun County
48059,0-4,734,Texas,Callahan County
48059,18-49,5123,Texas,Callahan County
48059,5-17,2271,Texas,Callahan County
48059,50-64,2978,Texas,Callahan County
48059,65+,2911,Texas,Callahan County
48061,0-4,30688,Texas,Cameron County
48061,18-49,175519,Texas,Cameron County
48061,5-17,92603,Texas,Cameron County
48061,50-64,64951,Texas,Cameron County
48061,65+,59431,Texas,Cameron County
48063,0-4,799,Texas,Camp County
48063,18-49,4621,Texas,Camp County
48063,5-17,2542,Texas,Camp County
48063,50-64,2408,Texas,Camp County
48063,65+,2282,Texas,Camp County
48065,0-4,282,Texas,Carson County
48065,18-49,2131,Texas,Carson County
48065,5-17,1021,Texas,Carson County
48065,50-64,1095,Texas,Carson County
48065,65+,1273,Texas,Carson County
48067,0-4,1627,Texas,Cass County
48067,18-49,9735,Texas,Cass County
48067,5-17,4834,Texas,Cass County
48067,50-64,6044,Texas,Cass County
48067,65+,6342,Texas,Cass County
48069,0-4,564,Texas,Castro County
48069,18-49,2759,Texas,Castro County
48069,5-17,1557,Texas,Castro County
48069,50-64,1215,Texas,Castro County
48069,65+,1233,Texas,Castro County
48071,0-4,3277,Texas,Chambers County
48071,18-49,21545,Texas,Chambers County
48071,5-17,10238,Texas,Chambers County
48071,50-64,7897,Texas,Chambers County
48071,65+,6221,Texas,Chambers County
48073,0-4,3487,Texas,Cherokee County
48073,18-49,19754,Texas,Cherokee County
48073,5-17,9513,Texas,Cherokee County
48073,50-64,9194,Texas,Cherokee County
48073,65+,9195,Texas,Cherokee County
48075,0-4,378,Texas,Childress County
48075,18-49,3577,Texas,Childress County
48075,5-17,882,Texas,Childress County
48075,50-64,814,Texas,Childress County
48075,65+,1121,Texas,Childress County
48077,0-4,471,Texas,Clay County
48077,18-49,3525,Texas,Clay County
48077,5-17,1569,Texas,Clay County
48077,50-64,2476,Texas,Clay County
48077,65+,2361,Texas,Clay County
48079,0-4,183,Texas,Cochran County
48079,18-49,1012,Texas,Cochran County
48079,5-17,499,Texas,Cochran County
48079,50-64,403,Texas,Cochran County
48079,65+,423,Texas,Cochran County
48081,0-4,145,Texas,Coke County
48081,18-49,1053,Texas,Coke County
48081,5-17,571,Texas,Coke County
48081,50-64,633,Texas,Coke County
48081,65+,913,Texas,Coke County
48083,0-4,286,Texas,Coleman County
48083,18-49,2379,Texas,Coleman County
48083,5-17,1311,Texas,Coleman County
48083,50-64,1751,Texas,Coleman County
48083,65+,2038,Texas,Coleman County
48085,0-4,65005,Texas,Collin County
48085,18-49,504009,Texas,Collin County
48085,5-17,215043,Texas,Collin County
48085,50-64,205530,Texas,Collin County
48085,65+,127014,Texas,Collin County
48087,0-4,189,Texas,Collingsworth County
48087,18-49,939,Texas,Collingsworth County
48087,5-17,600,Texas,Collingsworth County
48087,50-64,418,Texas,Collingsworth County
48087,65+,587,Texas,Collingsworth County
48089,0-4,1281,Texas,Colorado County
48089,18-49,6719,Texas,Colorado County
48089,5-17,3563,Texas,Colorado County
48089,50-64,4441,Texas,Colorado County
48089,65+,4732,Texas,Colorado County
48091,0-4,9283,Texas,Comal County
48091,18-49,66962,Texas,Comal County
48091,5-17,29508,Texas,Comal County
48091,50-64,36414,Texas,Comal County
48091,65+,32385,Texas,Comal County
48093,0-4,774,Texas,Comanche County
48093,18-49,4705,Texas,Comanche County
48093,5-17,2386,Texas,Comanche County
48093,50-64,2658,Texas,Comanche County
48093,65+,3263,Texas,Comanche County
48095,0-4,90,Texas,Concho County
48095,18-49,1505,Texas,Concho County
48095,5-17,331,Texas,Concho County
48095,50-64,719,Texas,Concho County
48095,65+,656,Texas,Concho County
48097,0-4,2671,Texas,Cooke County
48097,18-49,15946,Texas,Cooke County
48097,5-17,7276,Texas,Cooke County
48097,50-64,8683,Texas,Cooke County
48097,65+,7897,Texas,Cooke County
48099,0-4,5443,Texas,Coryell County
48099,18-49,44116,Texas,Coryell County
48099,5-17,13613,Texas,Coryell County
48099,50-64,11379,Texas,Coryell County
48099,65+,9221,Texas,Coryell County
48101,0-4,64,Texas,Cottle County
48101,18-49,429,Texas,Cottle County
48101,5-17,223,Texas,Cottle County
48101,50-64,247,Texas,Cottle County
48101,65+,339,Texas,Cottle County
48103,0-4,307,Texas,Crane County
48103,18-49,1828,Texas,Crane County
48103,5-17,896,Texas,Crane County
48103,50-64,898,Texas,Crane County
48103,65+,694,Texas,Crane County
48105,0-4,105,Texas,Crockett County
48105,18-49,1050,Texas,Crockett County
48105,5-17,562,Texas,Crockett County
48105,50-64,542,Texas,Crockett County
48105,65+,622,Texas,Crockett County
48107,0-4,303,Texas,Crosby County
48107,18-49,1902,Texas,Crosby County
48107,5-17,997,Texas,Crosby County
48107,50-64,901,Texas,Crosby County
48107,65+,969,Texas,Crosby County
48109,0-4,103,Texas,Culberson County
48109,18-49,784,Texas,Culberson County
48109,5-17,368,Texas,Culberson County
48109,50-64,343,Texas,Culberson County
48109,65+,583,Texas,Culberson County
48111,0-4,692,Texas,Dallam County
48111,18-49,3020,Texas,Dallam County
48111,5-17,1647,Texas,Dallam County
48111,50-64,1132,Texas,Dallam County
48111,65+,689,Texas,Dallam County
48113,0-4,180240,Texas,Dallas County
48113,18-49,1197936,Texas,Dallas County
48113,5-17,481587,Texas,Dallas County
48113,50-64,445061,Texas,Dallas County
48113,65+,298992,Texas,Dallas County
48115,0-4,808,Texas,Dawson County
48115,18-49,5723,Texas,Dawson County
48115,5-17,2134,Texas,Dawson County
48115,50-64,1983,Texas,Dawson County
48115,65+,1663,Texas,Dawson County
48117,0-4,1656,Texas,Deaf Smith County
48117,18-49,7529,Texas,Deaf Smith County
48117,5-17,4104,Texas,Deaf Smith County
48117,50-64,2737,Texas,Deaf Smith County
48117,65+,2461,Texas,Deaf Smith County
48119,0-4,422,Texas,Delta County
48119,18-49,1949,Texas,Delta County
48119,5-17,847,Texas,Delta County
48119,50-64,1030,Texas,Delta County
48119,65+,1097,Texas,Delta County
48121,0-4,55071,Texas,Denton County
48121,18-49,439641,Texas,Denton County
48121,5-17,169826,Texas,Denton County
48121,50-64,175055,Texas,Denton County
48121,65+,106051,Texas,Denton County
48123,0-4,1293,Texas,DeWitt County
48123,18-49,7429,Texas,DeWitt County
48123,5-17,3194,Texas,DeWitt County
48123,50-64,3984,Texas,DeWitt County
48123,65+,3953,Texas,DeWitt County
48125,0-4,98,Texas,Dickens County
48125,18-49,557,Texas,Dickens County
48125,5-17,257,Texas,Dickens County
48125,50-64,328,Texas,Dickens County
48125,65+,401,Texas,Dickens County
48127,0-4,594,Texas,Dimmit County
48127,18-49,3544,Texas,Dimmit County
48127,5-17,1819,Texas,Dimmit County
48127,50-64,1141,Texas,Dimmit County
48127,65+,1409,Texas,Dimmit County
48129,0-4,126,Texas,Donley County
48129,18-49,1226,Texas,Donley County
48129,5-17,460,Texas,Donley County
48129,50-64,582,Texas,Donley County
48129,65+,882,Texas,Donley County
48131,0-4,620,Texas,Duval County
48131,18-49,4006,Texas,Duval County
48131,5-17,1926,Texas,Duval County
48131,50-64,1739,Texas,Duval County
48131,65+,1533,Texas,Duval County
48133,0-4,993,Texas,Eastland County
48133,18-49,6468,Texas,Eastland County
48133,5-17,2831,Texas,Eastland County
48133,50-64,3644,Texas,Eastland County
48133,65+,3910,Texas,Eastland County
48135,0-4,14115,Texas,Ector County
48135,18-49,73560,Texas,Ector County
48135,5-17,35390,Texas,Ector County
48135,50-64,24103,Texas,Ector County
48135,65+,16038,Texas,Ector County
48137,0-4,21,Texas,Edwards County
48137,18-49,596,Texas,Edwards County
48137,5-17,203,Texas,Edwards County
48137,50-64,257,Texas,Edwards County
48137,65+,315,Texas,Edwards County
48139,0-4,13217,Texas,Ellis County
48139,18-49,86113,Texas,Ellis County
48139,5-17,40738,Texas,Ellis County
48139,50-64,37462,Texas,Ellis County
48139,65+,26397,Texas,Ellis County
48141,0-4,58783,Texas,El Paso County
48141,18-49,388116,Texas,El Paso County
48141,5-17,170012,Texas,El Paso County
48141,50-64,138178,Texas,El Paso County
48141,65+,111186,Texas,El Paso County
48143,0-4,2575,Texas,Erath County
48143,18-49,20945,Texas,Erath County
48143,5-17,6446,Texas,Erath County
48143,50-64,6986,Texas,Erath County
48143,65+,6292,Texas,Erath County
48145,0-4,929,Texas,Falls County
48145,18-49,6447,Texas,Falls County
48145,5-17,2675,Texas,Falls County
48145,50-64,3697,Texas,Falls County
48145,65+,3315,Texas,Falls County
48147,0-4,1814,Texas,Fannin County
48147,18-49,14848,Texas,Fannin County
48147,5-17,5982,Texas,Fannin County
48147,50-64,7379,Texas,Fannin County
48147,65+,6502,Texas,Fannin County
48149,0-4,1225,Texas,Fayette County
48149,18-49,7947,Texas,Fayette County
48149,5-17,3748,Texas,Fayette County
48149,50-64,5344,Texas,Fayette County
48149,65+,6519,Texas,Fayette County
48151,0-4,233,Texas,Fisher County
48151,18-49,1366,Texas,Fisher County
48151,5-17,529,Texas,Fisher County
48151,50-64,741,Texas,Fisher County
48151,65+,792,Texas,Fisher County
48153,0-4,321,Texas,Floyd County
48153,18-49,1824,Texas,Floyd County
48153,5-17,1056,Texas,Floyd County
48153,50-64,1076,Texas,Floyd County
48153,65+,1017,Texas,Floyd County
48155,0-4,55,Texas,Foard County
48155,18-49,309,Texas,Foard County
48155,5-17,199,Texas,Foard County
48155,50-64,203,Texas,Foard County
48155,65+,313,Texas,Foard County
48157,0-4,53279,Texas,Fort Bend County
48157,18-49,368232,Texas,Fort Bend County
48157,5-17,178424,Texas,Fort Bend County
48157,50-64,155142,Texas,Fort Bend County
48157,65+,104644,Texas,Fort Bend County
48159,0-4,568,Texas,Franklin County
48159,18-49,3588,Texas,Franklin County
48159,5-17,1812,Texas,Franklin County
48159,50-64,2231,Texas,Franklin County
48159,65+,2323,Texas,Franklin County
48161,0-4,1032,Texas,Freestone County
48161,18-49,7552,Texas,Freestone County
48161,5-17,3475,Texas,Freestone County
48161,50-64,3797,Texas,Freestone County
48161,65+,3957,Texas,Freestone County
48163,0-4,1169,Texas,Frio County
48163,18-49,8635,Texas,Frio County
48163,5-17,3516,Texas,Frio County
48163,50-64,2478,Texas,Frio County
48163,65+,2221,Texas,Frio County
48165,0-4,2185,Texas,Gaines County
48165,18-49,8786,Texas,Gaines County
48165,5-17,5645,Texas,Gaines County
48165,50-64,3226,Texas,Gaines County
48165,65+,2062,Texas,Gaines County
48167,0-4,20668,Texas,Galveston County
48167,18-49,146247,Texas,Galveston County
48167,5-17,63966,Texas,Galveston County
48167,50-64,69524,Texas,Galveston County
48167,65+,54316,Texas,Galveston County
48169,0-4,273,Texas,Garza County
48169,18-49,2732,Texas,Garza County
48169,5-17,756,Texas,Garza County
48169,50-64,869,Texas,Garza County
48169,65+,805,Texas,Garza County
48171,0-4,1245,Texas,Gillespie County
48171,18-49,8192,Texas,Gillespie County
48171,5-17,4032,Texas,Gillespie County
48171,50-64,5656,Texas,Gillespie County
48171,65+,8077,Texas,Gillespie County
48173,0-4,67,Texas,Glasscock County
48173,18-49,417,Texas,Glasscock County
48173,5-17,207,Texas,Glasscock County
48173,50-64,214,Texas,Glasscock County
48173,65+,165,Texas,Glasscock County
48175,0-4,340,Texas,Goliad County
48175,18-49,2484,Texas,Goliad County
48175,5-17,1088,Texas,Goliad County
48175,50-64,1451,Texas,Goliad County
48175,65+,1733,Texas,Goliad County
48177,0-4,1307,Texas,Gonzales County
48177,18-49,7064,Texas,Gonzales County
48177,5-17,3852,Texas,Gonzales County
48177,50-64,3690,Texas,Gonzales County
48177,65+,3851,Texas,Gonzales County
48179,0-4,1268,Texas,Gray County
48179,18-49,8627,Texas,Gray County
48179,5-17,4045,Texas,Gray County
48179,50-64,3728,Texas,Gray County
48179,65+,3463,Texas,Gray County
48181,0-4,8719,Texas,Grayson County
48181,18-49,53865,Texas,Grayson County
48181,5-17,25041,Texas,Grayson County
48181,50-64,27342,Texas,Grayson County
48181,65+,25021,Texas,Grayson County
48183,0-4,8349,Texas,Gregg County
48183,18-49,51041,Texas,Gregg County
48183,5-17,23975,Texas,Gregg County
48183,50-64,21723,Texas,Gregg County
48183,65+,19772,Texas,Gregg County
48185,0-4,1594,Texas,Grimes County
48185,18-49,11882,Texas,Grimes County
48185,5-17,5245,Texas,Grimes County
48185,50-64,6030,Texas,Grimes County
48185,65+,5634,Texas,Grimes County
48187,0-4,10321,Texas,Guadalupe County
48187,18-49,76336,Texas,Guadalupe County
48187,5-17,33071,Texas,Guadalupe County
48187,50-64,32698,Texas,Guadalupe County
48187,65+,25942,Texas,Guadalupe County
48189,0-4,2108,Texas,Hale County
48189,18-49,13713,Texas,Hale County
48189,5-17,6564,Texas,Hale County
48189,50-64,5339,Texas,Hale County
48189,65+,4523,Texas,Hale County
48191,0-4,129,Texas,Hall County
48191,18-49,943,Texas,Hall County
48191,5-17,487,Texas,Hall County
48191,50-64,572,Texas,Hall County
48191,65+,696,Texas,Hall County
48193,0-4,410,Texas,Hamilton County
48193,18-49,2790,Texas,Hamilton County
48193,5-17,1435,Texas,Hamilton County
48193,50-64,1607,Texas,Hamilton County
48193,65+,2078,Texas,Hamilton County
48195,0-4,365,Texas,Hansford County
48195,18-49,1875,Texas,Hansford County
48195,5-17,1131,Texas,Hansford County
48195,50-64,1093,Texas,Hansford County
48195,65+,718,Texas,Hansford County
48197,0-4,198,Texas,Hardeman County
48197,18-49,1262,Texas,Hardeman County
48197,5-17,520,Texas,Hardeman County
48197,50-64,781,Texas,Hardeman County
48197,65+,768,Texas,Hardeman County
48199,0-4,3301,Texas,Hardin County
48199,18-49,22155,Texas,Hardin County
48199,5-17,10871,Texas,Hardin County
48199,50-64,10844,Texas,Hardin County
48199,65+,9955,Texas,Hardin County
48201,0-4,329995,Texas,Harris County
48201,18-49,2173420,Texas,Harris County
48201,5-17,913430,Texas,Harris County
48201,50-64,798271,Texas,Harris County
48201,65+,543463,Texas,Harris County
48203,0-4,4011,Texas,Harrison County
48203,18-49,27521,Texas,Harrison County
48203,5-17,12911,Texas,Harrison County
48203,50-64,13207,Texas,Harrison County
48203,65+,11934,Texas,Harrison County
48205,0-4,311,Texas,Hartley County
48205,18-49,2380,Texas,Hartley County
48205,5-17,887,Texas,Hartley County
48205,50-64,852,Texas,Hartley County
48205,65+,877,Texas,Hartley County
48207,0-4,223,Texas,Haskell County
48207,18-49,2154,Texas,Haskell County
48207,5-17,717,Texas,Haskell County
48207,50-64,1056,Texas,Haskell County
48207,65+,1240,Texas,Haskell County
48209,0-4,14998,Texas,Hays County
48209,18-49,128061,Texas,Hays County
48209,5-17,42972,Texas,Hays County
48209,50-64,39887,Texas,Hays County
48209,65+,30511,Texas,Hays County
48211,0-4,156,Texas,Hemphill County
48211,18-49,1336,Texas,Hemphill County
48211,5-17,620,Texas,Hemphill County
48211,50-64,564,Texas,Hemphill County
48211,65+,635,Texas,Hemphill County
48213,0-4,4621,Texas,Henderson County
48213,18-49,29535,Texas,Henderson County
48213,5-17,13315,Texas,Henderson County
48213,50-64,17460,Texas,Henderson County
48213,65+,18727,Texas,Henderson County
48215,0-4,70226,Texas,Hidalgo County
48215,18-49,379246,Texas,Hidalgo County
48215,5-17,206413,Texas,Hidalgo County
48215,50-64,123540,Texas,Hidalgo County
48215,65+,101496,Texas,Hidalgo County
48217,0-4,2114,Texas,Hill County
48217,18-49,13264,Texas,Hill County
48217,5-17,6454,Texas,Hill County
48217,50-64,7390,Texas,Hill County
48217,65+,7442,Texas,Hill County
48219,0-4,1487,Texas,Hockley County
48219,18-49,8787,Texas,Hockley County
48219,5-17,4208,Texas,Hockley County
48219,50-64,3710,Texas,Hockley County
48219,65+,3263,Texas,Hockley County
48221,0-4,3285,Texas,Hood County
48221,18-49,21423,Texas,Hood County
48221,5-17,9996,Texas,Hood County
48221,50-64,13192,Texas,Hood County
48221,65+,16302,Texas,Hood County
48223,0-4,2284,Texas,Hopkins County
48223,18-49,13962,Texas,Hopkins County
48223,5-17,6830,Texas,Hopkins County
48223,50-64,7417,Texas,Hopkins County
48223,65+,6858,Texas,Hopkins County
48225,0-4,1100,Texas,Houston County
48225,18-49,8315,Texas,Houston County
48225,5-17,3315,Texas,Houston County
48225,50-64,4487,Texas,Houston County
48225,65+,4825,Texas,Houston County
48227,0-4,1985,Texas,Howard County
48227,18-49,15171,Texas,Howard County
48227,5-17,5476,Texas,Howard County
48227,50-64,6166,Texas,Howard County
48227,65+,4329,Texas,Howard County
48229,0-4,100,Texas,Hudspeth County
48229,18-49,1844,Texas,Hudspeth County
48229,5-17,498,Texas,Hudspeth County
48229,50-64,519,Texas,Hudspeth County
48229,65+,370,Texas,Hudspeth County
48231,0-4,6607,Texas,Hunt County
48231,18-49,43026,Texas,Hunt County
48231,5-17,18928,Texas,Hunt County
48231,50-64,19974,Texas,Hunt County
48231,65+,16382,Texas,Hunt County
48233,0-4,1163,Texas,Hutchinson County
48233,18-49,7962,Texas,Hutchinson County
48233,5-17,3977,Texas,Hutchinson County
48233,50-64,3762,Texas,Hutchinson County
48233,65+,3549,Texas,Hutchinson County
48235,0-4,54,Texas,Irion County
48235,18-49,358,Texas,Irion County
48235,5-17,289,Texas,Irion County
48235,50-64,420,Texas,Irion County
48235,65+,311,Texas,Irion County
48237,0-4,368,Texas,Jack County
48237,18-49,3616,Texas,Jack County
48237,5-17,1550,Texas,Jack County
48237,50-64,1585,Texas,Jack County
48237,65+,1504,Texas,Jack County
48239,0-4,970,Texas,Jackson County
48239,18-49,5590,Texas,Jackson County
48239,5-17,2688,Texas,Jackson County
48239,50-64,2862,Texas,Jackson County
48239,65+,2971,Texas,Jackson County
48241,0-4,1867,Texas,Jasper County
48241,18-49,11629,Texas,Jasper County
48241,5-17,5846,Texas,Jasper County
48241,50-64,6675,Texas,Jasper County
48241,65+,6790,Texas,Jasper County
48243,0-4,130,Texas,Jeff Davis County
48243,18-49,357,Texas,Jeff Davis County
48243,5-17,164,Texas,Jeff Davis County
48243,50-64,409,Texas,Jeff Davis County
48243,65+,680,Texas,Jeff Davis County
48245,0-4,16995,Texas,Jefferson County
48245,18-49,106887,Texas,Jefferson County
48245,5-17,45569,Texas,Jefferson County
48245,50-64,46066,Texas,Jefferson County
48245,65+,38422,Texas,Jefferson County
48247,0-4,986,Texas,Jim Hogg County
48247,18-49,2015,Texas,Jim Hogg County
48247,5-17,678,Texas,Jim Hogg County
48247,50-64,713,Texas,Jim Hogg County
48247,65+,405,Texas,Jim Hogg County
48249,0-4,2588,Texas,Jim Wells County
48249,18-49,15557,Texas,Jim Wells County
48249,5-17,8040,Texas,Jim Wells County
48249,50-64,6531,Texas,Jim Wells County
48249,65+,6147,Texas,Jim Wells County
48251,0-4,11912,Texas,Johnson County
48251,18-49,78789,Texas,Johnson County
48251,5-17,36987,Texas,Johnson County
48251,50-64,34633,Texas,Johnson County
48251,65+,26499,Texas,Johnson County
48253,0-4,795,Texas,Jones County
48253,18-49,9901,Texas,Jones County
48253,5-17,2518,Texas,Jones County
48253,50-64,3585,Texas,Jones County
48253,65+,3169,Texas,Jones County
48255,0-4,749,Texas,Karnes County
48255,18-49,7035,Texas,Karnes County
48255,5-17,2234,Texas,Karnes County
48255,50-64,2595,Texas,Karnes County
48255,65+,2206,Texas,Karnes County
48257,0-4,11738,Texas,Kaufman County
48257,18-49,70562,Texas,Kaufman County
48257,5-17,34248,Texas,Kaufman County
48257,50-64,26670,Texas,Kaufman County
48257,65+,17500,Texas,Kaufman County
48259,0-4,2079,Texas,Kendall County
48259,18-49,17228,Texas,Kendall County
48259,5-17,8596,Texas,Kendall County
48259,50-64,9720,Texas,Kendall County
48259,65+,9348,Texas,Kendall County
48261,0-4,0,Texas,Kenedy County
48261,18-49,18,Texas,Kenedy County
48261,5-17,3,Texas,Kenedy County
48261,50-64,5,Texas,Kenedy County
48261,65+,26,Texas,Kenedy County
48263,0-4,12,Texas,Kent County
48263,18-49,183,Texas,Kent County
48263,5-17,115,Texas,Kent County
48263,50-64,175,Texas,Kent County
48263,65+,242,Texas,Kent County
48265,0-4,2558,Texas,Kerr County
48265,18-49,17576,Texas,Kerr County
48265,5-17,7229,Texas,Kerr County
48265,50-64,10576,Texas,Kerr County
48265,65+,15227,Texas,Kerr County
48267,0-4,210,Texas,Kimble County
48267,18-49,1448,Texas,Kimble County
48267,5-17,504,Texas,Kimble County
48267,50-64,824,Texas,Kimble County
48267,65+,1369,Texas,Kimble County
48269,0-4,10,Texas,King County
48269,18-49,66,Texas,King County
48269,5-17,25,Texas,King County
48269,50-64,45,Texas,King County
48269,65+,43,Texas,King County
48271,0-4,99,Texas,Kinney County
48271,18-49,1260,Texas,Kinney County
48271,5-17,175,Texas,Kinney County
48271,50-64,778,Texas,Kinney County
48271,65+,828,Texas,Kinney County
48273,0-4,2039,Texas,Kleberg County
48273,18-49,15043,Texas,Kleberg County
48273,5-17,5325,Texas,Kleberg County
48273,50-64,4178,Texas,Kleberg County
48273,65+,4044,Texas,Kleberg County
48275,0-4,175,Texas,Knox County
48275,18-49,1114,Texas,Knox County
48275,5-17,685,Texas,Knox County
48275,50-64,729,Texas,Knox County
48275,65+,619,Texas,Knox County
48277,0-4,3225,Texas,Lamar County
48277,18-49,18965,Texas,Lamar County
48277,5-17,8960,Texas,Lamar County
48277,50-64,9523,Texas,Lamar County
48277,65+,9748,Texas,Lamar County
48279,0-4,873,Texas,Lamb County
48279,18-49,4835,Texas,Lamb County
48279,5-17,2685,Texas,Lamb County
48279,50-64,2342,Texas,Lamb County
48279,65+,2184,Texas,Lamb County
48281,0-4,1078,Texas,Lampasas County
48281,18-49,8018,Texas,Lampasas County
48281,5-17,3757,Texas,Lampasas County
48281,50-64,4855,Texas,Lampasas County
48281,65+,4559,Texas,Lampasas County
48283,0-4,159,Texas,La Salle County
48283,18-49,2918,Texas,La Salle County
48283,5-17,1459,Texas,La Salle County
48283,50-64,890,Texas,La Salle County
48283,65+,1520,Texas,La Salle County
48285,0-4,1210,Texas,Lavaca County
48285,18-49,6772,Texas,Lavaca County
48285,5-17,3647,Texas,Lavaca County
48285,50-64,4033,Texas,Lavaca County
48285,65+,4817,Texas,Lavaca County
48287,0-4,1167,Texas,Lee County
48287,18-49,6825,Texas,Lee County
48287,5-17,2666,Texas,Lee County
48287,50-64,3415,Texas,Lee County
48287,65+,3685,Texas,Lee County
48289,0-4,856,Texas,Leon County
48289,18-49,5323,Texas,Leon County
48289,5-17,2799,Texas,Leon County
48289,50-64,3277,Texas,Leon County
48289,65+,3812,Texas,Leon County
48291,0-4,7439,Texas,Liberty County
48291,18-49,41144,Texas,Liberty County
48291,5-17,21312,Texas,Liberty County
48291,50-64,16397,Texas,Liberty County
48291,65+,11701,Texas,Liberty County
48293,0-4,1284,Texas,Limestone County
48293,18-49,8186,Texas,Limestone County
48293,5-17,3707,Texas,Limestone County
48293,50-64,4420,Texas,Limestone County
48293,65+,4588,Texas,Limestone County
48295,0-4,202,Texas,Lipscomb County
48295,18-49,1055,Texas,Lipscomb County
48295,5-17,688,Texas,Lipscomb County
48295,50-64,458,Texas,Lipscomb County
48295,65+,561,Texas,Lipscomb County
48297,0-4,713,Texas,Live Oak County
48297,18-49,4739,Texas,Live Oak County
48297,5-17,1631,Texas,Live Oak County
48297,50-64,2048,Texas,Live Oak County
48297,65+,2313,Texas,Live Oak County
48299,0-4,817,Texas,Llano County
48299,18-49,5576,Texas,Llano County
48299,5-17,2615,Texas,Llano County
48299,50-64,4871,Texas,Llano County
48299,65+,8132,Texas,Llano County
48301,0-4,0,Texas,Loving County
48301,18-49,2,Texas,Loving County
48301,5-17,0,Texas,Loving County
48301,50-64,12,Texas,Loving County
48301,65+,40,Texas,Loving County
48303,0-4,19661,Texas,Lubbock County
48303,18-49,152136,Texas,Lubbock County
48303,5-17,54573,Texas,Lubbock County
48303,50-64,47124,Texas,Lubbock County
48303,65+,41139,Texas,Lubbock County
48305,0-4,366,Texas,Lynn County
48305,18-49,2226,Texas,Lynn County
48305,5-17,1199,Texas,Lynn County
48305,50-64,980,Texas,Lynn County
48305,65+,896,Texas,Lynn County
48307,0-4,409,Texas,McCulloch County
48307,18-49,2487,Texas,McCulloch County
48307,5-17,1217,Texas,McCulloch County
48307,50-64,1669,Texas,McCulloch County
48307,65+,1783,Texas,McCulloch County
48309,0-4,16986,Texas,McLennan County
48309,18-49,117253,Texas,McLennan County
48309,5-17,46683,Texas,McLennan County
48309,50-64,42905,Texas,McLennan County
48309,65+,39781,Texas,McLennan County
48311,0-4,54,Texas,McMullen County
48311,18-49,210,Texas,McMullen County
48311,5-17,183,Texas,McMullen County
48311,50-64,74,Texas,McMullen County
48311,65+,102,Texas,McMullen County
48313,0-4,848,Texas,Madison County
48313,18-49,6445,Texas,Madison County
48313,5-17,2167,Texas,Madison County
48313,50-64,2052,Texas,Madison County
48313,65+,2062,Texas,Madison County
48315,0-4,378,Texas,Marion County
48315,18-49,3022,Texas,Marion County
48315,5-17,1356,Texas,Marion County
48315,50-64,2300,Texas,Marion County
48315,65+,2575,Texas,Marion County
48317,0-4,338,Texas,Martin County
48317,18-49,2028,Texas,Martin County
48317,5-17,1201,Texas,Martin County
48317,50-64,1101,Texas,Martin County
48317,65+,562,Texas,Martin County
48319,0-4,309,Texas,Mason County
48319,18-49,1175,Texas,Mason County
48319,5-17,605,Texas,Mason County
48319,50-64,654,Texas,Mason County
48319,65+,1208,Texas,Mason County
48321,0-4,2622,Texas,Matagorda County
48321,18-49,13598,Texas,Matagorda County
48321,5-17,6706,Texas,Matagorda County
48321,50-64,6861,Texas,Matagorda County
48321,65+,6487,Texas,Matagorda County
48323,0-4,5042,Texas,Maverick County
48323,18-49,24348,Texas,Maverick County
48323,5-17,12970,Texas,Maverick County
48323,50-64,8536,Texas,Maverick County
48323,65+,6874,Texas,Maverick County
48325,0-4,2929,Texas,Medina County
48325,18-49,20976,Texas,Medina County
48325,5-17,8949,Texas,Medina County
48325,50-64,10518,Texas,Medina County
48325,65+,9047,Texas,Medina County
48327,0-4,82,Texas,Menard County
48327,18-49,442,Texas,Menard County
48327,5-17,384,Texas,Menard County
48327,50-64,423,Texas,Menard County
48327,65+,633,Texas,Menard County
48329,0-4,14340,Texas,Midland County
48329,18-49,78744,Texas,Midland County
48329,5-17,35374,Texas,Midland County
48329,50-64,24799,Texas,Midland County
48329,65+,18239,Texas,Midland County
48331,0-4,1372,Texas,Milam County
48331,18-49,9030,Texas,Milam County
48331,5-17,4426,Texas,Milam County
48331,50-64,5035,Texas,Milam County
48331,65+,5405,Texas,Milam County
48333,0-4,100,Texas,Mills County
48333,18-49,1339,Texas,Mills County
48333,5-17,709,Texas,Mills County
48333,50-64,1053,Texas,Mills County
48333,65+,1298,Texas,Mills County
48335,0-4,441,Texas,Mitchell County
48335,18-49,4515,Texas,Mitchell County
48335,5-17,1225,Texas,Mitchell County
48335,50-64,1488,Texas,Mitchell County
48335,65+,1320,Texas,Mitchell County
48337,0-4,1083,Texas,Montague County
48337,18-49,7092,Texas,Montague County
48337,5-17,3631,Texas,Montague County
48337,50-64,4304,Texas,Montague County
48337,65+,4489,Texas,Montague County
48339,0-4,41979,Texas,Montgomery County
48339,18-49,273966,Texas,Montgomery County
48339,5-17,128816,Texas,Montgomery County
48339,50-64,121420,Texas,Montgomery County
48339,65+,88541,Texas,Montgomery County
48341,0-4,1910,Texas,Moore County
48341,18-49,8914,Texas,Moore County
48341,5-17,4727,Texas,Moore County
48341,50-64,3301,Texas,Moore County
48341,65+,2382,Texas,Moore County
48343,0-4,595,Texas,Morris County
48343,18-49,4239,Texas,Morris County
48343,5-17,2163,Texas,Morris County
48343,50-64,2405,Texas,Morris County
48343,65+,2612,Texas,Morris County
48345,0-4,92,Texas,Motley County
48345,18-49,388,Texas,Motley County
48345,5-17,129,Texas,Motley County
48345,50-64,265,Texas,Motley County
48345,65+,393,Texas,Motley County
48347,0-4,3980,Texas,Nacogdoches County
48347,18-49,29249,Texas,Nacogdoches County
48347,5-17,11283,Texas,Nacogdoches County
48347,50-64,10366,Texas,Nacogdoches County
48347,65+,10019,Texas,Nacogdoches County
48349,0-4,3630,Texas,Navarro County
48349,18-49,20672,Texas,Navarro County
48349,5-17,10721,Texas,Navarro County
48349,50-64,9762,Texas,Navarro County
48349,65+,8950,Texas,Navarro County
48351,0-4,546,Texas,Newton County
48351,18-49,4219,Texas,Newton County
48351,5-17,1892,Texas,Newton County
48351,50-64,2741,Texas,Newton County
48351,65+,2795,Texas,Newton County
48353,0-4,913,Texas,Nolan County
48353,18-49,5318,Texas,Nolan County
48353,5-17,2820,Texas,Nolan County
48353,50-64,2590,Texas,Nolan County
48353,65+,2924,Texas,Nolan County
48355,0-4,21877,Texas,Nueces County
48355,18-49,151250,Texas,Nueces County
48355,5-17,62561,Texas,Nueces County
48355,50-64,62061,Texas,Nueces County
48355,65+,55080,Texas,Nueces County
48357,0-4,754,Texas,Ochiltree County
48357,18-49,3948,Texas,Ochiltree County
48357,5-17,2278,Texas,Ochiltree County
48357,50-64,1752,Texas,Ochiltree County
48357,65+,1120,Texas,Ochiltree County
48359,0-4,125,Texas,Oldham County
48359,18-49,777,Texas,Oldham County
48359,5-17,626,Texas,Oldham County
48359,50-64,313,Texas,Oldham County
48359,65+,256,Texas,Oldham County
48361,0-4,5537,Texas,Orange County
48361,18-49,33979,Texas,Orange County
48361,5-17,16035,Texas,Orange County
48361,50-64,15919,Texas,Orange County
48361,65+,13523,Texas,Orange County
48363,0-4,1722,Texas,Palo Pinto County
48363,18-49,10461,Texas,Palo Pinto County
48363,5-17,4993,Texas,Palo Pinto County
48363,50-64,5966,Texas,Palo Pinto County
48363,65+,5778,Texas,Palo Pinto County
48365,0-4,1287,Texas,Panola County
48365,18-49,8553,Texas,Panola County
48365,5-17,3956,Texas,Panola County
48365,50-64,4205,Texas,Panola County
48365,65+,4623,Texas,Panola County
48367,0-4,9441,Texas,Parker County
48367,18-49,62045,Texas,Parker County
48367,5-17,29722,Texas,Parker County
48367,50-64,31821,Texas,Parker County
48367,65+,25050,Texas,Parker County
48369,0-4,721,Texas,Parmer County
48369,18-49,3759,Texas,Parmer County
48369,5-17,2036,Texas,Parmer County
48369,50-64,1773,Texas,Parmer County
48369,65+,1463,Texas,Parmer County
48371,0-4,826,Texas,Pecos County
48371,18-49,6656,Texas,Pecos County
48371,5-17,2795,Texas,Pecos County
48371,50-64,2714,Texas,Pecos County
48371,65+,1992,Texas,Pecos County
48373,0-4,2639,Texas,Polk County
48373,18-49,19151,Texas,Polk County
48373,5-17,7901,Texas,Polk County
48373,50-64,12292,Texas,Polk County
48373,65+,9797,Texas,Polk County
48375,0-4,8042,Texas,Potter County
48375,18-49,49593,Texas,Potter County
48375,5-17,23292,Texas,Potter County
48375,50-64,19477,Texas,Potter County
48375,65+,16230,Texas,Potter County
48377,0-4,444,Texas,Presidio County
48377,18-49,1907,Texas,Presidio County
48377,5-17,1236,Texas,Presidio County
48377,50-64,1147,Texas,Presidio County
48377,65+,1309,Texas,Presidio County
48379,0-4,534,Texas,Rains County
48379,18-49,4296,Texas,Rains County
48379,5-17,1880,Texas,Rains County
48379,50-64,2765,Texas,Rains County
48379,65+,3030,Texas,Rains County
48381,0-4,8607,Texas,Randall County
48381,18-49,62506,Texas,Randall County
48381,5-17,25843,Texas,Randall County
48381,50-64,24329,Texas,Randall County
48381,65+,22506,Texas,Randall County
48383,0-4,346,Texas,Reagan County
48383,18-49,1468,Texas,Reagan County
48383,5-17,784,Texas,Reagan County
48383,50-64,358,Texas,Reagan County
48383,65+,303,Texas,Reagan County
48385,0-4,159,Texas,Real County
48385,18-49,521,Texas,Real County
48385,5-17,593,Texas,Real County
48385,50-64,534,Texas,Real County
48385,65+,1014,Texas,Real County
48387,0-4,790,Texas,Red River County
48387,18-49,3663,Texas,Red River County
48387,5-17,1560,Texas,Red River County
48387,50-64,2638,Texas,Red River County
48387,65+,2970,Texas,Red River County
48389,0-4,878,Texas,Reeves County
48389,18-49,6530,Texas,Reeves County
48389,5-17,2404,Texas,Reeves County
48389,50-64,1785,Texas,Reeves County
48389,65+,1622,Texas,Reeves County
48391,0-4,380,Texas,Refugio County
48391,18-49,2363,Texas,Refugio County
48391,5-17,1114,Texas,Refugio County
48391,50-64,1331,Texas,Refugio County
48391,65+,1505,Texas,Refugio County
48393,0-4,20,Texas,Roberts County
48393,18-49,268,Texas,Roberts County
48393,5-17,200,Texas,Roberts County
48393,50-64,165,Texas,Roberts County
48393,65+,132,Texas,Roberts County
48395,0-4,1072,Texas,Robertson County
48395,18-49,6126,Texas,Robertson County
48395,5-17,2993,Texas,Robertson County
48395,50-64,3354,Texas,Robertson County
48395,65+,3428,Texas,Robertson County
48397,0-4,7041,Texas,Rockwall County
48397,18-49,49172,Texas,Rockwall County
48397,5-17,24193,Texas,Rockwall County
48397,50-64,21961,Texas,Rockwall County
48397,65+,14564,Texas,Rockwall County
48399,0-4,569,Texas,Runnels County
48399,18-49,3605,Texas,Runnels County
48399,5-17,1758,Texas,Runnels County
48399,50-64,1881,Texas,Runnels County
48399,65+,2067,Texas,Runnels County
48401,0-4,2898,Texas,Rusk County
48401,18-49,21800,Texas,Rusk County
48401,5-17,9034,Texas,Rusk County
48401,50-64,9874,Texas,Rusk County
48401,65+,9007,Texas,Rusk County
48403,0-4,548,Texas,Sabine County
48403,18-49,2813,Texas,Sabine County
48403,5-17,1222,Texas,Sabine County
48403,50-64,2438,Texas,Sabine County
48403,65+,2977,Texas,Sabine County
48405,0-4,316,Texas,San Augustine County
48405,18-49,2442,Texas,San Augustine County
48405,5-17,1269,Texas,San Augustine County
48405,50-64,1726,Texas,San Augustine County
48405,65+,2136,Texas,San Augustine County
48407,0-4,1441,Texas,San Jacinto County
48407,18-49,9760,Texas,San Jacinto County
48407,5-17,4608,Texas,San Jacinto County
48407,50-64,6260,Texas,San Jacinto County
48407,65+,5914,Texas,San Jacinto County
48409,0-4,4649,Texas,San Patricio County
48409,18-49,28524,Texas,San Patricio County
48409,5-17,13429,Texas,San Patricio County
48409,50-64,12232,Texas,San Patricio County
48409,65+,10685,Texas,San Patricio County
48411,0-4,269,Texas,San Saba County
48411,18-49,2348,Texas,San Saba County
48411,5-17,844,Texas,San Saba County
48411,50-64,1038,Texas,San Saba County
48411,65+,1303,Texas,San Saba County
48413,0-4,191,Texas,Schleicher County
48413,18-49,878,Texas,Schleicher County
48413,5-17,389,Texas,Schleicher County
48413,50-64,450,Texas,Schleicher County
48413,65+,518,Texas,Schleicher County
48415,0-4,1049,Texas,Scurry County
48415,18-49,6856,Texas,Scurry County
48415,5-17,3161,Texas,Scurry County
48415,50-64,3007,Texas,Scurry County
48415,65+,2560,Texas,Scurry County
48417,0-4,171,Texas,Shackelford County
48417,18-49,1164,Texas,Shackelford County
48417,5-17,546,Texas,Shackelford County
48417,50-64,647,Texas,Shackelford County
48417,65+,641,Texas,Shackelford County
48419,0-4,1690,Texas,Shelby County
48419,18-49,8958,Texas,Shelby County
48419,5-17,4649,Texas,Shelby County
48419,50-64,4535,Texas,Shelby County
48419,65+,4276,Texas,Shelby County
48421,0-4,137,Texas,Sherman County
48421,18-49,991,Texas,Sherman County
48421,5-17,395,Texas,Sherman County
48421,50-64,512,Texas,Sherman County
48421,65+,399,Texas,Sherman County
48423,0-4,15096,Texas,Smith County
48423,18-49,97366,Texas,Smith County
48423,5-17,42813,Texas,Smith County
48423,50-64,41920,Texas,Smith County
48423,65+,40819,Texas,Smith County
48425,0-4,438,Texas,Somervell County
48425,18-49,3379,Texas,Somervell County
48425,5-17,1621,Texas,Somervell County
48425,50-64,2211,Texas,Somervell County
48425,65+,1861,Texas,Somervell County
48427,0-4,6055,Texas,Starr County
48427,18-49,27607,Texas,Starr County
48427,5-17,15511,Texas,Starr County
48427,50-64,9250,Texas,Starr County
48427,65+,7386,Texas,Starr County
48429,0-4,503,Texas,Stephens County
48429,18-49,3671,Texas,Stephens County
48429,5-17,1478,Texas,Stephens County
48429,50-64,1795,Texas,Stephens County
48429,65+,1831,Texas,Stephens County
48431,0-4,126,Texas,Sterling County
48431,18-49,539,Texas,Sterling County
48431,5-17,374,Texas,Sterling County
48431,50-64,166,Texas,Sterling County
48431,65+,184,Texas,Sterling County
48433,0-4,69,Texas,Stonewall County
48433,18-49,324,Texas,Stonewall County
48433,5-17,265,Texas,Stonewall County
48433,50-64,267,Texas,Stonewall County
48433,65+,319,Texas,Stonewall County
48435,0-4,257,Texas,Sutton County
48435,18-49,1300,Texas,Sutton County
48435,5-17,644,Texas,Sutton County
48435,50-64,578,Texas,Sutton County
48435,65+,527,Texas,Sutton County
48437,0-4,436,Texas,Swisher County
48437,18-49,2899,Texas,Swisher County
48437,5-17,1261,Texas,Swisher County
48437,50-64,1157,Texas,Swisher County
48437,65+,1228,Texas,Swisher County
48439,0-4,138478,Texas,Tarrant County
48439,18-49,951470,Texas,Tarrant County
48439,5-17,409999,Texas,Tarrant County
48439,50-64,379323,Texas,Tarrant County
48439,65+,256473,Texas,Tarrant County
48441,0-4,9902,Texas,Taylor County
48441,18-49,65391,Texas,Taylor County
48441,5-17,25525,Texas,Taylor County
48441,50-64,22144,Texas,Taylor County
48441,65+,21297,Texas,Taylor County
48443,0-4,6,Texas,Terrell County
48443,18-49,152,Texas,Terrell County
48443,5-17,114,Texas,Terrell County
48443,50-64,263,Texas,Terrell County
48443,65+,316,Texas,Terrell County
48445,0-4,855,Texas,Terry County
48445,18-49,4677,Texas,Terry County
48445,5-17,2433,Texas,Terry County
48445,50-64,1967,Texas,Terry County
48445,65+,1767,Texas,Terry County
48447,0-4,119,Texas,Throckmorton County
48447,18-49,537,Texas,Throckmorton County
48447,5-17,213,Texas,Throckmorton County
48447,50-64,330,Texas,Throckmorton County
48447,65+,390,Texas,Throckmorton County
48449,0-4,2222,Texas,Titus County
48449,18-49,12284,Texas,Titus County
48449,5-17,6713,Texas,Titus County
48449,50-64,5466,Texas,Titus County
48449,65+,4599,Texas,Titus County
48451,0-4,7491,Texas,Tom Green County
48451,18-49,51339,Texas,Tom Green County
48451,5-17,21089,Texas,Tom Green County
48451,50-64,19739,Texas,Tom Green County
48451,65+,19740,Texas,Tom Green County
48453,0-4,73947,Texas,Travis County
48453,18-49,682809,Texas,Travis County
48453,5-17,193720,Texas,Travis County
48453,50-64,217246,Texas,Travis County
48453,65+,139903,Texas,Travis County
48455,0-4,651,Texas,Trinity County
48455,18-49,4242,Texas,Trinity County
48455,5-17,2058,Texas,Trinity County
48455,50-64,3143,Texas,Trinity County
48455,65+,3756,Texas,Trinity County
48457,0-4,817,Texas,Tyler County
48457,18-49,7635,Texas,Tyler County
48457,5-17,3090,Texas,Tyler County
48457,50-64,4094,Texas,Tyler County
48457,65+,4448,Texas,Tyler County
48459,0-4,2337,Texas,Upshur County
48459,18-49,15672,Texas,Upshur County
48459,5-17,7719,Texas,Upshur County
48459,50-64,8491,Texas,Upshur County
48459,65+,7645,Texas,Upshur County
48461,0-4,72,Texas,Upton County
48461,18-49,1242,Texas,Upton County
48461,5-17,655,Texas,Upton County
48461,50-64,659,Texas,Upton County
48461,65+,599,Texas,Upton County
48463,0-4,1769,Texas,Uvalde County
48463,18-49,10542,Texas,Uvalde County
48463,5-17,4723,Texas,Uvalde County
48463,50-64,3704,Texas,Uvalde County
48463,65+,4072,Texas,Uvalde County
48465,0-4,3725,Texas,Val Verde County
48465,18-49,20641,Texas,Val Verde County
48465,5-17,9653,Texas,Val Verde County
48465,50-64,6983,Texas,Val Verde County
48465,65+,6645,Texas,Val Verde County
48467,0-4,3523,Texas,Van Zandt County
48467,18-49,22089,Texas,Van Zandt County
48467,5-17,10591,Texas,Van Zandt County
48467,50-64,12740,Texas,Van Zandt County
48467,65+,12380,Texas,Van Zandt County
48469,0-4,5996,Texas,Victoria County
48469,18-49,37164,Texas,Victoria County
48469,5-17,17030,Texas,Victoria County
48469,50-64,15861,Texas,Victoria County
48469,65+,15230,Texas,Victoria County
48471,0-4,3105,Texas,Walker County
48471,18-49,42003,Texas,Walker County
48471,5-17,8388,Texas,Walker County
48471,50-64,14034,Texas,Walker County
48471,65+,10762,Texas,Walker County
48473,0-4,3662,Texas,Waller County
48473,18-49,29339,Texas,Waller County
48473,5-17,10464,Texas,Waller County
48473,50-64,9198,Texas,Waller County
48473,65+,6792,Texas,Waller County
48475,0-4,852,Texas,Ward County
48475,18-49,4579,Texas,Ward County
48475,5-17,2423,Texas,Ward County
48475,50-64,1845,Texas,Ward County
48475,65+,1556,Texas,Ward County
48477,0-4,1886,Texas,Washington County
48477,18-49,13030,Texas,Washington County
48477,5-17,5898,Texas,Washington County
48477,50-64,7291,Texas,Washington County
48477,65+,8051,Texas,Washington County
48479,0-4,22121,Texas,Webb County
48479,18-49,117277,Texas,Webb County
48479,5-17,62615,Texas,Webb County
48479,50-64,38832,Texas,Webb County
48479,65+,26886,Texas,Webb County
48481,0-4,2824,Texas,Wharton County
48481,18-49,16075,Texas,Wharton County
48481,5-17,7825,Texas,Wharton County
48481,50-64,7481,Texas,Wharton County
48481,65+,7446,Texas,Wharton County
48483,0-4,237,Texas,Wheeler County
48483,18-49,1693,Texas,Wheeler County
48483,5-17,962,Texas,Wheeler County
48483,50-64,1000,Texas,Wheeler County
48483,65+,1010,Texas,Wheeler County
48485,0-4,8056,Texas,Wichita County
48485,18-49,58313,Texas,Wichita County
48485,5-17,21752,Texas,Wichita County
48485,50-64,22135,Texas,Wichita County
48485,65+,19586,Texas,Wichita County
48487,0-4,943,Texas,Wilbarger County
48487,18-49,4983,Texas,Wilbarger County
48487,5-17,1916,Texas,Wilbarger County
48487,50-64,2466,Texas,Wilbarger County
48487,65+,2404,Texas,Wilbarger County
48489,0-4,1196,Texas,Willacy County
48489,18-49,9492,Texas,Willacy County
48489,5-17,3639,Texas,Willacy County
48489,50-64,2935,Texas,Willacy County
48489,65+,2956,Texas,Willacy County
48491,0-4,39013,Texas,Williamson County
48491,18-49,296536,Texas,Williamson County
48491,5-17,118586,Texas,Williamson County
48491,50-64,107491,Texas,Williamson County
48491,65+,82263,Texas,Williamson County
48493,0-4,2810,Texas,Wilson County
48493,18-49,20017,Texas,Wilson County
48493,5-17,9308,Texas,Wilson County
48493,50-64,10778,Texas,Wilson County
48493,65+,8588,Texas,Wilson County
48495,0-4,528,Texas,Winkler County
48495,18-49,3108,Texas,Winkler County
48495,5-17,1616,Texas,Winkler County
48495,50-64,1276,Texas,Winkler County
48495,65+,1012,Texas,Winkler County
48497,0-4,4260,Texas,Wise County
48497,18-49,28318,Texas,Wise County
48497,5-17,13576,Texas,Wise County
48497,50-64,15054,Texas,Wise County
48497,65+,11151,Texas,Wise County
48499,0-4,2026,Texas,Wood County
48499,18-49,14906,Texas,Wood County
48499,5-17,6702,Texas,Wood County
48499,50-64,9990,Texas,Wood County
48499,65+,12470,Texas,Wood County
48501,0-4,692,Texas,Yoakum County
48501,18-49,2840,Texas,Yoakum County
48501,5-17,1767,Texas,Yoakum County
48501,50-64,1421,Texas,Yoakum County
48501,65+,869,Texas,Yoakum County
48503,0-4,1006,Texas,Young County
48503,18-49,6661,Texas,Young County
48503,5-17,3271,Texas,Young County
48503,50-64,3258,Texas,Young County
48503,65+,3767,Texas,Young County
48505,0-4,1094,Texas,Zapata County
48505,18-49,5635,Texas,Zapata County
48505,5-17,3369,Texas,Zapata County
48505,50-64,1882,Texas,Zapata County
48505,65+,1875,Texas,Zapata County
48507,0-4,684,Texas,Zavala County
48507,18-49,4008,Texas,Zavala County
48507,5-17,2126,Texas,Zavala County
48507,50-64,1245,Texas,Zavala County
48507,65+,1469,Texas,Zavala County
49001,0-4,499,Utah,Beaver County
49001,18-49,2967,Utah,Beaver County
49001,5-17,1647,Utah,Beaver County
49001,50-64,1003,Utah,Beaver County
49001,65+,1056,Utah,Beaver County
49003,0-4,4459,Utah,Box Elder County
49003,18-49,24571,Utah,Box Elder County
49003,5-17,14009,Utah,Box Elder County
49003,50-64,9015,Utah,Box Elder County
49003,65+,7671,Utah,Box Elder County
49005,0-4,10573,Utah,Cache County
49005,18-49,67567,Utah,Cache County
49005,5-17,30067,Utah,Cache County
49005,50-64,15274,Utah,Cache County
49005,65+,13550,Utah,Cache County
49007,0-4,1295,Utah,Carbon County
49007,18-49,7912,Utah,Carbon County
49007,5-17,3965,Utah,Carbon County
49007,50-64,3431,Utah,Carbon County
49007,65+,3843,Utah,Carbon County
49009,0-4,33,Utah,Daggett County
49009,18-49,286,Utah,Daggett County
49009,5-17,136,Utah,Daggett County
49009,50-64,157,Utah,Daggett County
49009,65+,135,Utah,Daggett County
49011,0-4,26804,Utah,Davis County
49011,18-49,162156,Utah,Davis County
49011,5-17,86260,Utah,Davis County
49011,50-64,52128,Utah,Davis County
49011,65+,39394,Utah,Davis County
49013,0-4,1597,Utah,Duchesne County
49013,18-49,7905,Utah,Duchesne County
49013,5-17,4863,Utah,Duchesne County
49013,50-64,3024,Utah,Duchesne County
49013,65+,2543,Utah,Duchesne County
49015,0-4,617,Utah,Emery County
49015,18-49,3564,Utah,Emery County
49015,5-17,2216,Utah,Emery County
49015,50-64,1780,Utah,Emery County
49015,65+,1791,Utah,Emery County
49017,0-4,284,Utah,Garfield County
49017,18-49,1959,Utah,Garfield County
49017,5-17,837,Utah,Garfield County
49017,50-64,917,Utah,Garfield County
49017,65+,1173,Utah,Garfield County
49019,0-4,415,Utah,Grand County
49019,18-49,4258,Utah,Grand County
49019,5-17,1371,Utah,Grand County
49019,50-64,1693,Utah,Grand County
49019,65+,1960,Utah,Grand County
49021,0-4,4015,Utah,Iron County
49021,18-49,27204,Utah,Iron County
49021,5-17,12635,Utah,Iron County
49021,50-64,8288,Utah,Iron County
49021,65+,8059,Utah,Iron County
49023,0-4,921,Utah,Juab County
49023,18-49,4970,Utah,Juab County
49023,5-17,3216,Utah,Juab County
49023,50-64,1625,Utah,Juab County
49023,65+,1541,Utah,Juab County
49025,0-4,429,Utah,Kane County
49025,18-49,2710,Utah,Kane County
49025,5-17,1382,Utah,Kane County
49025,50-64,1554,Utah,Kane County
49025,65+,1921,Utah,Kane County
49027,0-4,958,Utah,Millard County
49027,18-49,4854,Utah,Millard County
49027,5-17,3179,Utah,Millard County
49027,50-64,1935,Utah,Millard County
49027,65+,2253,Utah,Millard County
49029,0-4,797,Utah,Morgan County
49029,18-49,4786,Utah,Morgan County
49029,5-17,3488,Utah,Morgan County
49029,50-64,1994,Utah,Morgan County
49029,65+,1520,Utah,Morgan County
49031,0-4,56,Utah,Piute County
49031,18-49,618,Utah,Piute County
49031,5-17,263,Utah,Piute County
49031,50-64,284,Utah,Piute County
49031,65+,484,Utah,Piute County
49033,0-4,213,Utah,Rich County
49033,18-49,742,Utah,Rich County
49033,5-17,623,Utah,Rich County
49033,50-64,462,Utah,Rich County
49033,65+,548,Utah,Rich County
49035,0-4,78006,Utah,Salt Lake County
49035,18-49,558641,Utah,Salt Lake County
49035,5-17,228338,Utah,Salt Lake County
49035,50-64,182567,Utah,Salt Lake County
49035,65+,137137,Utah,Salt Lake County
49037,0-4,872,Utah,San Juan County
49037,18-49,5620,Utah,San Juan County
49037,5-17,3170,Utah,San Juan County
49037,50-64,2462,Utah,San Juan County
49037,65+,2342,Utah,San Juan County
49039,0-4,1744,Utah,Sanpete County
49039,18-49,13400,Utah,Sanpete County
49039,5-17,5377,Utah,Sanpete County
49039,50-64,4495,Utah,Sanpete County
49039,65+,4193,Utah,Sanpete County
49041,0-4,1427,Utah,Sevier County
49041,18-49,8471,Utah,Sevier County
49041,5-17,4776,Utah,Sevier County
49041,50-64,3524,Utah,Sevier County
49041,65+,3656,Utah,Sevier County
49043,0-4,2206,Utah,Summit County
49043,18-49,16743,Utah,Summit County
49043,5-17,7945,Utah,Summit County
49043,50-64,9553,Utah,Summit County
49043,65+,6262,Utah,Summit County
49045,0-4,5716,Utah,Tooele County
49045,18-49,34536,Utah,Tooele County
49045,5-17,18446,Utah,Tooele County
49045,50-64,11018,Utah,Tooele County
49045,65+,6932,Utah,Tooele County
49047,0-4,2777,Utah,Uintah County
49047,18-49,15194,Utah,Uintah County
49047,5-17,8856,Utah,Uintah County
49047,50-64,5355,Utah,Uintah County
49047,65+,4276,Utah,Uintah County
49049,0-4,59337,Utah,Utah County
49049,18-49,337022,Utah,Utah County
49049,5-17,160594,Utah,Utah County
49049,50-64,73455,Utah,Utah County
49049,65+,53214,Utah,Utah County
49051,0-4,2247,Utah,Wasatch County
49051,18-49,14366,Utah,Wasatch County
49051,5-17,8342,Utah,Wasatch County
49051,50-64,6154,Utah,Wasatch County
49051,65+,4699,Utah,Wasatch County
49053,0-4,11381,Utah,Washington County
49053,18-49,71730,Utah,Washington County
49053,5-17,35757,Utah,Washington County
49053,50-64,29035,Utah,Washington County
49053,65+,41924,Utah,Washington County
49055,0-4,165,Utah,Wayne County
49055,18-49,883,Utah,Wayne County
49055,5-17,435,Utah,Wayne County
49055,50-64,484,Utah,Wayne County
49055,65+,590,Utah,Wayne County
49057,0-4,18303,Utah,Weber County
49057,18-49,120101,Utah,Weber County
49057,5-17,53793,Utah,Weber County
49057,50-64,41625,Utah,Weber County
49057,65+,32361,Utah,Weber County
50001,0-4,1502,Vermont,Addison County
50001,18-49,15163,Vermont,Addison County
50001,5-17,4566,Vermont,Addison County
50001,50-64,8000,Vermont,Addison County
50001,65+,8266,Vermont,Addison County
50003,0-4,1652,Vermont,Bennington County
50003,18-49,12888,Vermont,Bennington County
50003,5-17,5385,Vermont,Bennington County
50003,50-64,8522,Vermont,Bennington County
50003,65+,8865,Vermont,Bennington County
50005,0-4,1284,Vermont,Caledonia County
50005,18-49,11136,Vermont,Caledonia County
50005,5-17,4475,Vermont,Caledonia County
50005,50-64,6690,Vermont,Caledonia County
50005,65+,6840,Vermont,Caledonia County
50007,0-4,7311,Vermont,Chittenden County
50007,18-49,80455,Vermont,Chittenden County
50007,5-17,22113,Vermont,Chittenden County
50007,50-64,31394,Vermont,Chittenden County
50007,65+,27558,Vermont,Chittenden County
50009,0-4,250,Vermont,Essex County
50009,18-49,1855,Vermont,Essex County
50009,5-17,776,Vermont,Essex County
50009,50-64,1497,Vermont,Essex County
50009,65+,1594,Vermont,Essex County
50011,0-4,2795,Vermont,Franklin County
50011,18-49,19938,Vermont,Franklin County
50011,5-17,8188,Vermont,Franklin County
50011,50-64,10761,Vermont,Franklin County
50011,65+,8697,Vermont,Franklin County
50013,0-4,317,Vermont,Grand Isle County
50013,18-49,2537,Vermont,Grand Isle County
50013,5-17,950,Vermont,Grand Isle County
50013,50-64,1921,Vermont,Grand Isle County
50013,65+,1668,Vermont,Grand Isle County
50015,0-4,1234,Vermont,Lamoille County
50015,18-49,10639,Vermont,Lamoille County
50015,5-17,4003,Vermont,Lamoille County
50015,50-64,5432,Vermont,Lamoille County
50015,65+,4728,Vermont,Lamoille County
50017,0-4,1250,Vermont,Orange County
50017,18-49,10702,Vermont,Orange County
50017,5-17,4076,Vermont,Orange County
50017,50-64,6814,Vermont,Orange County
50017,65+,6752,Vermont,Orange County
50019,0-4,1294,Vermont,Orleans County
50019,18-49,9879,Vermont,Orleans County
50019,5-17,4051,Vermont,Orleans County
50019,50-64,5858,Vermont,Orleans County
50019,65+,6410,Vermont,Orleans County
50021,0-4,2468,Vermont,Rutland County
50021,18-49,21300,Vermont,Rutland County
50021,5-17,8141,Vermont,Rutland County
50021,50-64,14075,Vermont,Rutland County
50021,65+,14500,Vermont,Rutland County
50023,0-4,2517,Vermont,Washington County
50023,18-49,23322,Vermont,Washington County
50023,5-17,8438,Vermont,Washington County
50023,50-64,13079,Vermont,Washington County
50023,65+,12602,Vermont,Washington County
50025,0-4,1775,Vermont,Windham County
50025,18-49,16356,Vermont,Windham County
50025,5-17,6056,Vermont,Windham County
50025,50-64,10401,Vermont,Windham County
50025,65+,11325,Vermont,Windham County
50027,0-4,2404,Vermont,Windsor County
50027,18-49,20219,Vermont,Windsor County
50027,5-17,7906,Vermont,Windsor County
50027,50-64,13103,Vermont,Windsor County
50027,65+,14336,Vermont,Windsor County
51001,0-4,1762,Virginia,Accomack County
51001,18-49,10640,Virginia,Accomack County
51001,5-17,5162,Virginia,Accomack County
51001,50-64,7380,Virginia,Accomack County
51001,65+,8382,Virginia,Accomack County
51003,0-4,5722,Virginia,Albemarle County
51003,18-49,47739,Virginia,Albemarle County
51003,5-17,16710,Virginia,Albemarle County
51003,50-64,20896,Virginia,Albemarle County
51003,65+,22616,Virginia,Albemarle County
51005,0-4,608,Virginia,Alleghany County
51005,18-49,4962,Virginia,Alleghany County
51005,5-17,2126,Virginia,Alleghany County
51005,50-64,3409,Virginia,Alleghany County
51005,65+,3857,Virginia,Alleghany County
51007,0-4,758,Virginia,Amelia County
51007,18-49,4789,Virginia,Amelia County
51007,5-17,2011,Virginia,Amelia County
51007,50-64,3011,Virginia,Amelia County
51007,65+,2773,Virginia,Amelia County
51009,0-4,1614,Virginia,Amherst County
51009,18-49,11671,Virginia,Amherst County
51009,5-17,4641,Virginia,Amherst County
51009,50-64,6746,Virginia,Amherst County
51009,65+,6713,Virginia,Amherst County
51011,0-4,993,Virginia,Appomattox County
51011,18-49,6048,Virginia,Appomattox County
51011,5-17,2598,Virginia,Appomattox County
51011,50-64,3389,Virginia,Appomattox County
51011,65+,3396,Virginia,Appomattox County
51013,0-4,12310,Virginia,Arlington County
51013,18-49,127303,Virginia,Arlington County
51013,5-17,30444,Virginia,Arlington County
51013,50-64,38085,Virginia,Arlington County
51013,65+,27321,Virginia,Arlington County
51015,0-4,3474,Virginia,Augusta County
51015,18-49,29040,Virginia,Augusta County
51015,5-17,11053,Virginia,Augusta County
51015,50-64,17013,Virginia,Augusta County
51015,65+,17133,Virginia,Augusta County
51017,0-4,180,Virginia,Bath County
51017,18-49,1241,Virginia,Bath County
51017,5-17,527,Virginia,Bath County
51017,50-64,1047,Virginia,Bath County
51017,65+,1128,Virginia,Bath County
51019,0-4,3547,Virginia,Bedford County
51019,18-49,27588,Virginia,Bedford County
51019,5-17,12188,Virginia,Bedford County
51019,50-64,18707,Virginia,Bedford County
51019,65+,18224,Virginia,Bedford County
51021,0-4,190,Virginia,Bland County
51021,18-49,2457,Virginia,Bland County
51021,5-17,689,Virginia,Bland County
51021,50-64,1353,Virginia,Bland County
51021,65+,1522,Virginia,Bland County
51023,0-4,1437,Virginia,Botetourt County
51023,18-49,11388,Virginia,Botetourt County
51023,5-17,4918,Virginia,Botetourt County
51023,50-64,8127,Virginia,Botetourt County
51023,65+,8005,Virginia,Botetourt County
51025,0-4,651,Virginia,Brunswick County
51025,18-49,6610,Virginia,Brunswick County
51025,5-17,1828,Virginia,Brunswick County
51025,50-64,3305,Virginia,Brunswick County
51025,65+,3474,Virginia,Brunswick County
51027,0-4,859,Virginia,Buchanan County
51027,18-49,7249,Virginia,Buchanan County
51027,5-17,2533,Virginia,Buchanan County
51027,50-64,4555,Virginia,Buchanan County
51027,65+,4661,Virginia,Buchanan County
51029,0-4,791,Virginia,Buckingham County
51029,18-49,6804,Virginia,Buckingham County
51029,5-17,2269,Virginia,Buckingham County
51029,50-64,3631,Virginia,Buckingham County
51029,65+,3419,Virginia,Buckingham County
51031,0-4,2719,Virginia,Campbell County
51031,18-49,21329,Virginia,Campbell County
51031,5-17,8165,Virginia,Campbell County
51031,50-64,11695,Virginia,Campbell County
51031,65+,11490,Virginia,Campbell County
51033,0-4,1892,Virginia,Caroline County
51033,18-49,12661,Virginia,Caroline County
51033,5-17,5292,Virginia,Caroline County
51033,50-64,6533,Virginia,Caroline County
51033,65+,5163,Virginia,Caroline County
51035,0-4,1236,Virginia,Carroll County
51035,18-49,9742,Virginia,Carroll County
51035,5-17,3971,Virginia,Carroll County
51035,50-64,6732,Virginia,Carroll County
51035,65+,7477,Virginia,Carroll County
51036,0-4,249,Virginia,Charles City County
51036,18-49,2127,Virginia,Charles City County
51036,5-17,724,Virginia,Charles City County
51036,50-64,1837,Virginia,Charles City County
51036,65+,1749,Virginia,Charles City County
51037,0-4,622,Virginia,Charlotte County
51037,18-49,3699,Virginia,Charlotte County
51037,5-17,1963,Virginia,Charlotte County
51037,50-64,2639,Virginia,Charlotte County
51037,65+,2552,Virginia,Charlotte County
51041,0-4,22036,Virginia,Chesterfield County
51041,18-49,152540,Virginia,Chesterfield County
51041,5-17,66485,Virginia,Chesterfield County
51041,50-64,72155,Virginia,Chesterfield County
51041,65+,58394,Virginia,Chesterfield County
51043,0-4,553,Virginia,Clarke County
51043,18-49,5006,Virginia,Clarke County
51043,5-17,2306,Virginia,Clarke County
51043,50-64,3910,Virginia,Clarke County
51043,65+,3285,Virginia,Clarke County
51045,0-4,359,Virginia,Craig County
51045,18-49,1440,Virginia,Craig County
51045,5-17,864,Virginia,Craig County
51045,50-64,1279,Virginia,Craig County
51045,65+,939,Virginia,Craig County
51047,0-4,3367,Virginia,Culpeper County
51047,18-49,20794,Virginia,Culpeper County
51047,5-17,10038,Virginia,Culpeper County
51047,50-64,10490,Virginia,Culpeper County
51047,65+,8874,Virginia,Culpeper County
51049,0-4,459,Virginia,Cumberland County
51049,18-49,3545,Virginia,Cumberland County
51049,5-17,1437,Virginia,Cumberland County
51049,50-64,2037,Virginia,Cumberland County
51049,65+,2267,Virginia,Cumberland County
51051,0-4,621,Virginia,Dickenson County
51051,18-49,4963,Virginia,Dickenson County
51051,5-17,2065,Virginia,Dickenson County
51051,50-64,2899,Virginia,Dickenson County
51051,65+,3372,Virginia,Dickenson County
51053,0-4,1333,Virginia,Dinwiddie County
51053,18-49,10815,Virginia,Dinwiddie County
51053,5-17,4322,Virginia,Dinwiddie County
51053,50-64,6351,Virginia,Dinwiddie County
51053,65+,5262,Virginia,Dinwiddie County
51057,0-4,511,Virginia,Essex County
51057,18-49,3745,Virginia,Essex County
51057,5-17,1394,Virginia,Essex County
51057,50-64,2447,Virginia,Essex County
51057,65+,2507,Virginia,Essex County
51059,0-4,68146,Virginia,Fairfax County
51059,18-49,490036,Virginia,Fairfax County
51059,5-17,196645,Virginia,Fairfax County
51059,50-64,223350,Virginia,Fairfax County
51059,65+,166297,Virginia,Fairfax County
51061,0-4,4195,Virginia,Fauquier County
51061,18-49,27949,Virginia,Fauquier County
51061,5-17,13120,Virginia,Fauquier County
51061,50-64,16326,Virginia,Fauquier County
51061,65+,12345,Virginia,Fauquier County
51063,0-4,646,Virginia,Floyd County
51063,18-49,5315,Virginia,Floyd County
51063,5-17,2239,Virginia,Floyd County
51063,50-64,3654,Virginia,Floyd County
51063,65+,3706,Virginia,Floyd County
51065,0-4,1432,Virginia,Fluvanna County
51065,18-49,10636,Virginia,Fluvanna County
51065,5-17,4062,Virginia,Fluvanna County
51065,50-64,5873,Virginia,Fluvanna County
51065,65+,5761,Virginia,Fluvanna County
51067,0-4,2674,Virginia,Franklin County
51067,18-49,18263,Virginia,Franklin County
51067,5-17,7697,Virginia,Franklin County
51067,50-64,13007,Virginia,Franklin County
51067,65+,13317,Virginia,Franklin County
51069,0-4,5235,Virginia,Frederick County
51069,18-49,35948,Virginia,Frederick County
51069,5-17,16107,Virginia,Frederick County
51069,50-64,19050,Virginia,Frederick County
51069,65+,17015,Virginia,Frederick County
51071,0-4,805,Virginia,Giles County
51071,18-49,5879,Virginia,Giles County
51071,5-17,2492,Virginia,Giles County
51071,50-64,3774,Virginia,Giles County
51071,65+,3660,Virginia,Giles County
51073,0-4,1845,Virginia,Gloucester County
51073,18-49,14168,Virginia,Gloucester County
51073,5-17,6018,Virginia,Gloucester County
51073,50-64,9222,Virginia,Gloucester County
51073,65+,7975,Virginia,Gloucester County
51075,0-4,982,Virginia,Goochland County
51075,18-49,8746,Virginia,Goochland County
51075,5-17,3263,Virginia,Goochland County
51075,50-64,6507,Virginia,Goochland County
51075,65+,6115,Virginia,Goochland County
51077,0-4,592,Virginia,Grayson County
51077,18-49,5437,Virginia,Grayson County
51077,5-17,1929,Virginia,Grayson County
51077,50-64,3431,Virginia,Grayson County
51077,65+,3934,Virginia,Grayson County
51079,0-4,1275,Virginia,Greene County
51079,18-49,7870,Virginia,Greene County
51079,5-17,3586,Virginia,Greene County
51079,50-64,4228,Virginia,Greene County
51079,65+,3891,Virginia,Greene County
51081,0-4,439,Virginia,Greensville County
51081,18-49,5303,Virginia,Greensville County
51081,5-17,1402,Virginia,Greensville County
51081,50-64,2334,Virginia,Greensville County
51081,65+,1826,Virginia,Greensville County
51083,0-4,1748,Virginia,Halifax County
51083,18-49,11244,Virginia,Halifax County
51083,5-17,5095,Virginia,Halifax County
51083,50-64,7174,Virginia,Halifax County
51083,65+,8550,Virginia,Halifax County
51085,0-4,5508,Virginia,Hanover County
51085,18-49,42185,Virginia,Hanover County
51085,5-17,18750,Virginia,Hanover County
51085,50-64,24266,Virginia,Hanover County
51085,65+,20943,Virginia,Hanover County
51087,0-4,19429,Virginia,Henrico County
51087,18-49,140360,Virginia,Henrico County
51087,5-17,54836,Virginia,Henrico County
51087,50-64,64498,Virginia,Henrico County
51087,65+,55311,Virginia,Henrico County
51089,0-4,2244,Virginia,Henry County
51089,18-49,16849,Virginia,Henry County
51089,5-17,7545,Virginia,Henry County
51089,50-64,11431,Virginia,Henry County
51089,65+,12296,Virginia,Henry County
51091,0-4,60,Virginia,Highland County
51091,18-49,607,Virginia,Highland County
51091,5-17,254,Virginia,Highland County
51091,50-64,568,Virginia,Highland County
51091,65+,776,Virginia,Highland County
51093,0-4,1923,Virginia,Isle of Wight County
51093,18-49,14135,Virginia,Isle of Wight County
51093,5-17,6480,Virginia,Isle of Wight County
51093,50-64,9161,Virginia,Isle of Wight County
51093,65+,7745,Virginia,Isle of Wight County
51095,0-4,3876,Virginia,James City County
51095,18-49,26872,Virginia,James City County
51095,5-17,11848,Virginia,James City County
51095,50-64,16347,Virginia,James City County
51095,65+,21103,Virginia,James City County
51097,0-4,302,Virginia,King and Queen County
51097,18-49,2289,Virginia,King and Queen County
51097,5-17,888,Virginia,King and Queen County
51097,50-64,1621,Virginia,King and Queen County
51097,65+,1576,Virginia,King and Queen County
51099,0-4,1585,Virginia,King George County
51099,18-49,11250,Virginia,King George County
51099,5-17,5185,Virginia,King George County
51099,50-64,5626,Virginia,King George County
51099,65+,3822,Virginia,King George County
51101,0-4,1165,Virginia,King William County
51101,18-49,7230,Virginia,King William County
51101,5-17,3022,Virginia,King William County
51101,50-64,3805,Virginia,King William County
51101,65+,3010,Virginia,King William County
51103,0-4,339,Virginia,Lancaster County
51103,18-49,2624,Virginia,Lancaster County
51103,5-17,1262,Virginia,Lancaster County
51103,50-64,2302,Virginia,Lancaster County
51103,65+,4349,Virginia,Lancaster County
51105,0-4,971,Virginia,Lee County
51105,18-49,8335,Virginia,Lee County
51105,5-17,3067,Virginia,Lee County
51105,50-64,4692,Virginia,Lee County
51105,65+,4977,Virginia,Lee County
51107,0-4,27340,Virginia,Loudoun County
51107,18-49,187430,Virginia,Loudoun County
51107,5-17,88435,Virginia,Loudoun County
51107,50-64,79586,Virginia,Loudoun County
51107,65+,44291,Virginia,Loudoun County
51109,0-4,2055,Virginia,Louisa County
51109,18-49,14005,Virginia,Louisa County
51109,5-17,5828,Virginia,Louisa County
51109,50-64,9159,Virginia,Louisa County
51109,65+,7965,Virginia,Louisa County
51111,0-4,571,Virginia,Lunenburg County
51111,18-49,4319,Virginia,Lunenburg County
51111,5-17,1784,Virginia,Lunenburg County
51111,50-64,2554,Virginia,Lunenburg County
51111,65+,2762,Virginia,Lunenburg County
51113,0-4,797,Virginia,Madison County
51113,18-49,4832,Virginia,Madison County
51113,5-17,1995,Virginia,Madison County
51113,50-64,3136,Virginia,Madison County
51113,65+,3171,Virginia,Madison County
51115,0-4,281,Virginia,Mathews County
51115,18-49,2483,Virginia,Mathews County
51115,5-17,1048,Virginia,Mathews County
51115,50-64,1955,Virginia,Mathews County
51115,65+,2750,Virginia,Mathews County
51117,0-4,1523,Virginia,Mecklenburg County
51117,18-49,9978,Virginia,Mecklenburg County
51117,5-17,4110,Virginia,Mecklenburg County
51117,50-64,6737,Virginia,Mecklenburg County
51117,65+,8083,Virginia,Mecklenburg County
51119,0-4,369,Virginia,Middlesex County
51119,18-49,2917,Virginia,Middlesex County
51119,5-17,1346,Virginia,Middlesex County
51119,50-64,2537,Virginia,Middlesex County
51119,65+,3605,Virginia,Middlesex County
51121,0-4,3796,Virginia,Montgomery County
51121,18-49,55696,Virginia,Montgomery County
51121,5-17,11371,Virginia,Montgomery County
51121,50-64,14713,Virginia,Montgomery County
51121,65+,13583,Virginia,Montgomery County
51125,0-4,811,Virginia,Nelson County
51125,18-49,4546,Virginia,Nelson County
51125,5-17,1799,Virginia,Nelson County
51125,50-64,3297,Virginia,Nelson County
51125,65+,4324,Virginia,Nelson County
51127,0-4,1090,Virginia,New Kent County
51127,18-49,9585,Virginia,New Kent County
51127,5-17,3617,Virginia,New Kent County
51127,50-64,5331,Virginia,New Kent County
51127,65+,4516,Virginia,New Kent County
51131,0-4,495,Virginia,Northampton County
51131,18-49,3524,Virginia,Northampton County
51131,5-17,1791,Virginia,Northampton County
51131,50-64,2855,Virginia,Northampton County
51131,65+,3450,Virginia,Northampton County
51133,0-4,537,Virginia,Northumberland County
51133,18-49,2964,Virginia,Northumberland County
51133,5-17,1250,Virginia,Northumberland County
51133,50-64,2752,Virginia,Northumberland County
51133,65+,4582,Virginia,Northumberland County
51135,0-4,798,Virginia,Nottoway County
51135,18-49,6449,Virginia,Nottoway County
51135,5-17,2197,Virginia,Nottoway County
51135,50-64,3269,Virginia,Nottoway County
51135,65+,2884,Virginia,Nottoway County
51137,0-4,2177,Virginia,Orange County
51137,18-49,13756,Virginia,Orange County
51137,5-17,5772,Virginia,Orange County
51137,50-64,8066,Virginia,Orange County
51137,65+,7437,Virginia,Orange County
51139,0-4,1184,Virginia,Page County
51139,18-49,8456,Virginia,Page County
51139,5-17,3535,Virginia,Page County
51139,50-64,5401,Virginia,Page County
51139,65+,5174,Virginia,Page County
51141,0-4,756,Virginia,Patrick County
51141,18-49,5497,Virginia,Patrick County
51141,5-17,2304,Virginia,Patrick County
51141,50-64,4303,Virginia,Patrick County
51141,65+,4746,Virginia,Patrick County
51143,0-4,2542,Virginia,Pittsylvania County
51143,18-49,20796,Virginia,Pittsylvania County
51143,5-17,8328,Virginia,Pittsylvania County
51143,50-64,14007,Virginia,Pittsylvania County
51143,65+,14475,Virginia,Pittsylvania County
51145,0-4,1379,Virginia,Powhatan County
51145,18-49,12055,Virginia,Powhatan County
51145,5-17,4177,Virginia,Powhatan County
51145,50-64,7417,Virginia,Powhatan County
51145,65+,6046,Virginia,Powhatan County
51147,0-4,914,Virginia,Prince Edward County
51147,18-49,11597,Virginia,Prince Edward County
51147,5-17,2357,Virginia,Prince Edward County
51147,50-64,3407,Virginia,Prince Edward County
51147,65+,3657,Virginia,Prince Edward County
51149,0-4,2079,Virginia,Prince George County
51149,18-49,22200,Virginia,Prince George County
51149,5-17,6375,Virginia,Prince George County
51149,50-64,6695,Virginia,Prince George County
51149,65+,5524,Virginia,Prince George County
51153,0-4,32949,Virginia,Prince William County
51153,18-49,212937,Virginia,Prince William County
51153,5-17,96162,Virginia,Prince William County
51153,50-64,89874,Virginia,Prince William County
51153,65+,52703,Virginia,Prince William County
51155,0-4,1536,Virginia,Pulaski County
51155,18-49,12283,Virginia,Pulaski County
51155,5-17,4497,Virginia,Pulaski County
51155,50-64,7799,Virginia,Pulaski County
51155,65+,7656,Virginia,Pulaski County
51157,0-4,229,Virginia,Rappahannock County
51157,18-49,2388,Virginia,Rappahannock County
51157,5-17,1078,Virginia,Rappahannock County
51157,50-64,1741,Virginia,Rappahannock County
51157,65+,1973,Virginia,Rappahannock County
51159,0-4,470,Virginia,Richmond County
51159,18-49,3552,Virginia,Richmond County
51159,5-17,1123,Virginia,Richmond County
51159,50-64,2074,Virginia,Richmond County
51159,65+,1828,Virginia,Richmond County
51161,0-4,4322,Virginia,Roanoke County
51161,18-49,36870,Virginia,Roanoke County
51161,5-17,14890,Virginia,Roanoke County
51161,50-64,19607,Virginia,Roanoke County
51161,65+,21104,Virginia,Roanoke County
51163,0-4,868,Virginia,Rockbridge County
51163,18-49,7392,Virginia,Rockbridge County
51163,5-17,3121,Virginia,Rockbridge County
51163,50-64,5149,Virginia,Rockbridge County
51163,65+,6048,Virginia,Rockbridge County
51165,0-4,4777,Virginia,Rockingham County
51165,18-49,32534,Virginia,Rockingham County
51165,5-17,14001,Virginia,Rockingham County
51165,50-64,16635,Virginia,Rockingham County
51165,65+,16792,Virginia,Rockingham County
51167,0-4,1224,Virginia,Russell County
51167,18-49,9118,Virginia,Russell County
51167,5-17,3569,Virginia,Russell County
51167,50-64,5829,Virginia,Russell County
51167,65+,5895,Virginia,Russell County
51169,0-4,836,Virginia,Scott County
51169,18-49,7520,Virginia,Scott County
51169,5-17,3031,Virginia,Scott County
51169,50-64,4735,Virginia,Scott County
51169,65+,5382,Virginia,Scott County
51171,0-4,2510,Virginia,Shenandoah County
51171,18-49,15939,Virginia,Shenandoah County
51171,5-17,7039,Virginia,Shenandoah County
51171,50-64,9373,Virginia,Shenandoah County
51171,65+,9769,Virginia,Shenandoah County
51173,0-4,1340,Virginia,Smyth County
51173,18-49,10665,Virginia,Smyth County
51173,5-17,4378,Virginia,Smyth County
51173,50-64,6474,Virginia,Smyth County
51173,65+,6728,Virginia,Smyth County
51175,0-4,821,Virginia,Southampton County
51175,18-49,6249,Virginia,Southampton County
51175,5-17,2623,Virginia,Southampton County
51175,50-64,4444,Virginia,Southampton County
51175,65+,3851,Virginia,Southampton County
51177,0-4,8462,Virginia,Spotsylvania County
51177,18-49,58533,Virginia,Spotsylvania County
51177,5-17,26922,Virginia,Spotsylvania County
51177,50-64,28640,Virginia,Spotsylvania County
51177,65+,21319,Virginia,Spotsylvania County
51179,0-4,9849,Virginia,Stafford County
51179,18-49,70153,Virginia,Stafford County
51179,5-17,32205,Virginia,Stafford County
51179,50-64,30488,Virginia,Stafford County
51179,65+,17825,Virginia,Stafford County
51181,0-4,334,Virginia,Surry County
51181,18-49,2096,Virginia,Surry County
51181,5-17,777,Virginia,Surry County
51181,50-64,1725,Virginia,Surry County
51181,65+,1620,Virginia,Surry County
51183,0-4,447,Virginia,Sussex County
51183,18-49,4824,Virginia,Sussex County
51183,5-17,1256,Virginia,Sussex County
51183,50-64,2208,Virginia,Sussex County
51183,65+,2058,Virginia,Sussex County
51185,0-4,1883,Virginia,Tazewell County
51185,18-49,14567,Virginia,Tazewell County
51185,5-17,6052,Virginia,Tazewell County
51185,50-64,8143,Virginia,Tazewell County
51185,65+,9288,Virginia,Tazewell County
51187,0-4,2152,Virginia,Warren County
51187,18-49,16462,Virginia,Warren County
51187,5-17,6722,Virginia,Warren County
51187,50-64,8903,Virginia,Warren County
51187,65+,6865,Virginia,Warren County
51191,0-4,2207,Virginia,Washington County
51191,18-49,19582,Virginia,Washington County
51191,5-17,7133,Virginia,Washington County
51191,50-64,11885,Virginia,Washington County
51191,65+,13106,Virginia,Washington County
51193,0-4,943,Virginia,Westmoreland County
51193,18-49,6170,Virginia,Westmoreland County
51193,5-17,2464,Virginia,Westmoreland County
51193,50-64,4182,Virginia,Westmoreland County
51193,65+,4924,Virginia,Westmoreland County
51195,0-4,1627,Virginia,Wise County
51195,18-49,14583,Virginia,Wise County
51195,5-17,5228,Virginia,Wise County
51195,50-64,7132,Virginia,Wise County
51195,65+,7157,Virginia,Wise County
51197,0-4,1437,Virginia,Wythe County
51197,18-49,10086,Virginia,Wythe County
51197,5-17,4069,Virginia,Wythe County
51197,50-64,6426,Virginia,Wythe County
51197,65+,6201,Virginia,Wythe County
51199,0-4,3665,Virginia,York County
51199,18-49,28244,Virginia,York County
51199,5-17,12813,Virginia,York County
51199,50-64,13682,Virginia,York County
51199,65+,12186,Virginia,York County
51510,0-4,10541,Virginia,Alexandria city
51510,18-49,80679,Virginia,Alexandria city
51510,5-17,18171,Virginia,Alexandria city
51510,50-64,27677,Virginia,Alexandria city
51510,65+,19720,Virginia,Alexandria city
51520,0-4,884,Virginia,Bristol city
51520,18-49,6382,Virginia,Bristol city
51520,5-17,2549,Virginia,Bristol city
51520,50-64,3281,Virginia,Bristol city
51520,65+,3928,Virginia,Bristol city
51530,0-4,330,Virginia,Buena Vista city
51530,18-49,2826,Virginia,Buena Vista city
51530,5-17,1091,Virginia,Buena Vista city
51530,50-64,1152,Virginia,Buena Vista city
51530,65+,1213,Virginia,Buena Vista city
51540,0-4,2484,Virginia,Charlottesville city
51540,18-49,25690,Virginia,Charlottesville city
51540,5-17,4935,Virginia,Charlottesville city
51540,50-64,6752,Virginia,Charlottesville city
51540,65+,6002,Virginia,Charlottesville city
51550,0-4,15491,Virginia,Chesapeake city
51550,18-49,107114,Virginia,Chesapeake city
51550,5-17,45609,Virginia,Chesapeake city
51550,50-64,47577,Virginia,Chesapeake city
51550,65+,35362,Virginia,Chesapeake city
51570,0-4,1103,Virginia,Colonial Heights city
51570,18-49,7012,Virginia,Colonial Heights city
51570,5-17,3294,Virginia,Colonial Heights city
51570,50-64,3467,Virginia,Colonial Heights city
51570,65+,3334,Virginia,Colonial Heights city
51580,0-4,332,Virginia,Covington city
51580,18-49,2064,Virginia,Covington city
51580,5-17,959,Virginia,Covington city
51580,50-64,1213,Virginia,Covington city
51580,65+,1103,Virginia,Covington city
51590,0-4,2478,Virginia,Danville city
51590,18-49,15708,Virginia,Danville city
51590,5-17,6961,Virginia,Danville city
51590,50-64,8250,Virginia,Danville city
51590,65+,8842,Virginia,Danville city
51595,0-4,294,Virginia,Emporia city
51595,18-49,2027,Virginia,Emporia city
51595,5-17,1228,Virginia,Emporia city
51595,50-64,1048,Virginia,Emporia city
51595,65+,1036,Virginia,Emporia city
51600,0-4,1873,Virginia,Fairfax city
51600,18-49,10237,Virginia,Fairfax city
51600,5-17,4010,Virginia,Fairfax city
51600,50-64,4863,Virginia,Fairfax city
51600,65+,3495,Virginia,Fairfax city
51610,0-4,694,Virginia,Falls Church city
51610,18-49,6030,Virginia,Falls Church city
51610,5-17,2834,Virginia,Falls Church city
51610,50-64,2889,Virginia,Falls Church city
51610,65+,2146,Virginia,Falls Church city
51620,0-4,617,Virginia,Franklin city
51620,18-49,2730,Virginia,Franklin city
51620,5-17,1565,Virginia,Franklin city
51620,50-64,1738,Virginia,Franklin city
51620,65+,1562,Virginia,Franklin city
51630,0-4,1767,Virginia,Fredericksburg city
51630,18-49,14543,Virginia,Fredericksburg city
51630,5-17,4241,Virginia,Fredericksburg city
51630,50-64,4646,Virginia,Fredericksburg city
51630,65+,3186,Virginia,Fredericksburg city
51640,0-4,535,Virginia,Galax city
51640,18-49,2351,Virginia,Galax city
51640,5-17,1097,Virginia,Galax city
51640,50-64,1384,Virginia,Galax city
51640,65+,1331,Virginia,Galax city
51650,0-4,8324,Virginia,Hampton city
51650,18-49,59948,Virginia,Hampton city
51650,5-17,21259,Virginia,Hampton city
51650,50-64,25681,Virginia,Hampton city
51650,65+,22122,Virginia,Hampton city
51660,0-4,2643,Virginia,Harrisonburg city
51660,18-49,31371,Virginia,Harrisonburg city
51660,5-17,6158,Virginia,Harrisonburg city
51660,50-64,6131,Virginia,Harrisonburg city
51660,65+,5189,Virginia,Harrisonburg city
51670,0-4,1772,Virginia,Hopewell city
51670,18-49,9155,Virginia,Hopewell city
51670,5-17,4086,Virginia,Hopewell city
51670,50-64,4494,Virginia,Hopewell city
51670,65+,3437,Virginia,Hopewell city
51678,0-4,242,Virginia,Lexington city
51678,18-49,4880,Virginia,Lexington city
51678,5-17,284,Virginia,Lexington city
51678,50-64,800,Virginia,Lexington city
51678,65+,1214,Virginia,Lexington city
51680,0-4,4742,Virginia,Lynchburg city
51680,18-49,41492,Virginia,Lynchburg city
51680,5-17,10564,Virginia,Lynchburg city
51680,50-64,11217,Virginia,Lynchburg city
51680,65+,11240,Virginia,Lynchburg city
51683,0-4,3361,Virginia,Manassas city
51683,18-49,18963,Virginia,Manassas city
51683,5-17,8168,Virginia,Manassas city
51683,50-64,7777,Virginia,Manassas city
51683,65+,4405,Virginia,Manassas city
51685,0-4,991,Virginia,Manassas Park city
51685,18-49,8306,Virginia,Manassas Park city
51685,5-17,3108,Virginia,Manassas Park city
51685,50-64,2891,Virginia,Manassas Park city
51685,65+,1627,Virginia,Manassas Park city
51690,0-4,663,Virginia,Martinsville city
51690,18-49,5063,Virginia,Martinsville city
51690,5-17,2911,Virginia,Martinsville city
51690,50-64,2629,Virginia,Martinsville city
51690,65+,2318,Virginia,Martinsville city
51700,0-4,12901,Virginia,Newport News city
51700,18-49,85028,Virginia,Newport News city
51700,5-17,30153,Virginia,Newport News city
51700,50-64,31465,Virginia,Newport News city
51700,65+,25227,Virginia,Newport News city
51710,0-4,15394,Virginia,Norfolk city
51710,18-49,119765,Virginia,Norfolk city
51710,5-17,32696,Virginia,Norfolk city
51710,50-64,37622,Virginia,Norfolk city
51710,65+,29560,Virginia,Norfolk city
51720,0-4,132,Virginia,Norton city
51720,18-49,1545,Virginia,Norton city
51720,5-17,551,Virginia,Norton city
51720,50-64,646,Virginia,Norton city
51720,65+,746,Virginia,Norton city
51730,0-4,2613,Virginia,Petersburg city
51730,18-49,13480,Virginia,Petersburg city
51730,5-17,5047,Virginia,Petersburg city
51730,50-64,6562,Virginia,Petersburg city
51730,65+,5663,Virginia,Petersburg city
51735,0-4,632,Virginia,Poquoson city
51735,18-49,4656,Virginia,Poquoson city
51735,5-17,2240,Virginia,Poquoson city
51735,50-64,2552,Virginia,Poquoson city
51735,65+,2476,Virginia,Poquoson city
51740,0-4,6890,Virginia,Portsmouth city
51740,18-49,42609,Virginia,Portsmouth city
51740,5-17,15674,Virginia,Portsmouth city
51740,50-64,17360,Virginia,Portsmouth city
51740,65+,14766,Virginia,Portsmouth city
51750,0-4,696,Virginia,Radford city
51750,18-49,10861,Virginia,Radford city
51750,5-17,1342,Virginia,Radford city
51750,50-64,2057,Virginia,Radford city
51750,65+,1549,Virginia,Radford city
51760,0-4,13361,Virginia,Richmond city
51760,18-49,117447,Virginia,Richmond city
51760,5-17,26702,Virginia,Richmond city
51760,50-64,39077,Virginia,Richmond city
51760,65+,31008,Virginia,Richmond city
51770,0-4,6353,Virginia,Roanoke city
51770,18-49,40734,Virginia,Roanoke city
51770,5-17,15978,Virginia,Roanoke city
51770,50-64,18385,Virginia,Roanoke city
51770,65+,17227,Virginia,Roanoke city
51775,0-4,1039,Virginia,Salem city
51775,18-49,10731,Virginia,Salem city
51775,5-17,3795,Virginia,Salem city
51775,50-64,4947,Virginia,Salem city
51775,65+,4965,Virginia,Salem city
51790,0-4,1575,Virginia,Staunton city
51790,18-49,10740,Virginia,Staunton city
51790,5-17,3362,Virginia,Staunton city
51790,50-64,4679,Virginia,Staunton city
51790,65+,5409,Virginia,Staunton city
51800,0-4,6074,Virginia,Suffolk city
51800,18-49,39684,Virginia,Suffolk city
51800,5-17,16803,Virginia,Suffolk city
51800,50-64,19581,Virginia,Suffolk city
51800,65+,14496,Virginia,Suffolk city
51810,0-4,27251,Virginia,Virginia Beach city
51810,18-49,201008,Virginia,Virginia Beach city
51810,5-17,73755,Virginia,Virginia Beach city
51810,50-64,84806,Virginia,Virginia Beach city
51810,65+,70246,Virginia,Virginia Beach city
51820,0-4,1496,Virginia,Waynesboro city
51820,18-49,9238,Virginia,Waynesboro city
51820,5-17,3595,Virginia,Waynesboro city
51820,50-64,4247,Virginia,Waynesboro city
51820,65+,3998,Virginia,Waynesboro city
51830,0-4,353,Virginia,Williamsburg city
51830,18-49,9257,Virginia,Williamsburg city
51830,5-17,1275,Virginia,Williamsburg city
51830,50-64,2013,Virginia,Williamsburg city
51830,65+,2666,Virginia,Williamsburg city
51840,0-4,1709,Virginia,Winchester city
51840,18-49,11832,Virginia,Winchester city
51840,5-17,4567,Virginia,Winchester city
51840,50-64,5085,Virginia,Winchester city
51840,65+,4788,Virginia,Winchester city
53001,0-4,1810,Washington,Adams County
53001,18-49,8079,Washington,Adams County
53001,5-17,5435,Washington,Adams County
53001,50-64,2920,Washington,Adams County
53001,65+,2446,Washington,Adams County
53003,0-4,1284,Washington,Asotin County
53003,18-49,7858,Washington,Asotin County
53003,5-17,3109,Washington,Asotin County
53003,50-64,4654,Washington,Asotin County
53003,65+,5519,Washington,Asotin County
53005,0-4,13630,Washington,Benton County
53005,18-49,85755,Washington,Benton County
53005,5-17,41874,Washington,Benton County
53005,50-64,36243,Washington,Benton County
53005,65+,32722,Washington,Benton County
53007,0-4,4441,Washington,Chelan County
53007,18-49,30212,Washington,Chelan County
53007,5-17,13676,Washington,Chelan County
53007,50-64,14898,Washington,Chelan County
53007,65+,16291,Washington,Chelan County
53009,0-4,3058,Washington,Clallam County
53009,18-49,24561,Washington,Clallam County
53009,5-17,9635,Washington,Clallam County
53009,50-64,15913,Washington,Clallam County
53009,65+,24426,Washington,Clallam County
53011,0-4,29132,Washington,Clark County
53011,18-49,212888,Washington,Clark County
53011,5-17,88964,Washington,Clark County
53011,50-64,96520,Washington,Clark County
53011,65+,83012,Washington,Clark County
53013,0-4,168,Washington,Columbia County
53013,18-49,1241,Washington,Columbia County
53013,5-17,507,Washington,Columbia County
53013,50-64,895,Washington,Columbia County
53013,65+,1185,Washington,Columbia County
53015,0-4,6401,Washington,Cowlitz County
53015,18-49,42692,Washington,Cowlitz County
53015,5-17,18841,Washington,Cowlitz County
53015,50-64,21843,Washington,Cowlitz County
53015,65+,21762,Washington,Cowlitz County
53017,0-4,2734,Washington,Douglas County
53017,18-49,17139,Washington,Douglas County
53017,5-17,8231,Washington,Douglas County
53017,50-64,7747,Washington,Douglas County
53017,65+,7882,Washington,Douglas County
53019,0-4,299,Washington,Ferry County
53019,18-49,2147,Washington,Ferry County
53019,5-17,938,Washington,Ferry County
53019,50-64,1733,Washington,Ferry County
53019,65+,2209,Washington,Ferry County
53021,0-4,8084,Washington,Franklin County
53021,18-49,43673,Washington,Franklin County
53021,5-17,22622,Washington,Franklin County
53021,50-64,13440,Washington,Franklin County
53021,65+,9857,Washington,Franklin County
53023,0-4,82,Washington,Garfield County
53023,18-49,705,Washington,Garfield County
53023,5-17,317,Washington,Garfield County
53023,50-64,533,Washington,Garfield County
53023,65+,689,Washington,Garfield County
53025,0-4,7253,Washington,Grant County
53025,18-49,40948,Washington,Grant County
53025,5-17,21625,Washington,Grant County
53025,50-64,16209,Washington,Grant County
53025,65+,14393,Washington,Grant County
53027,0-4,3610,Washington,Grays Harbor County
53027,18-49,27688,Washington,Grays Harbor County
53027,5-17,11663,Washington,Grays Harbor County
53027,50-64,15998,Washington,Grays Harbor County
53027,65+,17438,Washington,Grays Harbor County
53029,0-4,4285,Washington,Island County
53029,18-49,32514,Washington,Island County
53029,5-17,10975,Washington,Island County
53029,50-64,16333,Washington,Island County
53029,65+,22640,Washington,Island County
53031,0-4,840,Washington,Jefferson County
53031,18-49,8681,Washington,Jefferson County
53031,5-17,3005,Washington,Jefferson County
53031,50-64,7606,Washington,Jefferson County
53031,65+,13181,Washington,Jefferson County
53033,0-4,120412,Washington,King County
53033,18-49,1100075,Washington,King County
53033,5-17,326709,Washington,King County
53033,50-64,404149,Washington,King County
53033,65+,311368,Washington,King County
53035,0-4,14671,Washington,Kitsap County
53035,18-49,115898,Washington,Kitsap County
53035,5-17,40453,Washington,Kitsap County
53035,50-64,52694,Washington,Kitsap County
53035,65+,52865,Washington,Kitsap County
53037,0-4,1921,Washington,Kittitas County
53037,18-49,20653,Washington,Kittitas County
53037,5-17,5898,Washington,Kittitas County
53037,50-64,8573,Washington,Kittitas County
53037,65+,7691,Washington,Kittitas County
53039,0-4,1046,Washington,Klickitat County
53039,18-49,8175,Washington,Klickitat County
53039,5-17,3200,Washington,Klickitat County
53039,50-64,4913,Washington,Klickitat County
53039,65+,5748,Washington,Klickitat County
53041,0-4,4732,Washington,Lewis County
53041,18-49,30993,Washington,Lewis County
53041,5-17,13427,Washington,Lewis County
53041,50-64,16994,Washington,Lewis County
53041,65+,17779,Washington,Lewis County
53043,0-4,586,Washington,Lincoln County
53043,18-49,3491,Washington,Lincoln County
53043,5-17,1893,Washington,Lincoln County
53043,50-64,2390,Washington,Lincoln County
53043,65+,2911,Washington,Lincoln County
53045,0-4,3384,Washington,Mason County
53045,18-49,24048,Washington,Mason County
53045,5-17,9725,Washington,Mason County
53045,50-64,13929,Washington,Mason County
53045,65+,15882,Washington,Mason County
53047,0-4,2373,Washington,Okanogan County
53047,18-49,15001,Washington,Okanogan County
53047,5-17,7164,Washington,Okanogan County
53047,50-64,8456,Washington,Okanogan County
53047,65+,9817,Washington,Okanogan County
53049,0-4,803,Washington,Pacific County
53049,18-49,6869,Washington,Pacific County
53049,5-17,2805,Washington,Pacific County
53049,50-64,5438,Washington,Pacific County
53049,65+,7835,Washington,Pacific County
53051,0-4,593,Washington,Pend Oreille County
53051,18-49,4250,Washington,Pend Oreille County
53051,5-17,2069,Washington,Pend Oreille County
53051,50-64,3170,Washington,Pend Oreille County
53051,65+,3729,Washington,Pend Oreille County
53053,0-4,57111,Washington,Pierce County
53053,18-49,409556,Washington,Pierce County
53053,5-17,157328,Washington,Pierce County
53053,50-64,166798,Washington,Pierce County
53053,65+,133313,Washington,Pierce County
53055,0-4,524,Washington,San Juan County
53055,18-49,5278,Washington,San Juan County
53055,5-17,1807,Washington,San Juan County
53055,50-64,4255,Washington,San Juan County
53055,65+,6402,Washington,San Juan County
53057,0-4,7068,Washington,Skagit County
53057,18-49,49193,Washington,Skagit County
53057,5-17,20496,Washington,Skagit County
53057,50-64,24840,Washington,Skagit County
53057,65+,28810,Washington,Skagit County
53059,0-4,483,Washington,Skamania County
53059,18-49,4271,Washington,Skamania County
53059,5-17,1601,Washington,Skamania County
53059,50-64,3049,Washington,Skamania County
53059,65+,2872,Washington,Skamania County
53061,0-4,50628,Washington,Snohomish County
53061,18-49,365373,Washington,Snohomish County
53061,5-17,136007,Washington,Snohomish County
53061,50-64,162482,Washington,Snohomish County
53061,65+,120158,Washington,Snohomish County
53063,0-4,30694,Washington,Spokane County
53063,18-49,233285,Washington,Spokane County
53063,5-17,87731,Washington,Spokane County
53063,50-64,100058,Washington,Spokane County
53063,65+,92555,Washington,Spokane County
53065,0-4,2340,Washington,Stevens County
53065,18-49,15278,Washington,Stevens County
53065,5-17,7764,Washington,Stevens County
53065,50-64,10371,Washington,Stevens County
53065,65+,11717,Washington,Stevens County
53067,0-4,16139,Washington,Thurston County
53067,18-49,125243,Washington,Thurston County
53067,5-17,46454,Washington,Thurston County
53067,50-64,54480,Washington,Thurston County
53067,65+,54324,Washington,Thurston County
53069,0-4,170,Washington,Wahkiakum County
53069,18-49,1190,Washington,Wahkiakum County
53069,5-17,675,Washington,Wahkiakum County
53069,50-64,1059,Washington,Wahkiakum County
53069,65+,1479,Washington,Wahkiakum County
53071,0-4,3084,Washington,Walla Walla County
53071,18-49,26428,Washington,Walla Walla County
53071,5-17,9801,Washington,Walla Walla County
53071,50-64,10716,Washington,Walla Walla County
53071,65+,12073,Washington,Walla Walla County
53073,0-4,10797,Washington,Whatcom County
53073,18-49,103184,Washington,Whatcom County
53073,5-17,32322,Washington,Whatcom County
53073,50-64,39874,Washington,Whatcom County
53073,65+,42255,Washington,Whatcom County
53075,0-4,1941,Washington,Whitman County
53075,18-49,28346,Washington,Whitman County
53075,5-17,5444,Washington,Whitman County
53075,50-64,5855,Washington,Whitman County
53075,65+,5456,Washington,Whitman County
53077,0-4,18822,Washington,Yakima County
53077,18-49,104008,Washington,Yakima County
53077,5-17,56275,Washington,Yakima County
53077,50-64,40878,Washington,Yakima County
53077,65+,36622,Washington,Yakima County
54001,0-4,736,West Virginia,Barbour County
54001,18-49,6077,West Virginia,Barbour County
54001,5-17,2374,West Virginia,Barbour County
54001,50-64,3053,West Virginia,Barbour County
54001,65+,3214,West Virginia,Barbour County
54003,0-4,7653,West Virginia,Berkeley County
54003,18-49,52815,West Virginia,Berkeley County
54003,5-17,21581,West Virginia,Berkeley County
54003,50-64,25071,West Virginia,Berkeley County
54003,65+,19045,West Virginia,Berkeley County
54005,0-4,1048,West Virginia,Boone County
54005,18-49,7759,West Virginia,Boone County
54005,5-17,3356,West Virginia,Boone County
54005,50-64,4543,West Virginia,Boone County
54005,65+,4606,West Virginia,Boone County
54007,0-4,517,West Virginia,Braxton County
54007,18-49,4362,West Virginia,Braxton County
54007,5-17,1792,West Virginia,Braxton County
54007,50-64,2659,West Virginia,Braxton County
54007,65+,3015,West Virginia,Braxton County
54009,0-4,920,West Virginia,Brooke County
54009,18-49,8090,West Virginia,Brooke County
54009,5-17,2893,West Virginia,Brooke County
54009,50-64,4754,West Virginia,Brooke County
54009,65+,5396,West Virginia,Brooke County
54011,0-4,4938,West Virginia,Cabell County
54011,18-49,39888,West Virginia,Cabell County
54011,5-17,13527,West Virginia,Cabell County
54011,50-64,16700,West Virginia,Cabell County
54011,65+,18247,West Virginia,Cabell County
54013,0-4,259,West Virginia,Calhoun County
54013,18-49,1936,West Virginia,Calhoun County
54013,5-17,922,West Virginia,Calhoun County
54013,50-64,1438,West Virginia,Calhoun County
54013,65+,1603,West Virginia,Calhoun County
54015,0-4,403,West Virginia,Clay County
54015,18-49,2698,West Virginia,Clay County
54015,5-17,1349,West Virginia,Clay County
54015,50-64,1769,West Virginia,Clay County
54015,65+,1727,West Virginia,Clay County
54017,0-4,297,West Virginia,Doddridge County
54017,18-49,3176,West Virginia,Doddridge County
54017,5-17,903,West Virginia,Doddridge County
54017,50-64,1751,West Virginia,Doddridge County
54017,65+,1640,West Virginia,Doddridge County
54019,0-4,1917,West Virginia,Fayette County
54019,18-49,14559,West Virginia,Fayette County
54019,5-17,6317,West Virginia,Fayette County
54019,50-64,8282,West Virginia,Fayette County
54019,65+,8912,West Virginia,Fayette County
54021,0-4,276,West Virginia,Gilmer County
54021,18-49,3445,West Virginia,Gilmer County
54021,5-17,890,West Virginia,Gilmer County
54021,50-64,1450,West Virginia,Gilmer County
54021,65+,1315,West Virginia,Gilmer County
54023,0-4,572,West Virginia,Grant County
54023,18-49,3740,West Virginia,Grant County
54023,5-17,1553,West Virginia,Grant County
54023,50-64,2404,West Virginia,Grant County
54023,65+,2703,West Virginia,Grant County
54025,0-4,1643,West Virginia,Greenbrier County
54025,18-49,11384,West Virginia,Greenbrier County
54025,5-17,4725,West Virginia,Greenbrier County
54025,50-64,7097,West Virginia,Greenbrier County
54025,65+,7839,West Virginia,Greenbrier County
54027,0-4,1188,West Virginia,Hampshire County
54027,18-49,8119,West Virginia,Hampshire County
54027,5-17,3081,West Virginia,Hampshire County
54027,50-64,5425,West Virginia,Hampshire County
54027,65+,5527,West Virginia,Hampshire County
54029,0-4,1223,West Virginia,Hancock County
54029,18-49,10163,West Virginia,Hancock County
54029,5-17,4131,West Virginia,Hancock County
54029,50-64,6231,West Virginia,Hancock County
54029,65+,6910,West Virginia,Hancock County
54031,0-4,652,West Virginia,Hardy County
54031,18-49,4955,West Virginia,Hardy County
54031,5-17,1993,West Virginia,Hardy County
54031,50-64,3326,West Virginia,Hardy County
54031,65+,3310,West Virginia,Hardy County
54033,0-4,3526,West Virginia,Harrison County
54033,18-49,24832,West Virginia,Harrison County
54033,5-17,10453,West Virginia,Harrison County
54033,50-64,13512,West Virginia,Harrison County
54033,65+,13084,West Virginia,Harrison County
54035,0-4,1494,West Virginia,Jackson County
54035,18-49,9915,West Virginia,Jackson County
54035,5-17,4521,West Virginia,Jackson County
54035,50-64,6002,West Virginia,Jackson County
54035,65+,5821,West Virginia,Jackson County
54037,0-4,2934,West Virginia,Jefferson County
54037,18-49,23130,West Virginia,Jefferson County
54037,5-17,9639,West Virginia,Jefferson County
54037,50-64,12912,West Virginia,Jefferson County
54037,65+,9931,West Virginia,Jefferson County
54039,0-4,8834,West Virginia,Kanawha County
54039,18-49,67508,West Virginia,Kanawha County
54039,5-17,26773,West Virginia,Kanawha County
54039,50-64,36490,West Virginia,Kanawha County
54039,65+,38593,West Virginia,Kanawha County
54041,0-4,869,West Virginia,Lewis County
54041,18-49,6150,West Virginia,Lewis County
54041,5-17,2789,West Virginia,Lewis County
54041,50-64,3497,West Virginia,Lewis County
54041,65+,3503,West Virginia,Lewis County
54043,0-4,1059,West Virginia,Lincoln County
54043,18-49,7205,West Virginia,Lincoln County
54043,5-17,3418,West Virginia,Lincoln County
54043,50-64,4349,West Virginia,Lincoln County
54043,65+,4139,West Virginia,Lincoln County
54045,0-4,1597,West Virginia,Logan County
54045,18-49,11898,West Virginia,Logan County
54045,5-17,5026,West Virginia,Logan County
54045,50-64,6292,West Virginia,Logan County
54045,65+,7013,West Virginia,Logan County
54047,0-4,780,West Virginia,McDowell County
54047,18-49,7228,West Virginia,McDowell County
54047,5-17,2638,West Virginia,McDowell County
54047,50-64,3783,West Virginia,McDowell County
54047,65+,3984,West Virginia,McDowell County
54049,0-4,2794,West Virginia,Marion County
54049,18-49,23049,West Virginia,Marion County
54049,5-17,8400,West Virginia,Marion County
54049,50-64,10704,West Virginia,Marion County
54049,65+,11095,West Virginia,Marion County
54051,0-4,1317,West Virginia,Marshall County
54051,18-49,10813,West Virginia,Marshall County
54051,5-17,4414,West Virginia,Marshall County
54051,50-64,6592,West Virginia,Marshall County
54051,65+,6993,West Virginia,Marshall County
54053,0-4,1395,West Virginia,Mason County
54053,18-49,9162,West Virginia,Mason County
54053,5-17,3844,West Virginia,Mason County
54053,50-64,5222,West Virginia,Mason County
54053,65+,5591,West Virginia,Mason County
54055,0-4,3114,West Virginia,Mercer County
54055,18-49,21962,West Virginia,Mercer County
54055,5-17,9247,West Virginia,Mercer County
54055,50-64,11398,West Virginia,Mercer County
54055,65+,13341,West Virginia,Mercer County
54057,0-4,1317,West Virginia,Mineral County
54057,18-49,9912,West Virginia,Mineral County
54057,5-17,4048,West Virginia,Mineral County
54057,50-64,5582,West Virginia,Mineral County
54057,65+,6063,West Virginia,Mineral County
54059,0-4,1319,West Virginia,Mingo County
54059,18-49,8050,West Virginia,Mingo County
54059,5-17,3930,West Virginia,Mingo County
54059,50-64,4769,West Virginia,Mingo County
54059,65+,4911,West Virginia,Mingo County
54061,0-4,4806,West Virginia,Monongalia County
54061,18-49,58709,West Virginia,Monongalia County
54061,5-17,12427,West Virginia,Monongalia County
54061,50-64,16572,West Virginia,Monongalia County
54061,65+,14006,West Virginia,Monongalia County
54063,0-4,675,West Virginia,Monroe County
54063,18-49,4024,West Virginia,Monroe County
54063,5-17,1893,West Virginia,Monroe County
54063,50-64,2726,West Virginia,Monroe County
54063,65+,3083,West Virginia,Monroe County
54065,0-4,740,West Virginia,Morgan County
54065,18-49,5793,West Virginia,Morgan County
54065,5-17,2285,West Virginia,Morgan County
54065,50-64,4219,West Virginia,Morgan County
54065,65+,4290,West Virginia,Morgan County
54067,0-4,1121,West Virginia,Nicholas County
54067,18-49,8393,West Virginia,Nicholas County
54067,5-17,3927,West Virginia,Nicholas County
54067,50-64,5246,West Virginia,Nicholas County
54067,65+,5759,West Virginia,Nicholas County
54069,0-4,2139,West Virginia,Ohio County
54069,18-49,16038,West Virginia,Ohio County
54069,5-17,6097,West Virginia,Ohio County
54069,50-64,8269,West Virginia,Ohio County
54069,65+,9361,West Virginia,Ohio County
54071,0-4,296,West Virginia,Pendleton County
54071,18-49,1819,West Virginia,Pendleton County
54071,5-17,857,West Virginia,Pendleton County
54071,50-64,1359,West Virginia,Pendleton County
54071,65+,1780,West Virginia,Pendleton County
54073,0-4,362,West Virginia,Pleasants County
54073,18-49,3004,West Virginia,Pleasants County
54073,5-17,1124,West Virginia,Pleasants County
54073,50-64,1679,West Virginia,Pleasants County
54073,65+,1403,West Virginia,Pleasants County
54075,0-4,337,West Virginia,Pocahontas County
54075,18-49,2604,West Virginia,Pocahontas County
54075,5-17,1017,West Virginia,Pocahontas County
54075,50-64,1798,West Virginia,Pocahontas County
54075,65+,2099,West Virginia,Pocahontas County
54077,0-4,1574,West Virginia,Preston County
54077,18-49,14140,West Virginia,Preston County
54077,5-17,4564,West Virginia,Preston County
54077,50-64,7092,West Virginia,Preston County
54077,65+,6834,West Virginia,Preston County
54079,0-4,2677,West Virginia,Putnam County
54079,18-49,22002,West Virginia,Putnam County
54079,5-17,9795,West Virginia,Putnam County
54079,50-64,11738,West Virginia,Putnam County
54079,65+,11038,West Virginia,Putnam County
54081,0-4,3711,West Virginia,Raleigh County
54081,18-49,28480,West Virginia,Raleigh County
54081,5-17,11851,West Virginia,Raleigh County
54081,50-64,13612,West Virginia,Raleigh County
54081,65+,16012,West Virginia,Raleigh County
54083,0-4,1402,West Virginia,Randolph County
54083,18-49,10613,West Virginia,Randolph County
54083,5-17,3756,West Virginia,Randolph County
54083,50-64,5783,West Virginia,Randolph County
54083,65+,6228,West Virginia,Randolph County
54085,0-4,401,West Virginia,Ritchie County
54085,18-49,2828,West Virginia,Ritchie County
54085,5-17,1245,West Virginia,Ritchie County
54085,50-64,1945,West Virginia,Ritchie County
54085,65+,1953,West Virginia,Ritchie County
54087,0-4,640,West Virginia,Roane County
54087,18-49,4761,West Virginia,Roane County
54087,5-17,2252,West Virginia,Roane County
54087,50-64,3067,West Virginia,Roane County
54087,65+,3201,West Virginia,Roane County
54089,0-4,424,West Virginia,Summers County
54089,18-49,3970,West Virginia,Summers County
54089,5-17,1473,West Virginia,Summers County
54089,50-64,2797,West Virginia,Summers County
54089,65+,3169,West Virginia,Summers County
54091,0-4,782,West Virginia,Taylor County
54091,18-49,6204,West Virginia,Taylor County
54091,5-17,2580,West Virginia,Taylor County
54091,50-64,3519,West Virginia,Taylor County
54091,65+,3458,West Virginia,Taylor County
54093,0-4,246,West Virginia,Tucker County
54093,18-49,2254,West Virginia,Tucker County
54093,5-17,717,West Virginia,Tucker County
54093,50-64,1627,West Virginia,Tucker County
54093,65+,1854,West Virginia,Tucker County
54095,0-4,395,West Virginia,Tyler County
54095,18-49,2710,West Virginia,Tyler County
54095,5-17,1195,West Virginia,Tyler County
54095,50-64,1935,West Virginia,Tyler County
54095,65+,1946,West Virginia,Tyler County
54097,0-4,1214,West Virginia,Upshur County
54097,18-49,8969,West Virginia,Upshur County
54097,5-17,3729,West Virginia,Upshur County
54097,50-64,4780,West Virginia,Upshur County
54097,65+,5066,West Virginia,Upshur County
54099,0-4,1928,West Virginia,Wayne County
54099,18-49,14051,West Virginia,Wayne County
54099,5-17,5987,West Virginia,Wayne County
54099,50-64,8137,West Virginia,Wayne County
54099,65+,8395,West Virginia,Wayne County
54101,0-4,385,West Virginia,Webster County
54101,18-49,2770,West Virginia,Webster County
54101,5-17,1235,West Virginia,Webster County
54101,50-64,1850,West Virginia,Webster County
54101,65+,2013,West Virginia,Webster County
54103,0-4,819,West Virginia,Wetzel County
54103,18-49,4861,West Virginia,Wetzel County
54103,5-17,2217,West Virginia,Wetzel County
54103,50-64,3099,West Virginia,Wetzel County
54103,65+,3237,West Virginia,Wetzel County
54105,0-4,243,West Virginia,Wirt County
54105,18-49,1742,West Virginia,Wirt County
54105,5-17,853,West Virginia,Wirt County
54105,50-64,1152,West Virginia,Wirt County
54105,65+,1141,West Virginia,Wirt County
54107,0-4,4427,West Virginia,Wood County
54107,18-49,30863,West Virginia,Wood County
54107,5-17,13198,West Virginia,Wood County
54107,50-64,17550,West Virginia,Wood County
54107,65+,17791,West Virginia,Wood County
54109,0-4,973,West Virginia,Wyoming County
54109,18-49,7555,West Virginia,Wyoming County
54109,5-17,3302,West Virginia,Wyoming County
54109,50-64,4317,West Virginia,Wyoming County
54109,65+,4801,West Virginia,Wyoming County
55001,0-4,632,Wisconsin,Adams County
55001,18-49,6146,Wisconsin,Adams County
55001,5-17,2268,Wisconsin,Adams County
55001,50-64,5279,Wisconsin,Adams County
55001,65+,6603,Wisconsin,Adams County
55003,0-4,814,Wisconsin,Ashland County
55003,18-49,5822,Wisconsin,Ashland County
55003,5-17,2562,Wisconsin,Ashland County
55003,50-64,3472,Wisconsin,Ashland County
55003,65+,3380,Wisconsin,Ashland County
55005,0-4,2440,Wisconsin,Barron County
55005,18-49,16073,Wisconsin,Barron County
55005,5-17,7519,Wisconsin,Barron County
55005,50-64,9892,Wisconsin,Barron County
55005,65+,10817,Wisconsin,Barron County
55007,0-4,660,Wisconsin,Bayfield County
55007,18-49,4635,Wisconsin,Bayfield County
55007,5-17,2059,Wisconsin,Bayfield County
55007,50-64,4078,Wisconsin,Bayfield County
55007,65+,4978,Wisconsin,Bayfield County
55009,0-4,15823,Wisconsin,Brown County
55009,18-49,111752,Wisconsin,Brown County
55009,5-17,46929,Wisconsin,Brown County
55009,50-64,52129,Wisconsin,Brown County
55009,65+,42792,Wisconsin,Brown County
55011,0-4,643,Wisconsin,Buffalo County
55011,18-49,4532,Wisconsin,Buffalo County
55011,5-17,2041,Wisconsin,Buffalo County
55011,50-64,3019,Wisconsin,Buffalo County
55011,65+,3106,Wisconsin,Buffalo County
55013,0-4,597,Wisconsin,Burnett County
55013,18-49,4590,Wisconsin,Burnett County
55013,5-17,2104,Wisconsin,Burnett County
55013,50-64,4216,Wisconsin,Burnett County
55013,65+,5234,Wisconsin,Burnett County
55015,0-4,2602,Wisconsin,Calumet County
55015,18-49,20235,Wisconsin,Calumet County
55015,5-17,9367,Wisconsin,Calumet County
55015,50-64,11755,Wisconsin,Calumet County
55015,65+,8667,Wisconsin,Calumet County
55017,0-4,3513,Wisconsin,Chippewa County
55017,18-49,25226,Wisconsin,Chippewa County
55017,5-17,10913,Wisconsin,Chippewa County
55017,50-64,14165,Wisconsin,Chippewa County
55017,65+,12741,Wisconsin,Chippewa County
55019,0-4,2846,Wisconsin,Clark County
55019,18-49,11781,Wisconsin,Clark County
55019,5-17,7502,Wisconsin,Clark County
55019,50-64,6697,Wisconsin,Clark County
55019,65+,5910,Wisconsin,Clark County
55021,0-4,2983,Wisconsin,Columbia County
55021,18-49,22075,Wisconsin,Columbia County
55021,5-17,9148,Wisconsin,Columbia County
55021,50-64,12970,Wisconsin,Columbia County
55021,65+,11146,Wisconsin,Columbia County
55023,0-4,786,Wisconsin,Crawford County
55023,18-49,5394,Wisconsin,Crawford County
55023,5-17,2338,Wisconsin,Crawford County
55023,50-64,3564,Wisconsin,Crawford County
55023,65+,3982,Wisconsin,Crawford County
55025,0-4,29193,Wisconsin,Dane County
55025,18-49,273582,Wisconsin,Dane County
55025,5-17,83715,Wisconsin,Dane County
55025,50-64,95257,Wisconsin,Dane County
55025,65+,83030,Wisconsin,Dane County
55027,0-4,4052,Wisconsin,Dodge County
55027,18-49,34766,Wisconsin,Dodge County
55027,5-17,13444,Wisconsin,Dodge County
55027,50-64,20158,Wisconsin,Dodge County
55027,65+,16398,Wisconsin,Dodge County
55029,0-4,1190,Wisconsin,Door County
55029,18-49,8939,Wisconsin,Door County
55029,5-17,3661,Wisconsin,Door County
55029,50-64,6950,Wisconsin,Door County
55029,65+,9539,Wisconsin,Door County
55031,0-4,1992,Wisconsin,Douglas County
55031,18-49,17277,Wisconsin,Douglas County
55031,5-17,6539,Wisconsin,Douglas County
55031,50-64,9526,Wisconsin,Douglas County
55031,65+,8863,Wisconsin,Douglas County
55033,0-4,2152,Wisconsin,Dunn County
55033,18-49,20941,Wisconsin,Dunn County
55033,5-17,6684,Wisconsin,Dunn County
55033,50-64,8144,Wisconsin,Dunn County
55033,65+,7428,Wisconsin,Dunn County
55035,0-4,5440,Wisconsin,Eau Claire County
55035,18-49,49246,Wisconsin,Eau Claire County
55035,5-17,15879,Wisconsin,Eau Claire County
55035,50-64,18129,Wisconsin,Eau Claire County
55035,65+,17634,Wisconsin,Eau Claire County
55037,0-4,174,Wisconsin,Florence County
55037,18-49,1264,Wisconsin,Florence County
55037,5-17,552,Wisconsin,Florence County
55037,50-64,1316,Wisconsin,Florence County
55037,65+,1311,Wisconsin,Florence County
55039,0-4,5335,Wisconsin,Fond du Lac County
55039,18-49,39988,Wisconsin,Fond du Lac County
55039,5-17,16850,Wisconsin,Fond du Lac County
55039,50-64,21793,Wisconsin,Fond du Lac County
55039,65+,20087,Wisconsin,Fond du Lac County
55041,0-4,478,Wisconsin,Forest County
55041,18-49,2955,Wisconsin,Forest County
55041,5-17,1291,Wisconsin,Forest County
55041,50-64,2221,Wisconsin,Forest County
55041,65+,2316,Wisconsin,Forest County
55043,0-4,2960,Wisconsin,Grant County
55043,18-49,22010,Wisconsin,Grant County
55043,5-17,7999,Wisconsin,Grant County
55043,50-64,9429,Wisconsin,Grant County
55043,65+,9280,Wisconsin,Grant County
55045,0-4,1895,Wisconsin,Green County
55045,18-49,13312,Wisconsin,Green County
55045,5-17,6204,Wisconsin,Green County
55045,50-64,8277,Wisconsin,Green County
55045,65+,7348,Wisconsin,Green County
55047,0-4,1080,Wisconsin,Green Lake County
55047,18-49,6354,Wisconsin,Green Lake County
55047,5-17,3078,Wisconsin,Green Lake County
55047,50-64,4257,Wisconsin,Green Lake County
55047,65+,4396,Wisconsin,Green Lake County
55049,0-4,1274,Wisconsin,Iowa County
55049,18-49,8443,Wisconsin,Iowa County
55049,5-17,3938,Wisconsin,Iowa County
55049,50-64,5439,Wisconsin,Iowa County
55049,65+,4738,Wisconsin,Iowa County
55051,0-4,221,Wisconsin,Iron County
55051,18-49,1719,Wisconsin,Iron County
55051,5-17,727,Wisconsin,Iron County
55051,50-64,1522,Wisconsin,Iron County
55051,65+,1975,Wisconsin,Iron County
55053,0-4,1189,Wisconsin,Jackson County
55053,18-49,7709,Wisconsin,Jackson County
55053,5-17,3335,Wisconsin,Jackson County
55053,50-64,4564,Wisconsin,Jackson County
55053,65+,4174,Wisconsin,Jackson County
55055,0-4,4104,Wisconsin,Jefferson County
55055,18-49,34722,Wisconsin,Jefferson County
55055,5-17,13190,Wisconsin,Jefferson County
55055,50-64,18415,Wisconsin,Jefferson County
55055,65+,15436,Wisconsin,Jefferson County
55057,0-4,1301,Wisconsin,Juneau County
55057,18-49,9483,Wisconsin,Juneau County
55057,5-17,3925,Wisconsin,Juneau County
55057,50-64,6283,Wisconsin,Juneau County
55057,65+,5703,Wisconsin,Juneau County
55059,0-4,9088,Wisconsin,Kenosha County
55059,18-49,69674,Wisconsin,Kenosha County
55059,5-17,28108,Wisconsin,Kenosha County
55059,50-64,35803,Wisconsin,Kenosha County
55059,65+,25740,Wisconsin,Kenosha County
55061,0-4,1038,Wisconsin,Kewaunee County
55061,18-49,7321,Wisconsin,Kewaunee County
55061,5-17,3305,Wisconsin,Kewaunee County
55061,50-64,4516,Wisconsin,Kewaunee County
55061,65+,4441,Wisconsin,Kewaunee County
55063,0-4,5782,Wisconsin,La Crosse County
55063,18-49,54096,Wisconsin,La Crosse County
55063,5-17,17810,Wisconsin,La Crosse County
55063,50-64,21605,Wisconsin,La Crosse County
55063,65+,20969,Wisconsin,La Crosse County
55065,0-4,1145,Wisconsin,Lafayette County
55065,18-49,5834,Wisconsin,Lafayette County
55065,5-17,3024,Wisconsin,Lafayette County
55065,50-64,3463,Wisconsin,Lafayette County
55065,65+,3322,Wisconsin,Lafayette County
55067,0-4,1037,Wisconsin,Langlade County
55067,18-49,6176,Wisconsin,Langlade County
55067,5-17,2718,Wisconsin,Langlade County
55067,50-64,4656,Wisconsin,Langlade County
55067,65+,4886,Wisconsin,Langlade County
55069,0-4,1421,Wisconsin,Lincoln County
55069,18-49,9436,Wisconsin,Lincoln County
55069,5-17,3699,Wisconsin,Lincoln County
55069,50-64,7307,Wisconsin,Lincoln County
55069,65+,6540,Wisconsin,Lincoln County
55071,0-4,4066,Wisconsin,Manitowoc County
55071,18-49,28437,Wisconsin,Manitowoc County
55071,5-17,12626,Wisconsin,Manitowoc County
55071,50-64,18514,Wisconsin,Manitowoc County
55071,65+,17671,Wisconsin,Manitowoc County
55073,0-4,7770,Wisconsin,Marathon County
55073,18-49,52393,Wisconsin,Marathon County
55073,5-17,23535,Wisconsin,Marathon County
55073,50-64,28632,Wisconsin,Marathon County
55073,65+,25737,Wisconsin,Marathon County
55075,0-4,1927,Wisconsin,Marinette County
55075,18-49,13543,Wisconsin,Marinette County
55075,5-17,6041,Wisconsin,Marinette County
55075,50-64,10078,Wisconsin,Marinette County
55075,65+,10318,Wisconsin,Marinette County
55077,0-4,698,Wisconsin,Marquette County
55077,18-49,4786,Wisconsin,Marquette County
55077,5-17,2288,Wisconsin,Marquette County
55077,50-64,3859,Wisconsin,Marquette County
55077,65+,4075,Wisconsin,Marquette County
55078,0-4,341,Wisconsin,Menominee County
55078,18-49,1413,Wisconsin,Menominee County
55078,5-17,966,Wisconsin,Menominee County
55078,50-64,874,Wisconsin,Menominee County
55078,65+,662,Wisconsin,Menominee County
55079,0-4,60703,Wisconsin,Milwaukee County
55079,18-49,411525,Wisconsin,Milwaukee County
55079,5-17,160847,Wisconsin,Milwaukee County
55079,50-64,161103,Wisconsin,Milwaukee County
55079,65+,133478,Wisconsin,Milwaukee County
55081,0-4,2896,Wisconsin,Monroe County
55081,18-49,16902,Wisconsin,Monroe County
55081,5-17,8846,Wisconsin,Monroe County
55081,50-64,9390,Wisconsin,Monroe County
55081,65+,8135,Wisconsin,Monroe County
55083,0-4,1918,Wisconsin,Oconto County
55083,18-49,13113,Wisconsin,Oconto County
55083,5-17,5923,Wisconsin,Oconto County
55083,50-64,9714,Wisconsin,Oconto County
55083,65+,8661,Wisconsin,Oconto County
55085,0-4,1558,Wisconsin,Oneida County
55085,18-49,11476,Wisconsin,Oneida County
55085,5-17,4892,Wisconsin,Oneida County
55085,50-64,9633,Wisconsin,Oneida County
55085,65+,10448,Wisconsin,Oneida County
55087,0-4,11221,Wisconsin,Outagamie County
55087,18-49,78057,Wisconsin,Outagamie County
55087,5-17,33202,Wisconsin,Outagamie County
55087,50-64,38301,Wisconsin,Outagamie County
55087,65+,30756,Wisconsin,Outagamie County
55089,0-4,4672,Wisconsin,Ozaukee County
55089,18-49,33462,Wisconsin,Ozaukee County
55089,5-17,14802,Wisconsin,Ozaukee County
55089,50-64,19986,Wisconsin,Ozaukee County
55089,65+,19423,Wisconsin,Ozaukee County
55091,0-4,401,Wisconsin,Pepin County
55091,18-49,2363,Wisconsin,Pepin County
55091,5-17,1223,Wisconsin,Pepin County
55091,50-64,1625,Wisconsin,Pepin County
55091,65+,1760,Wisconsin,Pepin County
55093,0-4,2099,Wisconsin,Pierce County
55093,18-49,18332,Wisconsin,Pierce County
55093,5-17,6579,Wisconsin,Pierce County
55093,50-64,8516,Wisconsin,Pierce County
55093,65+,6825,Wisconsin,Pierce County
55095,0-4,2079,Wisconsin,Polk County
55095,18-49,15502,Wisconsin,Polk County
55095,5-17,7064,Wisconsin,Polk County
55095,50-64,10747,Wisconsin,Polk County
55095,65+,9935,Wisconsin,Polk County
55097,0-4,3234,Wisconsin,Portage County
55097,18-49,31007,Wisconsin,Portage County
55097,5-17,10169,Wisconsin,Portage County
55097,50-64,13409,Wisconsin,Portage County
55097,65+,12556,Wisconsin,Portage County
55099,0-4,570,Wisconsin,Price County
55099,18-49,4039,Wisconsin,Price County
55099,5-17,1944,Wisconsin,Price County
55099,50-64,3608,Wisconsin,Price County
55099,65+,3916,Wisconsin,Price County
55101,0-4,11282,Wisconsin,Racine County
55101,18-49,75379,Wisconsin,Racine County
55101,5-17,33860,Wisconsin,Racine County
55101,50-64,41610,Wisconsin,Racine County
55101,65+,34757,Wisconsin,Racine County
55103,0-4,848,Wisconsin,Richland County
55103,18-49,5703,Wisconsin,Richland County
55103,5-17,2822,Wisconsin,Richland County
55103,50-64,3657,Wisconsin,Richland County
55103,65+,4199,Wisconsin,Richland County
55105,0-4,9371,Wisconsin,Rock County
55105,18-49,64454,Wisconsin,Rock County
55105,5-17,27801,Wisconsin,Rock County
55105,50-64,33922,Wisconsin,Rock County
55105,65+,28396,Wisconsin,Rock County
55107,0-4,707,Wisconsin,Rusk County
55107,18-49,4420,Wisconsin,Rusk County
55107,5-17,2144,Wisconsin,Rusk County
55107,50-64,3286,Wisconsin,Rusk County
55107,65+,3589,Wisconsin,Rusk County
55109,0-4,5425,Wisconsin,St. Croix County
55109,18-49,37207,Wisconsin,St. Croix County
55109,5-17,17457,Wisconsin,St. Croix County
55109,50-64,20199,Wisconsin,St. Croix County
55109,65+,14531,Wisconsin,St. Croix County
55111,0-4,3690,Wisconsin,Sauk County
55111,18-49,24567,Wisconsin,Sauk County
55111,5-17,11129,Wisconsin,Sauk County
55111,50-64,13658,Wisconsin,Sauk County
55111,65+,12715,Wisconsin,Sauk County
55113,0-4,802,Wisconsin,Sawyer County
55113,18-49,5365,Wisconsin,Sawyer County
55113,5-17,2517,Wisconsin,Sawyer County
55113,50-64,4493,Wisconsin,Sawyer County
55113,65+,5066,Wisconsin,Sawyer County
55115,0-4,2176,Wisconsin,Shawano County
55115,18-49,13879,Wisconsin,Shawano County
55115,5-17,6529,Wisconsin,Shawano County
55115,50-64,9404,Wisconsin,Shawano County
55115,65+,8939,Wisconsin,Shawano County
55117,0-4,6202,Wisconsin,Sheboygan County
55117,18-49,44894,Wisconsin,Sheboygan County
55117,5-17,19429,Wisconsin,Sheboygan County
55117,50-64,24748,Wisconsin,Sheboygan County
55117,65+,22510,Wisconsin,Sheboygan County
55119,0-4,1090,Wisconsin,Taylor County
55119,18-49,6627,Wisconsin,Taylor County
55119,5-17,3555,Wisconsin,Taylor County
55119,50-64,4571,Wisconsin,Taylor County
55119,65+,4129,Wisconsin,Taylor County
55121,0-4,2274,Wisconsin,Trempealeau County
55121,18-49,10700,Wisconsin,Trempealeau County
55121,5-17,5931,Wisconsin,Trempealeau County
55121,50-64,6254,Wisconsin,Trempealeau County
55121,65+,5627,Wisconsin,Trempealeau County
55123,0-4,2102,Wisconsin,Vernon County
55123,18-49,10066,Wisconsin,Vernon County
55123,5-17,5970,Wisconsin,Vernon County
55123,50-64,6388,Wisconsin,Vernon County
55123,65+,6389,Wisconsin,Vernon County
55125,0-4,933,Wisconsin,Vilas County
55125,18-49,6146,Wisconsin,Vilas County
55125,5-17,2924,Wisconsin,Vilas County
55125,50-64,6108,Wisconsin,Vilas County
55125,65+,7299,Wisconsin,Vilas County
55127,0-4,4787,Wisconsin,Walworth County
55127,18-49,41952,Wisconsin,Walworth County
55127,5-17,16170,Wisconsin,Walworth County
55127,50-64,22264,Wisconsin,Walworth County
55127,65+,20274,Wisconsin,Walworth County
55129,0-4,640,Wisconsin,Washburn County
55129,18-49,4837,Wisconsin,Washburn County
55129,5-17,2436,Wisconsin,Washburn County
55129,50-64,4218,Wisconsin,Washburn County
55129,65+,4618,Wisconsin,Washburn County
55131,0-4,6710,Wisconsin,Washington County
55131,18-49,49990,Wisconsin,Washington County
55131,5-17,22543,Wisconsin,Washington County
55131,50-64,31734,Wisconsin,Washington County
55131,65+,26343,Wisconsin,Washington County
55133,0-4,20731,Wisconsin,Waukesha County
55133,18-49,151355,Wisconsin,Waukesha County
55133,5-17,66023,Wisconsin,Waukesha County
55133,50-64,89658,Wisconsin,Waukesha County
55133,65+,81273,Wisconsin,Waukesha County
55135,0-4,2625,Wisconsin,Waupaca County
55135,18-49,18262,Wisconsin,Waupaca County
55135,5-17,7848,Wisconsin,Waupaca County
55135,50-64,12162,Wisconsin,Waupaca County
55135,65+,10817,Wisconsin,Waupaca County
55137,0-4,1071,Wisconsin,Waushara County
55137,18-49,7944,Wisconsin,Waushara County
55137,5-17,3394,Wisconsin,Waushara County
55137,50-64,6040,Wisconsin,Waushara County
55137,65+,6303,Wisconsin,Waushara County
55139,0-4,8939,Wisconsin,Winnebago County
55139,18-49,73719,Wisconsin,Winnebago County
55139,5-17,26043,Wisconsin,Winnebago County
55139,50-64,33423,Wisconsin,Winnebago County
55139,65+,29233,Wisconsin,Winnebago County
55141,0-4,4013,Wisconsin,Wood County
55141,18-49,26101,Wisconsin,Wood County
55141,5-17,11962,Wisconsin,Wood County
55141,50-64,16115,Wisconsin,Wood County
55141,65+,15848,Wisconsin,Wood County
56001,0-4,1526,Wyoming,Albany County
56001,18-49,22059,Wyoming,Albany County
56001,5-17,4359,Wyoming,Albany County
56001,50-64,4838,Wyoming,Albany County
56001,65+,4931,Wyoming,Albany County
56003,0-4,623,Wyoming,Big Horn County
56003,18-49,4056,Wyoming,Big Horn County
56003,5-17,2258,Wyoming,Big Horn County
56003,50-64,2272,Wyoming,Big Horn County
56003,65+,2528,Wyoming,Big Horn County
56005,0-4,3068,Wyoming,Campbell County
56005,18-49,19849,Wyoming,Campbell County
56005,5-17,9653,Wyoming,Campbell County
56005,50-64,8710,Wyoming,Campbell County
56005,65+,5738,Wyoming,Campbell County
56007,0-4,827,Wyoming,Carbon County
56007,18-49,5757,Wyoming,Carbon County
56007,5-17,2504,Wyoming,Carbon County
56007,50-64,2700,Wyoming,Carbon County
56007,65+,2761,Wyoming,Carbon County
56009,0-4,884,Wyoming,Converse County
56009,18-49,5234,Wyoming,Converse County
56009,5-17,2484,Wyoming,Converse County
56009,50-64,2682,Wyoming,Converse County
56009,65+,2475,Wyoming,Converse County
56011,0-4,476,Wyoming,Crook County
56011,18-49,2283,Wyoming,Crook County
56011,5-17,1310,Wyoming,Crook County
56011,50-64,1636,Wyoming,Crook County
56011,65+,1634,Wyoming,Crook County
56013,0-4,2344,Wyoming,Fremont County
56013,18-49,14565,Wyoming,Fremont County
56013,5-17,7377,Wyoming,Fremont County
56013,50-64,7431,Wyoming,Fremont County
56013,65+,7755,Wyoming,Fremont County
56015,0-4,767,Wyoming,Goshen County
56015,18-49,4711,Wyoming,Goshen County
56015,5-17,1696,Wyoming,Goshen County
56015,50-64,2465,Wyoming,Goshen County
56015,65+,2948,Wyoming,Goshen County
56017,0-4,261,Wyoming,Hot Springs County
56017,18-49,1542,Wyoming,Hot Springs County
56017,5-17,738,Wyoming,Hot Springs County
56017,50-64,847,Wyoming,Hot Springs County
56017,65+,1230,Wyoming,Hot Springs County
56019,0-4,386,Wyoming,Johnson County
56019,18-49,2935,Wyoming,Johnson County
56019,5-17,1302,Wyoming,Johnson County
56019,50-64,1686,Wyoming,Johnson County
56019,65+,2293,Wyoming,Johnson County
56021,0-4,5854,Wyoming,Laramie County
56021,18-49,42014,Wyoming,Laramie County
56021,5-17,17016,Wyoming,Laramie County
56021,50-64,18771,Wyoming,Laramie County
56021,65+,17006,Wyoming,Laramie County
56023,0-4,1171,Wyoming,Lincoln County
56023,18-49,7185,Wyoming,Lincoln County
56023,5-17,4035,Wyoming,Lincoln County
56023,50-64,4022,Wyoming,Lincoln County
56023,65+,3745,Wyoming,Lincoln County
56025,0-4,4662,Wyoming,Natrona County
56025,18-49,32774,Wyoming,Natrona County
56025,5-17,14374,Wyoming,Natrona County
56025,50-64,14845,Wyoming,Natrona County
56025,65+,13080,Wyoming,Natrona County
56027,0-4,57,Wyoming,Niobrara County
56027,18-49,855,Wyoming,Niobrara County
56027,5-17,298,Wyoming,Niobrara County
56027,50-64,490,Wyoming,Niobrara County
56027,65+,715,Wyoming,Niobrara County
56029,0-4,1545,Wyoming,Park County
56029,18-49,10417,Wyoming,Park County
56029,5-17,4715,Wyoming,Park County
56029,50-64,5938,Wyoming,Park County
56029,65+,7494,Wyoming,Park County
56031,0-4,375,Wyoming,Platte County
56031,18-49,2806,Wyoming,Platte County
56031,5-17,1355,Wyoming,Platte County
56031,50-64,1819,Wyoming,Platte County
56031,65+,2251,Wyoming,Platte County
56033,0-4,1490,Wyoming,Sheridan County
56033,18-49,11615,Wyoming,Sheridan County
56033,5-17,5307,Wyoming,Sheridan County
56033,50-64,6199,Wyoming,Sheridan County
56033,65+,6974,Wyoming,Sheridan County
56035,0-4,423,Wyoming,Sublette County
56035,18-49,3102,Wyoming,Sublette County
56035,5-17,1525,Wyoming,Sublette County
56035,50-64,1687,Wyoming,Sublette County
56035,65+,2069,Wyoming,Sublette County
56037,0-4,2361,Wyoming,Sweetwater County
56037,18-49,17937,Wyoming,Sweetwater County
56037,5-17,8202,Wyoming,Sweetwater County
56037,50-64,7384,Wyoming,Sweetwater County
56037,65+,5902,Wyoming,Sweetwater County
56039,0-4,959,Wyoming,Teton County
56039,18-49,10958,Wyoming,Teton County
56039,5-17,3090,Wyoming,Teton County
56039,50-64,4264,Wyoming,Teton County
56039,65+,4087,Wyoming,Teton County
56041,0-4,1269,Wyoming,Uinta County
56041,18-49,7928,Wyoming,Uinta County
56041,5-17,4451,Wyoming,Uinta County
56041,50-64,3534,Wyoming,Uinta County
56041,65+,3423,Wyoming,Uinta County
56043,0-4,321,Wyoming,Washakie County
56043,18-49,2704,Wyoming,Washakie County
56043,5-17,1343,Wyoming,Washakie County
56043,50-64,1524,Wyoming,Washakie County
56043,65+,1816,Wyoming,Washakie County
56045,0-4,299,Wyoming,Weston County
56045,18-49,2613,Wyoming,Weston County
56045,5-17,1019,Wyoming,Weston County
56045,50-64,1438,Wyoming,Weston County
56045,65+,1466,Wyoming,Weston County
72001,0-4,560,NA,NA
72001,18-49,6991,NA,NA
72001,5-17,2609,NA,NA
72001,50-64,3846,NA,NA
72001,65+,3969,NA,NA
72003,0-4,1136,NA,NA
72003,18-49,14879,NA,NA
72003,5-17,4782,NA,NA
72003,50-64,8650,NA,NA
72003,65+,8457,NA,NA
72005,0-4,1743,NA,NA
72005,18-49,21704,NA,NA
72005,5-17,7438,NA,NA
72005,50-64,10740,NA,NA
72005,65+,12861,NA,NA
72007,0-4,729,NA,NA
72007,18-49,9779,NA,NA
72007,5-17,3223,NA,NA
72007,50-64,4832,NA,NA
72007,65+,5325,NA,NA
72009,0-4,789,NA,NA
72009,18-49,9178,NA,NA
72009,5-17,3250,NA,NA
72009,50-64,5491,NA,NA
72009,65+,5902,NA,NA
72011,0-4,716,NA,NA
72011,18-49,10166,NA,NA
72011,5-17,3263,NA,NA
72011,50-64,5416,NA,NA
72011,65+,5755,NA,NA
72013,0-4,2845,NA,NA
72013,18-49,34632,NA,NA
72013,5-17,11395,NA,NA
72013,50-64,17639,NA,NA
72013,65+,20364,NA,NA
72015,0-4,558,NA,NA
72015,18-49,6349,NA,NA
72015,5-17,2352,NA,NA
72015,50-64,2893,NA,NA
72015,65+,3421,NA,NA
72017,0-4,778,NA,NA
72017,18-49,9830,NA,NA
72017,5-17,3089,NA,NA
72017,50-64,4116,NA,NA
72017,65+,4752,NA,NA
72019,0-4,1158,NA,NA
72019,18-49,11953,NA,NA
72019,5-17,4627,NA,NA
72019,50-64,5862,NA,NA
72019,65+,5384,NA,NA
72021,0-4,6210,NA,NA
72021,18-49,75204,NA,NA
72021,5-17,22929,NA,NA
72021,50-64,35518,NA,NA
72021,65+,43595,NA,NA
72023,0-4,1251,NA,NA
72023,18-49,18613,NA,NA
72023,5-17,6083,NA,NA
72023,50-64,9520,NA,NA
72023,65+,11488,NA,NA
72025,0-4,4029,NA,NA
72025,18-49,52422,NA,NA
72025,5-17,16780,NA,NA
72025,50-64,25169,NA,NA
72025,65+,27839,NA,NA
72027,0-4,1081,NA,NA
72027,18-49,13197,NA,NA
72027,5-17,4224,NA,NA
72027,50-64,6929,NA,NA
72027,65+,7322,NA,NA
72029,0-4,1444,NA,NA
72029,18-49,17874,NA,NA
72029,5-17,6083,NA,NA
72029,50-64,8693,NA,NA
72029,65+,7943,NA,NA
72031,0-4,4918,NA,NA
72031,18-49,62074,NA,NA
72031,5-17,19601,NA,NA
72031,50-64,29626,NA,NA
72031,65+,37007,NA,NA
72033,0-4,771,NA,NA
72033,18-49,9129,NA,NA
72033,5-17,3177,NA,NA
72033,50-64,4379,NA,NA
72033,65+,5312,NA,NA
72035,0-4,1328,NA,NA
72035,18-49,16423,NA,NA
72035,5-17,5276,NA,NA
72035,50-64,8676,NA,NA
72035,65+,9528,NA,NA
72037,0-4,300,NA,NA
72037,18-49,4413,NA,NA
72037,5-17,1413,NA,NA
72037,50-64,2153,NA,NA
72037,65+,2849,NA,NA
72039,0-4,585,NA,NA
72039,18-49,6299,NA,NA
72039,5-17,2342,NA,NA
72039,50-64,3698,NA,NA
72039,65+,3950,NA,NA
72041,0-4,1360,NA,NA
72041,18-49,16225,NA,NA
72041,5-17,5618,NA,NA
72041,50-64,8524,NA,NA
72041,65+,8038,NA,NA
72043,0-4,1124,NA,NA
72043,18-49,13644,NA,NA
72043,5-17,4743,NA,NA
72043,50-64,7781,NA,NA
72043,65+,7002,NA,NA
72045,0-4,591,NA,NA
72045,18-49,7805,NA,NA
72045,5-17,2691,NA,NA
72045,50-64,3809,NA,NA
72045,65+,3879,NA,NA
72047,0-4,1264,NA,NA
72047,18-49,14086,NA,NA
72047,5-17,5125,NA,NA
72047,50-64,7020,NA,NA
72047,65+,6979,NA,NA
72049,0-4,34,NA,NA
72049,18-49,641,NA,NA
72049,5-17,170,NA,NA
72049,50-64,201,NA,NA
72049,65+,235,NA,NA
72051,0-4,1237,NA,NA
72051,18-49,15248,NA,NA
72051,5-17,5342,NA,NA
72051,50-64,7120,NA,NA
72051,65+,6869,NA,NA
72053,0-4,1119,NA,NA
72053,18-49,12665,NA,NA
72053,5-17,4361,NA,NA
72053,50-64,6199,NA,NA
72053,65+,7412,NA,NA
72054,0-4,412,NA,NA
72054,18-49,4897,NA,NA
72054,5-17,1647,NA,NA
72054,50-64,2233,NA,NA
72054,65+,2435,NA,NA
72055,0-4,465,NA,NA
72055,18-49,5000,NA,NA
72055,5-17,1874,NA,NA
72055,50-64,2459,NA,NA
72055,65+,3468,NA,NA
72057,0-4,1169,NA,NA
72057,18-49,15633,NA,NA
72057,5-17,5038,NA,NA
72057,50-64,6743,NA,NA
72057,65+,7262,NA,NA
72059,0-4,576,NA,NA
72059,18-49,6898,NA,NA
72059,5-17,2523,NA,NA
72059,50-64,3416,NA,NA
72059,65+,4005,NA,NA
72061,0-4,2746,NA,NA
72061,18-49,35512,NA,NA
72061,5-17,10098,NA,NA
72061,50-64,18844,NA,NA
72061,65+,22303,NA,NA
72063,0-4,1248,NA,NA
72063,18-49,18322,NA,NA
72063,5-17,5736,NA,NA
72063,50-64,8059,NA,NA
72063,65+,7018,NA,NA
72065,0-4,1041,NA,NA
72065,18-49,15558,NA,NA
72065,5-17,4965,NA,NA
72065,50-64,7993,NA,NA
72065,65+,8709,NA,NA
72067,0-4,373,NA,NA
72067,18-49,5637,NA,NA
72067,5-17,1813,NA,NA
72067,50-64,3076,NA,NA
72067,65+,4621,NA,NA
72069,0-4,1643,NA,NA
72069,18-49,19409,NA,NA
72069,5-17,6555,NA,NA
72069,50-64,10219,NA,NA
72069,65+,12615,NA,NA
72071,0-4,1307,NA,NA
72071,18-49,17678,NA,NA
72071,5-17,5578,NA,NA
72071,50-64,8963,NA,NA
72071,65+,9352,NA,NA
72073,0-4,573,NA,NA
72073,18-49,6144,NA,NA
72073,5-17,2257,NA,NA
72073,50-64,2832,NA,NA
72073,65+,2847,NA,NA
72075,0-4,1643,NA,NA
72075,18-49,19040,NA,NA
72075,5-17,6978,NA,NA
72075,50-64,9331,NA,NA
72075,65+,9284,NA,NA
72077,0-4,1336,NA,NA
72077,18-49,16732,NA,NA
72077,5-17,5448,NA,NA
72077,50-64,6820,NA,NA
72077,65+,6559,NA,NA
72079,0-4,706,NA,NA
72079,18-49,8672,NA,NA
72079,5-17,2897,NA,NA
72079,50-64,4698,NA,NA
72079,65+,6160,NA,NA
72081,0-4,910,NA,NA
72081,18-49,11097,NA,NA
72081,5-17,3688,NA,NA
72081,50-64,5863,NA,NA
72081,65+,6386,NA,NA
72083,0-4,290,NA,NA
72083,18-49,3378,NA,NA
72083,5-17,1328,NA,NA
72083,50-64,1778,NA,NA
72083,65+,2016,NA,NA
72085,0-4,1137,NA,NA
72085,18-49,14965,NA,NA
72085,5-17,4872,NA,NA
72085,50-64,6740,NA,NA
72085,65+,7320,NA,NA
72087,0-4,716,NA,NA
72087,18-49,9373,NA,NA
72087,5-17,3360,NA,NA
72087,50-64,4688,NA,NA
72087,65+,5039,NA,NA
72089,0-4,549,NA,NA
72089,18-49,7086,NA,NA
72089,5-17,2344,NA,NA
72089,50-64,3452,NA,NA
72089,65+,4200,NA,NA
72091,0-4,1381,NA,NA
72091,18-49,15296,NA,NA
72091,5-17,5315,NA,NA
72091,50-64,7653,NA,NA
72091,65+,9507,NA,NA
72093,0-4,188,NA,NA
72093,18-49,1812,NA,NA
72093,5-17,673,NA,NA
72093,50-64,1160,NA,NA
72093,65+,1343,NA,NA
72095,0-4,146,NA,NA
72095,18-49,3794,NA,NA
72095,5-17,1562,NA,NA
72095,50-64,2296,NA,NA
72095,65+,2684,NA,NA
72097,0-4,2183,NA,NA
72097,18-49,29740,NA,NA
72097,5-17,9096,NA,NA
72097,50-64,12171,NA,NA
72097,65+,18634,NA,NA
72099,0-4,1285,NA,NA
72099,18-49,15637,NA,NA
72099,5-17,5247,NA,NA
72099,50-64,7746,NA,NA
72099,65+,7487,NA,NA
72101,0-4,1037,NA,NA
72101,18-49,12080,NA,NA
72101,5-17,4074,NA,NA
72101,50-64,6038,NA,NA
72101,65+,5305,NA,NA
72103,0-4,843,NA,NA
72103,18-49,10153,NA,NA
72103,5-17,3633,NA,NA
72103,50-64,4001,NA,NA
72103,65+,4575,NA,NA
72105,0-4,1061,NA,NA
72105,18-49,11582,NA,NA
72105,5-17,4069,NA,NA
72105,50-64,6022,NA,NA
72105,65+,6512,NA,NA
72107,0-4,858,NA,NA
72107,18-49,8635,NA,NA
72107,5-17,3143,NA,NA
72107,50-64,4597,NA,NA
72107,65+,4118,NA,NA
72109,0-4,454,NA,NA
72109,18-49,5736,NA,NA
72109,5-17,2035,NA,NA
72109,50-64,3562,NA,NA
72109,65+,3966,NA,NA
72111,0-4,801,NA,NA
72111,18-49,8162,NA,NA
72111,5-17,3160,NA,NA
72111,50-64,4114,NA,NA
72111,65+,3845,NA,NA
72113,0-4,4809,NA,NA
72113,18-49,52553,NA,NA
72113,5-17,18956,NA,NA
72113,50-64,25318,NA,NA
72113,65+,33040,NA,NA
72115,0-4,771,NA,NA
72115,18-49,9426,NA,NA
72115,5-17,3217,NA,NA
72115,50-64,4868,NA,NA
72115,65+,5204,NA,NA
72117,0-4,408,NA,NA
72117,18-49,5538,NA,NA
72117,5-17,1784,NA,NA
72117,50-64,3400,NA,NA
72117,65+,4146,NA,NA
72119,0-4,1468,NA,NA
72119,18-49,19284,NA,NA
72119,5-17,6055,NA,NA
72119,50-64,9451,NA,NA
72119,65+,10220,NA,NA
72121,0-4,763,NA,NA
72121,18-49,8741,NA,NA
72121,5-17,3093,NA,NA
72121,50-64,4321,NA,NA
72121,65+,5623,NA,NA
72123,0-4,851,NA,NA
72123,18-49,10255,NA,NA
72123,5-17,3861,NA,NA
72123,50-64,4888,NA,NA
72123,65+,5542,NA,NA
72125,0-4,994,NA,NA
72125,18-49,11575,NA,NA
72125,5-17,4314,NA,NA
72125,50-64,6117,NA,NA
72125,65+,8514,NA,NA
72127,0-4,11601,NA,NA
72127,18-49,134456,NA,NA
72127,5-17,41860,NA,NA
72127,50-64,66795,NA,NA
72127,65+,83949,NA,NA
72129,0-4,1181,NA,NA
72129,18-49,15202,NA,NA
72129,5-17,4964,NA,NA
72129,50-64,8137,NA,NA
72129,65+,8031,NA,NA
72131,0-4,1246,NA,NA
72131,18-49,14757,NA,NA
72131,5-17,5310,NA,NA
72131,50-64,7885,NA,NA
72131,65+,9970,NA,NA
72133,0-4,735,NA,NA
72133,18-49,9057,NA,NA
72133,5-17,2986,NA,NA
72133,50-64,3772,NA,NA
72133,65+,3514,NA,NA
72135,0-4,2030,NA,NA
72135,18-49,29881,NA,NA
72135,5-17,9457,NA,NA
72135,50-64,14127,NA,NA
72135,65+,11041,NA,NA
72137,0-4,2362,NA,NA
72137,18-49,31244,NA,NA
72137,5-17,9991,NA,NA
72137,50-64,14364,NA,NA
72137,65+,16026,NA,NA
72139,0-4,1966,NA,NA
72139,18-49,28342,NA,NA
72139,5-17,9169,NA,NA
72139,50-64,13446,NA,NA
72139,65+,14406,NA,NA
72141,0-4,884,NA,NA
72141,18-49,10417,NA,NA
72141,5-17,3827,NA,NA
72141,50-64,5914,NA,NA
72141,65+,6854,NA,NA
72143,0-4,1179,NA,NA
72143,18-49,14706,NA,NA
72143,5-17,5221,NA,NA
72143,50-64,6855,NA,NA
72143,65+,7153,NA,NA
72145,0-4,1934,NA,NA
72145,18-49,21800,NA,NA
72145,5-17,7147,NA,NA
72145,50-64,11032,NA,NA
72145,65+,12145,NA,NA
72147,0-4,297,NA,NA
72147,18-49,3074,NA,NA
72147,5-17,1123,NA,NA
72147,50-64,1667,NA,NA
72147,65+,1986,NA,NA
72149,0-4,885,NA,NA
72149,18-49,8481,NA,NA
72149,5-17,3228,NA,NA
72149,50-64,4706,NA,NA
72149,65+,4478,NA,NA
72151,0-4,910,NA,NA
72151,18-49,11404,NA,NA
72151,5-17,3898,NA,NA
72151,50-64,6434,NA,NA
72151,65+,7222,NA,NA
72153,0-4,1046,NA,NA
72153,18-49,12510,NA,NA
72153,5-17,4428,NA,NA
72153,50-64,7204,NA,NA
72153,65+,8321,NA,NA
