State,VaxCov,WeekEnd,AgeGroup,VE_Inpatient,total_pop,TotalVax,TotalFullProtect,WeeklyNewFullProtect
Alabama,0.024,2024-08-24,Adult,0.36,3926252,94230.048,33923,33923
Alabama,0.036,2024-08-31,Adult,0.36,3926252,141345.072,50884,16961
Alabama,0.047,2024-09-07,Adult,0.36,3926252,184533.844,66432,15548
Alabama,0.069,2024-09-14,Adult,0.36,3926252,270911.388,97528,31096
Alabama,0.085,2024-09-21,Adult,0.36,3926252,333731.42,120143,22615
Alabama,0.114,2024-09-28,Adult,0.36,3926252,447592.728,161133,40990
Alabama,0.151,2024-10-05,Adult,0.36,3926252,592864.052,213431,52298
Alabama,0.181,2024-10-12,Adult,0.36,3926252,710651.612,255835,42404
Alabama,0.203,2024-10-19,Adult,0.36,3926252,797029.156,286930,31095
Alabama,0.21,2024-10-26,Adult,0.36,3926252,824512.92,296825,9895
Alabama,0.267,2024-11-02,Adult,0.36,3926252,1048309.284,377391,80566
Alabama,0.288,2024-11-09,Adult,0.36,3926252,1130760.576,407074,29683
Alabama,0.288,2024-11-16,Adult,0.36,3926252,1130760.576,407074,0
Alabama,0.293,2024-11-23,Adult,0.36,3926252,1150391.836,414141,7067
Alabama,0.3,2024-11-30,Adult,0.36,3926252,1177875.6,424035,9894
Alabama,0.338,2024-12-07,Adult,0.36,3926252,1327073.176,477746,53711
Alabama,0.343,2024-12-14,Adult,0.36,3926252,1346704.436,484814,7068
Alabama,0.343,2024-12-21,Adult,0.36,3926252,1346704.436,484814,0
Alabama,0.357,2024-12-28,Adult,0.36,3926252,1401671.964,504602,19788
Alabama,0.357,2025-01-04,Adult,0.36,3926252,1401671.964,504602,0
Alabama,0.357,2025-01-11,Adult,0.36,3926252,1401671.964,504602,0
Alabama,0.357,2025-01-18,Adult,0.36,3926252,1401671.964,504602,0
Alabama,0.357,2025-01-25,Adult,0.36,3926252,1401671.964,504602,0
Alabama,0.374,2025-02-01,Adult,0.36,3926252,1468418.248,528631,24029
Alabama,0.374,2025-02-08,Adult,0.36,3926252,1468418.248,528631,0
Alabama,0.374,2025-02-15,Adult,0.36,3926252,1468418.248,528631,0
Alabama,0.374,2025-02-22,Adult,0.36,3926252,1468418.248,528631,0
Alabama,0.385,2025-03-01,Adult,0.36,3926252,1511607.02,544179,15548
Alabama,0.385,2025-03-08,Adult,0.36,3926252,1511607.02,544179,0
Alabama,0.385,2025-03-15,Adult,0.36,3926252,1511607.02,544179,0
Alabama,0.385,2025-03-22,Adult,0.36,3926252,1511607.02,544179,0
Alabama,0.385,2025-03-29,Adult,0.36,3926252,1511607.02,544179,0
Alabama,0.391,2025-04-05,Adult,0.36,3926252,1535164.532,552659,8480
Alabama,0.391,2025-04-12,Adult,0.36,3926252,1535164.532,552659,0
Alabama,0.391,2025-04-19,Adult,0.36,3926252,1535164.532,552659,0
Alabama,0.391,2025-04-26,Adult,0.36,3926252,1535164.532,552659,0
Alabama,0.150767,2024-10-05,Pediatric,0.51,1128001,170065.326767,86733,86733
Alabama,0.166051,2024-10-12,Pediatric,0.51,1128001,187305.694051,95526,8793
Alabama,0.173487,2024-10-19,Pediatric,0.51,1128001,195693.509487,99804,4278
Alabama,0.195582,2024-10-26,Pediatric,0.51,1128001,220616.691582,112515,12711
Alabama,0.255783,2024-11-02,Pediatric,0.51,1128001,288523.479783,147147,34632
Alabama,0.255935,2024-11-09,Pediatric,0.51,1128001,288694.935935,147234,87
Alabama,0.256376,2024-11-16,Pediatric,0.51,1128001,289192.384376,147488,254
Alabama,0.256449,2024-11-23,Pediatric,0.51,1128001,289274.728449,147530,42
Alabama,0.256449,2024-11-30,Pediatric,0.51,1128001,289274.728449,147530,0
Alabama,0.310428,2024-12-07,Pediatric,0.51,1128001,350163.094428,178583,31053
Alabama,0.312638,2024-12-14,Pediatric,0.51,1128001,352655.976638,179855,1272
Alabama,0.317909,2024-12-21,Pediatric,0.51,1128001,358601.669909,182887,3032
Alabama,0.317909,2024-12-28,Pediatric,0.51,1128001,358601.669909,182887,0
Alabama,0.342046,2025-01-04,Pediatric,0.51,1128001,385828.230046,196772,13885
Alabama,0.345258,2025-01-11,Pediatric,0.51,1128001,389451.369258,198620,1848
Alabama,0.368848,2025-01-18,Pediatric,0.51,1128001,416060.912848,212191,13571
Alabama,0.368848,2025-01-25,Pediatric,0.51,1128001,416060.912848,212191,0
Alabama,0.379041,2025-02-01,Pediatric,0.51,1128001,427558.627041,218055,5864
Alabama,0.379041,2025-02-08,Pediatric,0.51,1128001,427558.627041,218055,0
Alabama,0.386329,2025-02-15,Pediatric,0.51,1128001,435779.498329,222248,4193
Alabama,0.386329,2025-02-22,Pediatric,0.51,1128001,435779.498329,222248,0
Alabama,0.390348,2025-03-01,Pediatric,0.51,1128001,440312.934348,224560,2312
Alabama,0.390348,2025-03-08,Pediatric,0.51,1128001,440312.934348,224560,0
Alabama,0.391067,2025-03-15,Pediatric,0.51,1128001,441123.967067,224973,413
Alabama,0.391148,2025-03-22,Pediatric,0.51,1128001,441215.335148,225020,47
Alabama,0.391148,2025-03-29,Pediatric,0.51,1128001,441215.335148,225020,0
Alabama,0.397018,2025-04-05,Pediatric,0.51,1128001,447836.701018,228397,3377
Alabama,0.397018,2025-04-12,Pediatric,0.51,1128001,447836.701018,228397,0
Alabama,0.397018,2025-04-19,Pediatric,0.51,1128001,447836.701018,228397,0
Alabama,0.397018,2025-04-26,Pediatric,0.51,1128001,447836.701018,228397,0
Alaska,0.028,2024-08-24,Adult,0.36,555513,15554.364,5600,5600
Alaska,0.028,2024-08-31,Adult,0.36,555513,15554.364,5600,0
Alaska,0.038,2024-09-07,Adult,0.36,555513,21109.494,7599,1999
Alaska,0.051,2024-09-14,Adult,0.36,555513,28331.163,10199,2600
Alaska,0.084,2024-09-21,Adult,0.36,555513,46663.092,16799,6600
Alaska,0.09,2024-09-28,Adult,0.36,555513,49996.17,17999,1200
Alaska,0.163,2024-10-05,Adult,0.36,555513,90548.619,32598,14599
Alaska,0.178,2024-10-12,Adult,0.36,555513,98881.314,35597,2999
Alaska,0.194,2024-10-19,Adult,0.36,555513,107769.522,38797,3200
Alaska,0.291,2024-10-26,Adult,0.36,555513,161654.283,58196,19399
Alaska,0.291,2024-11-02,Adult,0.36,555513,161654.283,58196,0
Alaska,0.313,2024-11-09,Adult,0.36,555513,173875.569,62595,4399
Alaska,0.313,2024-11-16,Adult,0.36,555513,173875.569,62595,0
Alaska,0.315,2024-11-23,Adult,0.36,555513,174986.595,62995,400
Alaska,0.315,2024-11-30,Adult,0.36,555513,174986.595,62995,0
Alaska,0.36,2024-12-07,Adult,0.36,555513,199984.68,71994,8999
Alaska,0.36,2024-12-14,Adult,0.36,555513,199984.68,71994,0
Alaska,0.36,2024-12-21,Adult,0.36,555513,199984.68,71994,0
Alaska,0.36,2024-12-28,Adult,0.36,555513,199984.68,71994,0
Alaska,0.38,2025-01-04,Adult,0.36,555513,211094.94,75994,4000
Alaska,0.383,2025-01-11,Adult,0.36,555513,212761.479,76594,600
Alaska,0.384,2025-01-18,Adult,0.36,555513,213316.992,76794,200
Alaska,0.384,2025-01-25,Adult,0.36,555513,213316.992,76794,0
Alaska,0.405,2025-02-01,Adult,0.36,555513,224982.765,80994,4200
Alaska,0.405,2025-02-08,Adult,0.36,555513,224982.765,80994,0
Alaska,0.408,2025-02-15,Adult,0.36,555513,226649.304,81594,600
Alaska,0.408,2025-02-22,Adult,0.36,555513,226649.304,81594,0
Alaska,0.421,2025-03-01,Adult,0.36,555513,233870.973,84194,2600
Alaska,0.426,2025-03-08,Adult,0.36,555513,236648.538,85193,999
Alaska,0.427,2025-03-15,Adult,0.36,555513,237204.051,85393,200
Alaska,0.427,2025-03-22,Adult,0.36,555513,237204.051,85393,0
Alaska,0.427,2025-03-29,Adult,0.36,555513,237204.051,85393,0
Alaska,0.44,2025-04-05,Adult,0.36,555513,244425.72,87993,2600
Alaska,0.44,2025-04-12,Adult,0.36,555513,244425.72,87993,0
Alaska,0.44,2025-04-19,Adult,0.36,555513,244425.72,87993,0
Alaska,0.44,2025-04-26,Adult,0.36,555513,244425.72,87993,0
Alaska,0.155538,2024-10-05,Pediatric,0.51,178458,27757.000404,14156,14156
Alaska,0.17827,2024-10-12,Pediatric,0.51,178458,31813.70766,16225,2069
Alaska,0.182122,2024-10-19,Pediatric,0.51,178458,32501.127876,16576,351
Alaska,0.182122,2024-10-26,Pediatric,0.51,178458,32501.127876,16576,0
Alaska,0.273153,2024-11-02,Pediatric,0.51,178458,48746.338074,24861,8285
Alaska,0.273945,2024-11-09,Pediatric,0.51,178458,48887.67681,24933,72
Alaska,0.273989,2024-11-16,Pediatric,0.51,178458,48895.528962,24937,4
Alaska,0.273998,2024-11-23,Pediatric,0.51,178458,48897.135084,24938,1
Alaska,0.273998,2024-11-30,Pediatric,0.51,178458,48897.135084,24938,0
Alaska,0.329311,2024-12-07,Pediatric,0.51,178458,58768.182438,29972,5034
Alaska,0.347552,2024-12-14,Pediatric,0.51,178458,62023.434816,31632,1660
Alaska,0.347552,2024-12-21,Pediatric,0.51,178458,62023.434816,31632,0
Alaska,0.356317,2024-12-28,Pediatric,0.51,178458,63587.619186,32430,798
Alaska,0.365081,2025-01-04,Pediatric,0.51,178458,65151.625098,33227,797
Alaska,0.365081,2025-01-11,Pediatric,0.51,178458,65151.625098,33227,0
Alaska,0.368489,2025-01-18,Pediatric,0.51,178458,65759.809962,33538,311
Alaska,0.368489,2025-01-25,Pediatric,0.51,178458,65759.809962,33538,0
Alaska,0.396673,2025-02-01,Pediatric,0.51,178458,70789.470234,36103,2565
Alaska,0.396673,2025-02-08,Pediatric,0.51,178458,70789.470234,36103,0
Alaska,0.407448,2025-02-15,Pediatric,0.51,178458,72712.355184,37083,980
Alaska,0.407448,2025-02-22,Pediatric,0.51,178458,72712.355184,37083,0
Alaska,0.407448,2025-03-01,Pediatric,0.51,178458,72712.355184,37083,0
Alaska,0.407448,2025-03-08,Pediatric,0.51,178458,72712.355184,37083,0
Alaska,0.407448,2025-03-15,Pediatric,0.51,178458,72712.355184,37083,0
Alaska,0.407448,2025-03-22,Pediatric,0.51,178458,72712.355184,37083,0
Alaska,0.407448,2025-03-29,Pediatric,0.51,178458,72712.355184,37083,0
Alaska,0.428292,2025-04-05,Pediatric,0.51,178458,76432.133736,38980,1897
Alaska,0.428292,2025-04-12,Pediatric,0.51,178458,76432.133736,38980,0
Alaska,0.428292,2025-04-19,Pediatric,0.51,178458,76432.133736,38980,0
Alaska,0.428292,2025-04-26,Pediatric,0.51,178458,76432.133736,38980,0
Arizona,0.018,2024-08-24,Adult,0.36,5673395,102121.11,36764,36764
Arizona,0.018,2024-08-31,Adult,0.36,5673395,102121.11,36764,0
Arizona,0.041,2024-09-07,Adult,0.36,5673395,232609.195,83739,46975
Arizona,0.054,2024-09-14,Adult,0.36,5673395,306363.33,110291,26552
Arizona,0.121,2024-09-21,Adult,0.36,5673395,686480.795,247133,136842
Arizona,0.141,2024-09-28,Adult,0.36,5673395,799948.695,287982,40849
Arizona,0.153,2024-10-05,Adult,0.36,5673395,868029.435,312491,24509
Arizona,0.162,2024-10-12,Adult,0.36,5673395,919089.99,330872,18381
Arizona,0.181,2024-10-19,Adult,0.36,5673395,1026884.495,369678,38806
Arizona,0.194,2024-10-26,Adult,0.36,5673395,1100638.63,396230,26552
Arizona,0.284,2024-11-02,Adult,0.36,5673395,1611244.18,580048,183818
Arizona,0.291,2024-11-09,Adult,0.36,5673395,1650957.945,594345,14297
Arizona,0.308,2024-11-16,Adult,0.36,5673395,1747405.66,629066,34721
Arizona,0.324,2024-11-23,Adult,0.36,5673395,1838179.98,661745,32679
Arizona,0.324,2024-11-30,Adult,0.36,5673395,1838179.98,661745,0
Arizona,0.344,2024-12-07,Adult,0.36,5673395,1951647.88,702593,40848
Arizona,0.344,2024-12-14,Adult,0.36,5673395,1951647.88,702593,0
Arizona,0.344,2024-12-21,Adult,0.36,5673395,1951647.88,702593,0
Arizona,0.344,2024-12-28,Adult,0.36,5673395,1951647.88,702593,0
Arizona,0.359,2025-01-04,Adult,0.36,5673395,2036748.805,733230,30637
Arizona,0.359,2025-01-11,Adult,0.36,5673395,2036748.805,733230,0
Arizona,0.36,2025-01-18,Adult,0.36,5673395,2042422.2,735272,2042
Arizona,0.36,2025-01-25,Adult,0.36,5673395,2042422.2,735272,0
Arizona,0.391,2025-02-01,Adult,0.36,5673395,2218297.445,798587,63315
Arizona,0.395,2025-02-08,Adult,0.36,5673395,2240991.025,806757,8170
Arizona,0.396,2025-02-15,Adult,0.36,5673395,2246664.42,808799,2042
Arizona,0.396,2025-02-22,Adult,0.36,5673395,2246664.42,808799,0
Arizona,0.403,2025-03-01,Adult,0.36,5673395,2286378.185,823096,14297
Arizona,0.403,2025-03-08,Adult,0.36,5673395,2286378.185,823096,0
Arizona,0.403,2025-03-15,Adult,0.36,5673395,2286378.185,823096,0
Arizona,0.403,2025-03-22,Adult,0.36,5673395,2286378.185,823096,0
Arizona,0.403,2025-03-29,Adult,0.36,5673395,2286378.185,823096,0
Arizona,0.412,2025-04-05,Adult,0.36,5673395,2337438.74,841478,18382
Arizona,0.412,2025-04-12,Adult,0.36,5673395,2337438.74,841478,0
Arizona,0.412,2025-04-19,Adult,0.36,5673395,2337438.74,841478,0
Arizona,0.412,2025-04-26,Adult,0.36,5673395,2337438.74,841478,0
Arizona,0.138488,2024-10-05,Pediatric,0.51,1594780,220857.89264,112638,112638
Arizona,0.147886,2024-10-12,Pediatric,0.51,1594780,235845.63508,120281,7643
Arizona,0.149326,2024-10-19,Pediatric,0.51,1594780,238142.11828,121452,1171
Arizona,0.149326,2024-10-26,Pediatric,0.51,1594780,238142.11828,121452,0
Arizona,0.275366,2024-11-02,Pediatric,0.51,1594780,439148.18948,223966,102514
Arizona,0.275366,2024-11-09,Pediatric,0.51,1594780,439148.18948,223966,0
Arizona,0.277131,2024-11-16,Pediatric,0.51,1594780,441962.97618,225401,1435
Arizona,0.277527,2024-11-23,Pediatric,0.51,1594780,442594.50906,225723,322
Arizona,0.317729,2024-11-30,Pediatric,0.51,1594780,506707.85462,258421,32698
Arizona,0.35793,2024-12-07,Pediatric,0.51,1594780,570819.6054,291118,32697
Arizona,0.363198,2024-12-14,Pediatric,0.51,1594780,579220.90644,295403,4285
Arizona,0.363198,2024-12-21,Pediatric,0.51,1594780,579220.90644,295403,0
Arizona,0.363198,2024-12-28,Pediatric,0.51,1594780,579220.90644,295403,0
Arizona,0.38716,2025-01-04,Pediatric,0.51,1594780,617435.0248,314892,19489
Arizona,0.38716,2025-01-11,Pediatric,0.51,1594780,617435.0248,314892,0
Arizona,0.394959,2025-01-18,Pediatric,0.51,1594780,629872.71402,321235,6343
Arizona,0.394959,2025-01-25,Pediatric,0.51,1594780,629872.71402,321235,0
Arizona,0.412805,2025-02-01,Pediatric,0.51,1594780,658333.1579,335750,14515
Arizona,0.412805,2025-02-08,Pediatric,0.51,1594780,658333.1579,335750,0
Arizona,0.415545,2025-02-15,Pediatric,0.51,1594780,662702.8551,337978,2228
Arizona,0.415545,2025-02-22,Pediatric,0.51,1594780,662702.8551,337978,0
Arizona,0.431635,2025-03-01,Pediatric,0.51,1594780,688362.8653,351065,13087
Arizona,0.431635,2025-03-08,Pediatric,0.51,1594780,688362.8653,351065,0
Arizona,0.431635,2025-03-15,Pediatric,0.51,1594780,688362.8653,351065,0
Arizona,0.431635,2025-03-22,Pediatric,0.51,1594780,688362.8653,351065,0
Arizona,0.431635,2025-03-29,Pediatric,0.51,1594780,688362.8653,351065,0
Arizona,0.445458,2025-04-05,Pediatric,0.51,1594780,710407.50924,362308,11243
Arizona,0.445458,2025-04-12,Pediatric,0.51,1594780,710407.50924,362308,0
Arizona,0.445458,2025-04-19,Pediatric,0.51,1594780,710407.50924,362308,0
Arizona,0.445458,2025-04-26,Pediatric,0.51,1594780,710407.50924,362308,0
Arkansas,0.012,2024-08-24,Adult,0.36,2326772,27921.264,10052,10052
Arkansas,0.012,2024-08-31,Adult,0.36,2326772,27921.264,10052,0
Arkansas,0.049,2024-09-07,Adult,0.36,2326772,114011.828,41044,30992
Arkansas,0.067,2024-09-14,Adult,0.36,2326772,155893.724,56122,15078
Arkansas,0.083,2024-09-21,Adult,0.36,2326772,193122.076,69524,13402
Arkansas,0.119,2024-09-28,Adult,0.36,2326772,276885.868,99679,30155
Arkansas,0.132,2024-10-05,Adult,0.36,2326772,307133.904,110568,10889
Arkansas,0.144,2024-10-12,Adult,0.36,2326772,335055.168,120620,10052
Arkansas,0.18,2024-10-19,Adult,0.36,2326772,418818.96,150775,30155
Arkansas,0.195,2024-10-26,Adult,0.36,2326772,453720.54,163339,12564
Arkansas,0.294,2024-11-02,Adult,0.36,2326772,684070.968,246266,82927
Arkansas,0.319,2024-11-09,Adult,0.36,2326772,742240.268,267206,20940
Arkansas,0.329,2024-11-16,Adult,0.36,2326772,765507.988,275583,8377
Arkansas,0.338,2024-11-23,Adult,0.36,2326772,786448.936,283122,7539
Arkansas,0.338,2024-11-30,Adult,0.36,2326772,786448.936,283122,0
Arkansas,0.374,2024-12-07,Adult,0.36,2326772,870212.728,313277,30155
Arkansas,0.374,2024-12-14,Adult,0.36,2326772,870212.728,313277,0
Arkansas,0.376,2024-12-21,Adult,0.36,2326772,874866.272,314952,1675
Arkansas,0.376,2024-12-28,Adult,0.36,2326772,874866.272,314952,0
Arkansas,0.394,2025-01-04,Adult,0.36,2326772,916748.168,330029,15077
Arkansas,0.395,2025-01-11,Adult,0.36,2326772,919074.94,330867,838
Arkansas,0.395,2025-01-18,Adult,0.36,2326772,919074.94,330867,0
Arkansas,0.398,2025-01-25,Adult,0.36,2326772,926055.256,333380,2513
Arkansas,0.409,2025-02-01,Adult,0.36,2326772,951649.748,342594,9214
Arkansas,0.409,2025-02-08,Adult,0.36,2326772,951649.748,342594,0
Arkansas,0.423,2025-02-15,Adult,0.36,2326772,984224.556,354321,11727
Arkansas,0.423,2025-02-22,Adult,0.36,2326772,984224.556,354321,0
Arkansas,0.423,2025-03-01,Adult,0.36,2326772,984224.556,354321,0
Arkansas,0.423,2025-03-08,Adult,0.36,2326772,984224.556,354321,0
Arkansas,0.423,2025-03-15,Adult,0.36,2326772,984224.556,354321,0
Arkansas,0.426,2025-03-22,Adult,0.36,2326772,991204.872,356834,2513
Arkansas,0.426,2025-03-29,Adult,0.36,2326772,991204.872,356834,0
Arkansas,0.44,2025-04-05,Adult,0.36,2326772,1023779.68,368561,11727
Arkansas,0.44,2025-04-12,Adult,0.36,2326772,1023779.68,368561,0
Arkansas,0.44,2025-04-19,Adult,0.36,2326772,1023779.68,368561,0
Arkansas,0.44,2025-04-26,Adult,0.36,2326772,1023779.68,368561,0
Arkansas,0.126375,2024-10-05,Pediatric,0.51,705879,89205.458625,45495,45495
Arkansas,0.15476,2024-10-12,Pediatric,0.51,705879,109241.83404,55713,10218
Arkansas,0.240389,2024-10-19,Pediatric,0.51,705879,169685.546931,86540,30827
Arkansas,0.286887,2024-10-26,Pediatric,0.51,705879,202507.508673,103279,16739
Arkansas,0.301281,2024-11-02,Pediatric,0.51,705879,212667.930999,108461,5182
Arkansas,0.304061,2024-11-09,Pediatric,0.51,705879,214630.274619,109461,1000
Arkansas,0.304488,2024-11-16,Pediatric,0.51,705879,214931.684952,109615,154
Arkansas,0.308088,2024-11-23,Pediatric,0.51,705879,217472.849352,110911,1296
Arkansas,0.308088,2024-11-30,Pediatric,0.51,705879,217472.849352,110911,0
Arkansas,0.404153,2024-12-07,Pediatric,0.51,705879,285283.115487,145494,34583
Arkansas,0.404153,2024-12-14,Pediatric,0.51,705879,285283.115487,145494,0
Arkansas,0.441554,2024-12-21,Pediatric,0.51,705879,311683.695966,158959,13465
Arkansas,0.441554,2024-12-28,Pediatric,0.51,705879,311683.695966,158959,0
Arkansas,0.441554,2025-01-04,Pediatric,0.51,705879,311683.695966,158959,0
Arkansas,0.441554,2025-01-11,Pediatric,0.51,705879,311683.695966,158959,0
Arkansas,0.445006,2025-01-18,Pediatric,0.51,705879,314120.390274,160201,1242
Arkansas,0.445006,2025-01-25,Pediatric,0.51,705879,314120.390274,160201,0
Arkansas,0.459805,2025-02-01,Pediatric,0.51,705879,324566.693595,165529,5328
Arkansas,0.459805,2025-02-08,Pediatric,0.51,705879,324566.693595,165529,0
Arkansas,0.462642,2025-02-15,Pediatric,0.51,705879,326569.272318,166550,1021
Arkansas,0.462642,2025-02-22,Pediatric,0.51,705879,326569.272318,166550,0
Arkansas,0.474213,2025-03-01,Pediatric,0.51,705879,334736.998227,170716,4166
Arkansas,0.474213,2025-03-08,Pediatric,0.51,705879,334736.998227,170716,0
Arkansas,0.474213,2025-03-15,Pediatric,0.51,705879,334736.998227,170716,0
Arkansas,0.482376,2025-03-22,Pediatric,0.51,705879,340499.088504,173655,2939
Arkansas,0.482376,2025-03-29,Pediatric,0.51,705879,340499.088504,173655,0
Arkansas,0.488627,2025-04-05,Pediatric,0.51,705879,344911.538133,175905,2250
Arkansas,0.488627,2025-04-12,Pediatric,0.51,705879,344911.538133,175905,0
Arkansas,0.488627,2025-04-19,Pediatric,0.51,705879,344911.538133,175905,0
Arkansas,0.488627,2025-04-26,Pediatric,0.51,705879,344911.538133,175905,0
California,0.035,2024-08-24,Adult,0.36,30513773,1067982.055,384474,384474
California,0.037,2024-08-31,Adult,0.36,30513773,1129009.601,406443,21969
California,0.046,2024-09-07,Adult,0.36,30513773,1403633.558,505308,98865
California,0.098,2024-09-14,Adult,0.36,30513773,2990349.754,1076526,571218
California,0.115,2024-09-21,Adult,0.36,30513773,3509083.895,1263270,186744
California,0.144,2024-09-28,Adult,0.36,30513773,4393983.312,1581834,318564
California,0.198,2024-10-05,Adult,0.36,30513773,6041727.054,2175022,593188
California,0.224,2024-10-12,Adult,0.36,30513773,6835085.152,2460631,285609
California,0.246,2024-10-19,Adult,0.36,30513773,7506388.158,2702300,241669
California,0.283,2024-10-26,Adult,0.36,30513773,8635397.759,3108743,406443
California,0.323,2024-11-02,Adult,0.36,30513773,9855948.679,3548142,439399
California,0.348,2024-11-09,Adult,0.36,30513773,10618793.004,3822765,274623
California,0.351,2024-11-16,Adult,0.36,30513773,10710334.323,3855720,32955
California,0.358,2024-11-23,Adult,0.36,30513773,10923930.734,3932615,76895
California,0.358,2024-11-30,Adult,0.36,30513773,10923930.734,3932615,0
California,0.403,2024-12-07,Adult,0.36,30513773,12297050.519,4426938,494323
California,0.403,2024-12-14,Adult,0.36,30513773,12297050.519,4426938,0
California,0.418,2024-12-21,Adult,0.36,30513773,12754757.114,4591713,164775
California,0.421,2024-12-28,Adult,0.36,30513773,12846298.433,4624667,32954
California,0.432,2025-01-04,Adult,0.36,30513773,13181949.936,4745502,120835
California,0.438,2025-01-11,Adult,0.36,30513773,13365032.574,4811412,65910
California,0.439,2025-01-18,Adult,0.36,30513773,13395546.347,4822397,10985
California,0.443,2025-01-25,Adult,0.36,30513773,13517601.439,4866337,43940
California,0.467,2025-02-01,Adult,0.36,30513773,14249931.991,5129976,263639
California,0.472,2025-02-08,Adult,0.36,30513773,14402500.856,5184900,54924
California,0.476,2025-02-15,Adult,0.36,30513773,14524555.948,5228840,43940
California,0.476,2025-02-22,Adult,0.36,30513773,14524555.948,5228840,0
California,0.493,2025-03-01,Adult,0.36,30513773,15043290.089,5415584,186744
California,0.493,2025-03-08,Adult,0.36,30513773,15043290.089,5415584,0
California,0.493,2025-03-15,Adult,0.36,30513773,15043290.089,5415584,0
California,0.493,2025-03-22,Adult,0.36,30513773,15043290.089,5415584,0
California,0.493,2025-03-29,Adult,0.36,30513773,15043290.089,5415584,0
California,0.504,2025-04-05,Adult,0.36,30513773,15378941.592,5536419,120835
California,0.504,2025-04-12,Adult,0.36,30513773,15378941.592,5536419,0
California,0.504,2025-04-19,Adult,0.36,30513773,15378941.592,5536419,0
California,0.504,2025-04-26,Adult,0.36,30513773,15378941.592,5536419,0
California,0.192368,2024-10-05,Pediatric,0.51,8729012,1679182.580416,856383,856383
California,0.23481,2024-10-12,Pediatric,0.51,8729012,2049659.30772,1045326,188943
California,0.23481,2024-10-19,Pediatric,0.51,8729012,2049659.30772,1045326,0
California,0.281402,2024-10-26,Pediatric,0.51,8729012,2456361.434824,1252744,207418
California,0.325339,2024-11-02,Pediatric,0.51,8729012,2839888.035068,1448343,195599
California,0.342792,2024-11-09,Pediatric,0.51,8729012,2992235.481504,1526040,77697
California,0.348739,2024-11-16,Pediatric,0.51,8729012,3044146.915868,1552515,26475
California,0.384578,2024-11-23,Pediatric,0.51,8729012,3356985.976936,1712063,159548
California,0.384578,2024-11-30,Pediatric,0.51,8729012,3356985.976936,1712063,0
California,0.411971,2024-12-07,Pediatric,0.51,8729012,3596099.802652,1834011,121948
California,0.412152,2024-12-14,Pediatric,0.51,8729012,3597679.753824,1834817,806
California,0.412552,2024-12-21,Pediatric,0.51,8729012,3601171.358624,1836597,1780
California,0.412552,2024-12-28,Pediatric,0.51,8729012,3601171.358624,1836597,0
California,0.442739,2025-01-04,Pediatric,0.51,8729012,3864674.043868,1970984,134387
California,0.451916,2025-01-11,Pediatric,0.51,8729012,3944780.186992,2011838,40854
California,0.45292,2025-01-18,Pediatric,0.51,8729012,3953544.11504,2016307,4469
California,0.45292,2025-01-25,Pediatric,0.51,8729012,3953544.11504,2016307,0
California,0.477799,2025-02-01,Pediatric,0.51,8729012,4170713.204588,2127064,110757
California,0.490277,2025-02-08,Pediatric,0.51,8729012,4279633.816324,2182613,55549
California,0.490277,2025-02-15,Pediatric,0.51,8729012,4279633.816324,2182613,0
California,0.490277,2025-02-22,Pediatric,0.51,8729012,4279633.816324,2182613,0
California,0.492687,2025-03-01,Pediatric,0.51,8729012,4300670.735244,2193342,10729
California,0.504691,2025-03-08,Pediatric,0.51,8729012,4405453.795292,2246781,53439
California,0.504691,2025-03-15,Pediatric,0.51,8729012,4405453.795292,2246781,0
California,0.504691,2025-03-22,Pediatric,0.51,8729012,4405453.795292,2246781,0
California,0.504691,2025-03-29,Pediatric,0.51,8729012,4405453.795292,2246781,0
California,0.533293,2025-04-05,Pediatric,0.51,8729012,4655120.996516,2374112,127331
California,0.533293,2025-04-12,Pediatric,0.51,8729012,4655120.996516,2374112,0
California,0.533293,2025-04-19,Pediatric,0.51,8729012,4655120.996516,2374112,0
California,0.533293,2025-04-26,Pediatric,0.51,8729012,4655120.996516,2374112,0
Colorado,0.032,2024-08-24,Adult,0.36,4569892,146236.544,52645,52645
Colorado,0.032,2024-08-31,Adult,0.36,4569892,146236.544,52645,0
Colorado,0.045,2024-09-07,Adult,0.36,4569892,205645.14,74032,21387
Colorado,0.067,2024-09-14,Adult,0.36,4569892,306182.764,110226,36194
Colorado,0.092,2024-09-21,Adult,0.36,4569892,420430.064,151355,41129
Colorado,0.105,2024-09-28,Adult,0.36,4569892,479838.66,172742,21387
Colorado,0.188,2024-10-05,Adult,0.36,4569892,859139.696,309290,136548
Colorado,0.249,2024-10-12,Adult,0.36,4569892,1137903.108,409645,100355
Colorado,0.28,2024-10-19,Adult,0.36,4569892,1279569.76,460645,51000
Colorado,0.288,2024-10-26,Adult,0.36,4569892,1316128.896,473806,13161
Colorado,0.336,2024-11-02,Adult,0.36,4569892,1535483.712,552774,78968
Colorado,0.348,2024-11-09,Adult,0.36,4569892,1590322.416,572516,19742
Colorado,0.365,2024-11-16,Adult,0.36,4569892,1668010.58,600484,27968
Colorado,0.388,2024-11-23,Adult,0.36,4569892,1773118.096,638323,37839
Colorado,0.388,2024-11-30,Adult,0.36,4569892,1773118.096,638323,0
Colorado,0.432,2024-12-07,Adult,0.36,4569892,1974193.344,710710,72387
Colorado,0.438,2024-12-14,Adult,0.36,4569892,2001612.696,720581,9871
Colorado,0.443,2024-12-21,Adult,0.36,4569892,2024462.156,728806,8225
Colorado,0.446,2024-12-28,Adult,0.36,4569892,2038171.832,733742,4936
Colorado,0.452,2025-01-04,Adult,0.36,4569892,2065591.184,743613,9871
Colorado,0.458,2025-01-11,Adult,0.36,4569892,2093010.536,753484,9871
Colorado,0.459,2025-01-18,Adult,0.36,4569892,2097580.428,755129,1645
Colorado,0.459,2025-01-25,Adult,0.36,4569892,2097580.428,755129,0
Colorado,0.479,2025-02-01,Adult,0.36,4569892,2188978.268,788032,32903
Colorado,0.479,2025-02-08,Adult,0.36,4569892,2188978.268,788032,0
Colorado,0.484,2025-02-15,Adult,0.36,4569892,2211827.728,796258,8226
Colorado,0.487,2025-02-22,Adult,0.36,4569892,2225537.404,801193,4935
Colorado,0.493,2025-03-01,Adult,0.36,4569892,2252956.756,811064,9871
Colorado,0.493,2025-03-08,Adult,0.36,4569892,2252956.756,811064,0
Colorado,0.493,2025-03-15,Adult,0.36,4569892,2252956.756,811064,0
Colorado,0.493,2025-03-22,Adult,0.36,4569892,2252956.756,811064,0
Colorado,0.493,2025-03-29,Adult,0.36,4569892,2252956.756,811064,0
Colorado,0.498,2025-04-05,Adult,0.36,4569892,2275806.216,819290,8226
Colorado,0.498,2025-04-12,Adult,0.36,4569892,2275806.216,819290,0
Colorado,0.5,2025-04-19,Adult,0.36,4569892,2284946,822581,3291
Colorado,0.5,2025-04-26,Adult,0.36,4569892,2284946,822581,0
Colorado,0.189333,2024-10-05,Pediatric,0.51,1240882,234939.911706,119819,119819
Colorado,0.230002,2024-10-12,Pediatric,0.51,1240882,285405.341764,145557,25738
Colorado,0.237567,2024-10-19,Pediatric,0.51,1240882,294792.614094,150344,4787
Colorado,0.253361,2024-10-26,Pediatric,0.51,1240882,314391.104402,160339,9995
Colorado,0.395835,2024-11-02,Pediatric,0.51,1240882,491184.52647,250504,90165
Colorado,0.395835,2024-11-09,Pediatric,0.51,1240882,491184.52647,250504,0
Colorado,0.414777,2024-11-16,Pediatric,0.51,1240882,514689.313314,262492,11988
Colorado,0.466611,2024-11-23,Pediatric,0.51,1240882,579009.190902,295295,32803
Colorado,0.466611,2024-11-30,Pediatric,0.51,1240882,579009.190902,295295,0
Colorado,0.507125,2024-12-07,Pediatric,0.51,1240882,629282.28425,320934,25639
Colorado,0.515223,2024-12-14,Pediatric,0.51,1240882,639330.946686,326059,5125
Colorado,0.516592,2024-12-21,Pediatric,0.51,1240882,641029.714144,326925,866
Colorado,0.516592,2024-12-28,Pediatric,0.51,1240882,641029.714144,326925,0
Colorado,0.528605,2025-01-04,Pediatric,0.51,1240882,655936.42961,334528,7603
Colorado,0.535398,2025-01-11,Pediatric,0.51,1240882,664365.741036,338827,4299
Colorado,0.540385,2025-01-18,Pediatric,0.51,1240882,670554.01957,341983,3156
Colorado,0.540385,2025-01-25,Pediatric,0.51,1240882,670554.01957,341983,0
Colorado,0.540385,2025-02-01,Pediatric,0.51,1240882,670554.01957,341983,0
Colorado,0.540385,2025-02-08,Pediatric,0.51,1240882,670554.01957,341983,0
Colorado,0.540385,2025-02-15,Pediatric,0.51,1240882,670554.01957,341983,0
Colorado,0.540385,2025-02-22,Pediatric,0.51,1240882,670554.01957,341983,0
Colorado,0.55373,2025-03-01,Pediatric,0.51,1240882,687113.58986,350428,8445
Colorado,0.55373,2025-03-08,Pediatric,0.51,1240882,687113.58986,350428,0
Colorado,0.55373,2025-03-15,Pediatric,0.51,1240882,687113.58986,350428,0
Colorado,0.55373,2025-03-22,Pediatric,0.51,1240882,687113.58986,350428,0
Colorado,0.55373,2025-03-29,Pediatric,0.51,1240882,687113.58986,350428,0
Colorado,0.559598,2025-04-05,Pediatric,0.51,1240882,694395.085436,354141,3713
Colorado,0.559598,2025-04-12,Pediatric,0.51,1240882,694395.085436,354141,0
Colorado,0.559598,2025-04-19,Pediatric,0.51,1240882,694395.085436,354141,0
Colorado,0.559598,2025-04-26,Pediatric,0.51,1240882,694395.085436,354141,0
Connecticut,0.027,2024-08-24,Adult,0.36,2864350,77337.45,27841,27841
Connecticut,0.027,2024-08-31,Adult,0.36,2864350,77337.45,27841,0
Connecticut,0.028,2024-09-07,Adult,0.36,2864350,80201.8,28873,1032
Connecticut,0.045,2024-09-14,Adult,0.36,2864350,128895.75,46402,17529
Connecticut,0.045,2024-09-21,Adult,0.36,2864350,128895.75,46402,0
Connecticut,0.045,2024-09-28,Adult,0.36,2864350,128895.75,46402,0
Connecticut,0.191,2024-10-05,Adult,0.36,2864350,547090.85,196953,150551
Connecticut,0.191,2024-10-12,Adult,0.36,2864350,547090.85,196953,0
Connecticut,0.203,2024-10-19,Adult,0.36,2864350,581463.05,209327,12374
Connecticut,0.205,2024-10-26,Adult,0.36,2864350,587191.75,211389,2062
Connecticut,0.386,2024-11-02,Adult,0.36,2864350,1105639.1,398030,186641
Connecticut,0.411,2024-11-09,Adult,0.36,2864350,1177247.85,423809,25779
Connecticut,0.468,2024-11-16,Adult,0.36,2864350,1340515.8,482586,58777
Connecticut,0.5,2024-11-23,Adult,0.36,2864350,1432175,515583,32997
Connecticut,0.5,2024-11-30,Adult,0.36,2864350,1432175,515583,0
Connecticut,0.5,2024-12-07,Adult,0.36,2864350,1432175,515583,0
Connecticut,0.524,2024-12-14,Adult,0.36,2864350,1500919.4,540331,24748
Connecticut,0.538,2024-12-21,Adult,0.36,2864350,1541020.3,554767,14436
Connecticut,0.538,2024-12-28,Adult,0.36,2864350,1541020.3,554767,0
Connecticut,0.544,2025-01-04,Adult,0.36,2864350,1558206.4,560954,6187
Connecticut,0.544,2025-01-11,Adult,0.36,2864350,1558206.4,560954,0
Connecticut,0.544,2025-01-18,Adult,0.36,2864350,1558206.4,560954,0
Connecticut,0.544,2025-01-25,Adult,0.36,2864350,1558206.4,560954,0
Connecticut,0.549,2025-02-01,Adult,0.36,2864350,1572528.15,566110,5156
Connecticut,0.549,2025-02-08,Adult,0.36,2864350,1572528.15,566110,0
Connecticut,0.549,2025-02-15,Adult,0.36,2864350,1572528.15,566110,0
Connecticut,0.549,2025-02-22,Adult,0.36,2864350,1572528.15,566110,0
Connecticut,0.551,2025-03-01,Adult,0.36,2864350,1578256.85,568172,2062
Connecticut,0.551,2025-03-08,Adult,0.36,2864350,1578256.85,568172,0
Connecticut,0.551,2025-03-15,Adult,0.36,2864350,1578256.85,568172,0
Connecticut,0.551,2025-03-22,Adult,0.36,2864350,1578256.85,568172,0
Connecticut,0.551,2025-03-29,Adult,0.36,2864350,1578256.85,568172,0
Connecticut,0.551,2025-04-05,Adult,0.36,2864350,1578256.85,568172,0
Connecticut,0.551,2025-04-12,Adult,0.36,2864350,1578256.85,568172,0
Connecticut,0.551,2025-04-19,Adult,0.36,2864350,1578256.85,568172,0
Connecticut,0.551,2025-04-26,Adult,0.36,2864350,1578256.85,568172,0
Connecticut,0.242596,2024-10-05,Pediatric,0.51,733998,178064.978808,90813,90813
Connecticut,0.242596,2024-10-12,Pediatric,0.51,733998,178064.978808,90813,0
Connecticut,0.248409,2024-10-19,Pediatric,0.51,733998,182331.709182,92989,2176
Connecticut,0.316395,2024-10-26,Pediatric,0.51,733998,232233.29721,118439,25450
Connecticut,0.476796,2024-11-02,Pediatric,0.51,733998,349967.310408,178483,60044
Connecticut,0.571182,2024-11-09,Pediatric,0.51,733998,419246.445636,213816,35333
Connecticut,0.578134,2024-11-16,Pediatric,0.51,733998,424349.199732,216418,2602
Connecticut,0.587869,2024-11-23,Pediatric,0.51,733998,431494.670262,220062,3644
Connecticut,0.587869,2024-11-30,Pediatric,0.51,733998,431494.670262,220062,0
Connecticut,0.628241,2024-12-07,Pediatric,0.51,733998,461127.637518,235175,15113
Connecticut,0.628241,2024-12-14,Pediatric,0.51,733998,461127.637518,235175,0
Connecticut,0.628241,2024-12-21,Pediatric,0.51,733998,461127.637518,235175,0
Connecticut,0.628241,2024-12-28,Pediatric,0.51,733998,461127.637518,235175,0
Connecticut,0.656865,2025-01-04,Pediatric,0.51,733998,482137.59627,245890,10715
Connecticut,0.656865,2025-01-11,Pediatric,0.51,733998,482137.59627,245890,0
Connecticut,0.658285,2025-01-18,Pediatric,0.51,733998,483179.87343,246422,532
Connecticut,0.658285,2025-01-25,Pediatric,0.51,733998,483179.87343,246422,0
Connecticut,0.67679,2025-02-01,Pediatric,0.51,733998,496762.50642,253349,6927
Connecticut,0.67679,2025-02-08,Pediatric,0.51,733998,496762.50642,253349,0
Connecticut,0.67679,2025-02-15,Pediatric,0.51,733998,496762.50642,253349,0
Connecticut,0.67679,2025-02-22,Pediatric,0.51,733998,496762.50642,253349,0
Connecticut,0.690982,2025-03-01,Pediatric,0.51,733998,507179.406036,258661,5312
Connecticut,0.690982,2025-03-08,Pediatric,0.51,733998,507179.406036,258661,0
Connecticut,0.690982,2025-03-15,Pediatric,0.51,733998,507179.406036,258661,0
Connecticut,0.690982,2025-03-22,Pediatric,0.51,733998,507179.406036,258661,0
Connecticut,0.690982,2025-03-29,Pediatric,0.51,733998,507179.406036,258661,0
Connecticut,0.7249,2025-04-05,Pediatric,0.51,733998,532075.1502,271358,12697
Connecticut,0.7249,2025-04-12,Pediatric,0.51,733998,532075.1502,271358,0
Connecticut,0.7249,2025-04-19,Pediatric,0.51,733998,532075.1502,271358,0
Connecticut,0.7249,2025-04-26,Pediatric,0.51,733998,532075.1502,271358,0
Delaware,0.01,2024-08-24,Adult,0.36,795476,7954.76,2864,2864
Delaware,0.016,2024-08-31,Adult,0.36,795476,12727.616,4582,1718
Delaware,0.043,2024-09-07,Adult,0.36,795476,34205.468,12314,7732
Delaware,0.06,2024-09-14,Adult,0.36,795476,47728.56,17182,4868
Delaware,0.074,2024-09-21,Adult,0.36,795476,58865.224,21191,4009
Delaware,0.111,2024-09-28,Adult,0.36,795476,88297.836,31787,10596
Delaware,0.178,2024-10-05,Adult,0.36,795476,141594.728,50974,19187
Delaware,0.235,2024-10-12,Adult,0.36,795476,186936.86,67297,16323
Delaware,0.305,2024-10-19,Adult,0.36,795476,242620.18,87343,20046
Delaware,0.327,2024-10-26,Adult,0.36,795476,260120.652,93643,6300
Delaware,0.362,2024-11-02,Adult,0.36,795476,287962.312,103666,10023
Delaware,0.385,2024-11-09,Adult,0.36,795476,306258.26,110253,6587
Delaware,0.411,2024-11-16,Adult,0.36,795476,326940.636,117699,7446
Delaware,0.422,2024-11-23,Adult,0.36,795476,335690.872,120849,3150
Delaware,0.426,2024-11-30,Adult,0.36,795476,338872.776,121994,1145
Delaware,0.449,2024-12-07,Adult,0.36,795476,357168.724,128581,6587
Delaware,0.454,2024-12-14,Adult,0.36,795476,361146.104,130013,1432
Delaware,0.473,2024-12-21,Adult,0.36,795476,376260.148,135454,5441
Delaware,0.473,2024-12-28,Adult,0.36,795476,376260.148,135454,0
Delaware,0.473,2025-01-04,Adult,0.36,795476,376260.148,135454,0
Delaware,0.473,2025-01-11,Adult,0.36,795476,376260.148,135454,0
Delaware,0.473,2025-01-18,Adult,0.36,795476,376260.148,135454,0
Delaware,0.473,2025-01-25,Adult,0.36,795476,376260.148,135454,0
Delaware,0.487,2025-02-01,Adult,0.36,795476,387396.812,139463,4009
Delaware,0.488,2025-02-08,Adult,0.36,795476,388192.288,139749,286
Delaware,0.488,2025-02-15,Adult,0.36,795476,388192.288,139749,0
Delaware,0.488,2025-02-22,Adult,0.36,795476,388192.288,139749,0
Delaware,0.502,2025-03-01,Adult,0.36,795476,399328.952,143758,4009
Delaware,0.504,2025-03-08,Adult,0.36,795476,400919.904,144331,573
Delaware,0.504,2025-03-15,Adult,0.36,795476,400919.904,144331,0
Delaware,0.504,2025-03-22,Adult,0.36,795476,400919.904,144331,0
Delaware,0.504,2025-03-29,Adult,0.36,795476,400919.904,144331,0
Delaware,0.511,2025-04-05,Adult,0.36,795476,406488.236,146336,2005
Delaware,0.511,2025-04-12,Adult,0.36,795476,406488.236,146336,0
Delaware,0.512,2025-04-19,Adult,0.36,795476,407283.712,146622,286
Delaware,0.512,2025-04-26,Adult,0.36,795476,407283.712,146622,0
Delaware,0.178077,2024-10-05,Pediatric,0.51,210396,37466.688492,19108,19108
Delaware,0.178077,2024-10-12,Pediatric,0.51,210396,37466.688492,19108,0
Delaware,0.178606,2024-10-19,Pediatric,0.51,210396,37577.987976,19165,57
Delaware,0.190502,2024-10-26,Pediatric,0.51,210396,40080.858792,20441,1276
Delaware,0.357906,2024-11-02,Pediatric,0.51,210396,75301.990776,38404,17963
Delaware,0.357906,2024-11-09,Pediatric,0.51,210396,75301.990776,38404,0
Delaware,0.361601,2024-11-16,Pediatric,0.51,210396,76079.403996,38800,396
Delaware,0.385823,2024-11-23,Pediatric,0.51,210396,81175.615908,41400,2600
Delaware,0.385823,2024-11-30,Pediatric,0.51,210396,81175.615908,41400,0
Delaware,0.41993,2024-12-07,Pediatric,0.51,210396,88351.59228,45059,3659
Delaware,0.433448,2024-12-14,Pediatric,0.51,210396,91195.725408,46510,1451
Delaware,0.437433,2024-12-21,Pediatric,0.51,210396,92034.153468,46937,427
Delaware,0.437433,2024-12-28,Pediatric,0.51,210396,92034.153468,46937,0
Delaware,0.44474,2025-01-04,Pediatric,0.51,210396,93571.51704,47721,784
Delaware,0.44474,2025-01-11,Pediatric,0.51,210396,93571.51704,47721,0
Delaware,0.44474,2025-01-18,Pediatric,0.51,210396,93571.51704,47721,0
Delaware,0.44474,2025-01-25,Pediatric,0.51,210396,93571.51704,47721,0
Delaware,0.481638,2025-02-01,Pediatric,0.51,210396,101334.708648,51681,3960
Delaware,0.484518,2025-02-08,Pediatric,0.51,210396,101940.649128,51990,309
Delaware,0.484518,2025-02-15,Pediatric,0.51,210396,101940.649128,51990,0
Delaware,0.484518,2025-02-22,Pediatric,0.51,210396,101940.649128,51990,0
Delaware,0.506651,2025-03-01,Pediatric,0.51,210396,106597.343796,54365,2375
Delaware,0.506651,2025-03-08,Pediatric,0.51,210396,106597.343796,54365,0
Delaware,0.506651,2025-03-15,Pediatric,0.51,210396,106597.343796,54365,0
Delaware,0.506651,2025-03-22,Pediatric,0.51,210396,106597.343796,54365,0
Delaware,0.506651,2025-03-29,Pediatric,0.51,210396,106597.343796,54365,0
Delaware,0.529958,2025-04-05,Pediatric,0.51,210396,111501.043368,56866,2501
Delaware,0.529958,2025-04-12,Pediatric,0.51,210396,111501.043368,56866,0
Delaware,0.529958,2025-04-19,Pediatric,0.51,210396,111501.043368,56866,0
Delaware,0.529958,2025-04-26,Pediatric,0.51,210396,111501.043368,56866,0
District of Columbia,0.025,2024-08-24,Adult,0.36,546404,13660.1,4918,4918
District of Columbia,0.038,2024-08-31,Adult,0.36,546404,20763.352,7475,2557
District of Columbia,0.066,2024-09-07,Adult,0.36,546404,36062.664,12983,5508
District of Columbia,0.087,2024-09-14,Adult,0.36,546404,47537.148,17113,4130
District of Columbia,0.124,2024-09-21,Adult,0.36,546404,67754.096,24391,7278
District of Columbia,0.15,2024-09-28,Adult,0.36,546404,81960.6,29506,5115
District of Columbia,0.201,2024-10-05,Adult,0.36,546404,109827.204,39538,10032
District of Columbia,0.243,2024-10-12,Adult,0.36,546404,132776.172,47799,8261
District of Columbia,0.292,2024-10-19,Adult,0.36,546404,159549.968,57438,9639
District of Columbia,0.321,2024-10-26,Adult,0.36,546404,175395.684,63142,5704
District of Columbia,0.399,2024-11-02,Adult,0.36,546404,218015.196,78485,15343
District of Columbia,0.423,2024-11-09,Adult,0.36,546404,231128.892,83206,4721
District of Columbia,0.438,2024-11-16,Adult,0.36,546404,239324.952,86157,2951
District of Columbia,0.454,2024-11-23,Adult,0.36,546404,248067.416,89304,3147
District of Columbia,0.455,2024-11-30,Adult,0.36,546404,248613.82,89501,197
District of Columbia,0.51,2024-12-07,Adult,0.36,546404,278666.04,100320,10819
District of Columbia,0.516,2024-12-14,Adult,0.36,546404,281944.464,101500,1180
District of Columbia,0.52,2024-12-21,Adult,0.36,546404,284130.08,102287,787
District of Columbia,0.524,2024-12-28,Adult,0.36,546404,286315.696,103074,787
District of Columbia,0.536,2025-01-04,Adult,0.36,546404,292872.544,105434,2360
District of Columbia,0.538,2025-01-11,Adult,0.36,546404,293965.352,105828,394
District of Columbia,0.54,2025-01-18,Adult,0.36,546404,295058.16,106221,393
District of Columbia,0.541,2025-01-25,Adult,0.36,546404,295604.564,106418,197
District of Columbia,0.558,2025-02-01,Adult,0.36,546404,304893.432,109762,3344
District of Columbia,0.56,2025-02-08,Adult,0.36,546404,305986.24,110155,393
District of Columbia,0.564,2025-02-15,Adult,0.36,546404,308171.856,110942,787
District of Columbia,0.565,2025-02-22,Adult,0.36,546404,308718.26,111139,197
District of Columbia,0.578,2025-03-01,Adult,0.36,546404,315821.512,113696,2557
District of Columbia,0.579,2025-03-08,Adult,0.36,546404,316367.916,113892,196
District of Columbia,0.579,2025-03-15,Adult,0.36,546404,316367.916,113892,0
District of Columbia,0.579,2025-03-22,Adult,0.36,546404,316367.916,113892,0
District of Columbia,0.579,2025-03-29,Adult,0.36,546404,316367.916,113892,0
District of Columbia,0.601,2025-04-05,Adult,0.36,546404,328388.804,118220,4328
District of Columbia,0.603,2025-04-12,Adult,0.36,546404,329481.612,118613,393
District of Columbia,0.603,2025-04-19,Adult,0.36,546404,329481.612,118613,0
District of Columbia,0.603,2025-04-26,Adult,0.36,546404,329481.612,118613,0
District of Columbia,0.269474,2024-10-05,Pediatric,0.51,125675,33866.14495,17272,17272
District of Columbia,0.299855,2024-10-12,Pediatric,0.51,125675,37684.277125,19219,1947
District of Columbia,0.367462,2024-10-19,Pediatric,0.51,125675,46180.78685,23552,4333
District of Columbia,0.387522,2024-10-26,Pediatric,0.51,125675,48701.82735,24838,1286
District of Columbia,0.469348,2024-11-02,Pediatric,0.51,125675,58985.3099,30083,5245
District of Columbia,0.484227,2024-11-09,Pediatric,0.51,125675,60855.228225,31036,953
District of Columbia,0.488056,2024-11-16,Pediatric,0.51,125675,61336.4378,31282,246
District of Columbia,0.497023,2024-11-23,Pediatric,0.51,125675,62463.365525,31856,574
District of Columbia,0.515116,2024-11-30,Pediatric,0.51,125675,64737.2033,33016,1160
District of Columbia,0.576184,2024-12-07,Pediatric,0.51,125675,72411.9242,36930,3914
District of Columbia,0.576184,2024-12-14,Pediatric,0.51,125675,72411.9242,36930,0
District of Columbia,0.593514,2024-12-21,Pediatric,0.51,125675,74589.87195,38041,1111
District of Columbia,0.598948,2024-12-28,Pediatric,0.51,125675,75272.7899,38389,348
District of Columbia,0.623993,2025-01-04,Pediatric,0.51,125675,78420.320275,39994,1605
District of Columbia,0.623993,2025-01-11,Pediatric,0.51,125675,78420.320275,39994,0
District of Columbia,0.623993,2025-01-18,Pediatric,0.51,125675,78420.320275,39994,0
District of Columbia,0.623993,2025-01-25,Pediatric,0.51,125675,78420.320275,39994,0
District of Columbia,0.657648,2025-02-01,Pediatric,0.51,125675,82649.9124,42151,2157
District of Columbia,0.657648,2025-02-08,Pediatric,0.51,125675,82649.9124,42151,0
District of Columbia,0.659649,2025-02-15,Pediatric,0.51,125675,82901.388075,42280,129
District of Columbia,0.659649,2025-02-22,Pediatric,0.51,125675,82901.388075,42280,0
District of Columbia,0.693258,2025-03-01,Pediatric,0.51,125675,87125.19915,44434,2154
District of Columbia,0.693258,2025-03-08,Pediatric,0.51,125675,87125.19915,44434,0
District of Columbia,0.693258,2025-03-15,Pediatric,0.51,125675,87125.19915,44434,0
District of Columbia,0.693258,2025-03-22,Pediatric,0.51,125675,87125.19915,44434,0
District of Columbia,0.693258,2025-03-29,Pediatric,0.51,125675,87125.19915,44434,0
District of Columbia,0.742365,2025-04-05,Pediatric,0.51,125675,93296.721375,47581,3147
District of Columbia,0.742365,2025-04-12,Pediatric,0.51,125675,93296.721375,47581,0
District of Columbia,0.742365,2025-04-19,Pediatric,0.51,125675,93296.721375,47581,0
District of Columbia,0.742365,2025-04-26,Pediatric,0.51,125675,93296.721375,47581,0
Florida,0.009,2024-08-24,Adult,0.36,17623515,158611.635,57100,57100
Florida,0.009,2024-08-31,Adult,0.36,17623515,158611.635,57100,0
Florida,0.039,2024-09-07,Adult,0.36,17623515,687317.085,247434,190334
Florida,0.039,2024-09-14,Adult,0.36,17623515,687317.085,247434,0
Florida,0.078,2024-09-21,Adult,0.36,17623515,1374634.17,494868,247434
Florida,0.101,2024-09-28,Adult,0.36,17623515,1779975.015,640791,145923
Florida,0.144,2024-10-05,Adult,0.36,17623515,2537786.16,913603,272812
Florida,0.156,2024-10-12,Adult,0.36,17623515,2749268.34,989737,76134
Florida,0.194,2024-10-19,Adult,0.36,17623515,3418961.91,1230826,241089
Florida,0.203,2024-10-26,Adult,0.36,17623515,3577573.545,1287926,57100
Florida,0.239,2024-11-02,Adult,0.36,17623515,4212020.085,1516327,228401
Florida,0.242,2024-11-09,Adult,0.36,17623515,4264890.63,1535361,19034
Florida,0.25,2024-11-16,Adult,0.36,17623515,4405878.75,1586116,50755
Florida,0.276,2024-11-23,Adult,0.36,17623515,4864090.14,1751072,164956
Florida,0.276,2024-11-30,Adult,0.36,17623515,4864090.14,1751072,0
Florida,0.308,2024-12-07,Adult,0.36,17623515,5428042.62,1954095,203023
Florida,0.324,2024-12-14,Adult,0.36,17623515,5710018.86,2055607,101512
Florida,0.324,2024-12-21,Adult,0.36,17623515,5710018.86,2055607,0
Florida,0.324,2024-12-28,Adult,0.36,17623515,5710018.86,2055607,0
Florida,0.324,2025-01-04,Adult,0.36,17623515,5710018.86,2055607,0
Florida,0.324,2025-01-11,Adult,0.36,17623515,5710018.86,2055607,0
Florida,0.324,2025-01-18,Adult,0.36,17623515,5710018.86,2055607,0
Florida,0.324,2025-01-25,Adult,0.36,17623515,5710018.86,2055607,0
Florida,0.344,2025-02-01,Adult,0.36,17623515,6062489.16,2182496,126889
Florida,0.344,2025-02-08,Adult,0.36,17623515,6062489.16,2182496,0
Florida,0.344,2025-02-15,Adult,0.36,17623515,6062489.16,2182496,0
Florida,0.344,2025-02-22,Adult,0.36,17623515,6062489.16,2182496,0
Florida,0.355,2025-03-01,Adult,0.36,17623515,6256347.825,2252285,69789
Florida,0.357,2025-03-08,Adult,0.36,17623515,6291594.855,2264974,12689
Florida,0.357,2025-03-15,Adult,0.36,17623515,6291594.855,2264974,0
Florida,0.357,2025-03-22,Adult,0.36,17623515,6291594.855,2264974,0
Florida,0.359,2025-03-29,Adult,0.36,17623515,6326841.885,2277663,12689
Florida,0.361,2025-04-05,Adult,0.36,17623515,6362088.915,2290352,12689
Florida,0.361,2025-04-12,Adult,0.36,17623515,6362088.915,2290352,0
Florida,0.361,2025-04-19,Adult,0.36,17623515,6362088.915,2290352,0
Florida,0.361,2025-04-26,Adult,0.36,17623515,6362088.915,2290352,0
Florida,0.211017,2024-10-05,Pediatric,0.51,4305366,908505.417222,463338,463338
Florida,0.211017,2024-10-12,Pediatric,0.51,4305366,908505.417222,463338,0
Florida,0.211017,2024-10-19,Pediatric,0.51,4305366,908505.417222,463338,0
Florida,0.211017,2024-10-26,Pediatric,0.51,4305366,908505.417222,463338,0
Florida,0.265138,2024-11-02,Pediatric,0.51,4305366,1141516.130508,582173,118835
Florida,0.270956,2024-11-09,Pediatric,0.51,4305366,1166564.749896,594948,12775
Florida,0.270956,2024-11-16,Pediatric,0.51,4305366,1166564.749896,594948,0
Florida,0.278949,2024-11-23,Pediatric,0.51,4305366,1200977.540334,612499,17551
Florida,0.278949,2024-11-30,Pediatric,0.51,4305366,1200977.540334,612499,0
Florida,0.330417,2024-12-07,Pediatric,0.51,4305366,1422566.117622,725509,113010
Florida,0.330417,2024-12-14,Pediatric,0.51,4305366,1422566.117622,725509,0
Florida,0.333437,2024-12-21,Pediatric,0.51,4305366,1435568.322942,732140,6631
Florida,0.333437,2024-12-28,Pediatric,0.51,4305366,1435568.322942,732140,0
Florida,0.356475,2025-01-04,Pediatric,0.51,4305366,1534755.34485,782725,50585
Florida,0.358804,2025-01-11,Pediatric,0.51,4305366,1544782.542264,787839,5114
Florida,0.359144,2025-01-18,Pediatric,0.51,4305366,1546246.366704,788586,747
Florida,0.359144,2025-01-25,Pediatric,0.51,4305366,1546246.366704,788586,0
Florida,0.382067,2025-02-01,Pediatric,0.51,4305366,1644938.271522,838919,50333
Florida,0.382067,2025-02-08,Pediatric,0.51,4305366,1644938.271522,838919,0
Florida,0.382067,2025-02-15,Pediatric,0.51,4305366,1644938.271522,838919,0
Florida,0.382067,2025-02-22,Pediatric,0.51,4305366,1644938.271522,838919,0
Florida,0.400221,2025-03-01,Pediatric,0.51,4305366,1723097.885886,878780,39861
Florida,0.400644,2025-03-08,Pediatric,0.51,4305366,1724919.055704,879709,929
Florida,0.400644,2025-03-15,Pediatric,0.51,4305366,1724919.055704,879709,0
Florida,0.400683,2025-03-22,Pediatric,0.51,4305366,1725086.964978,879794,85
Florida,0.400683,2025-03-29,Pediatric,0.51,4305366,1725086.964978,879794,0
Florida,0.423798,2025-04-05,Pediatric,0.51,4305366,1824605.500068,930549,50755
Florida,0.423798,2025-04-12,Pediatric,0.51,4305366,1824605.500068,930549,0
Florida,0.424226,2025-04-19,Pediatric,0.51,4305366,1826448.196716,931489,940
Florida,0.424226,2025-04-26,Pediatric,0.51,4305366,1826448.196716,931489,0
Georgia,0.025,2024-08-24,Adult,0.36,8280518,207012.95,74525,74525
Georgia,0.025,2024-08-31,Adult,0.36,8280518,207012.95,74525,0
Georgia,0.054,2024-09-07,Adult,0.36,8280518,447147.972,160973,86448
Georgia,0.063,2024-09-14,Adult,0.36,8280518,521672.634,187802,26829
Georgia,0.112,2024-09-21,Adult,0.36,8280518,927418.016,333870,146068
Georgia,0.112,2024-09-28,Adult,0.36,8280518,927418.016,333870,0
Georgia,0.139,2024-10-05,Adult,0.36,8280518,1150992.002,414357,80487
Georgia,0.157,2024-10-12,Adult,0.36,8280518,1300041.326,468015,53658
Georgia,0.194,2024-10-19,Adult,0.36,8280518,1606420.492,578311,110296
Georgia,0.229,2024-10-26,Adult,0.36,8280518,1896238.622,682646,104335
Georgia,0.259,2024-11-02,Adult,0.36,8280518,2144654.162,772075,89429
Georgia,0.268,2024-11-09,Adult,0.36,8280518,2219178.824,798904,26829
Georgia,0.299,2024-11-16,Adult,0.36,8280518,2475874.882,891315,92411
Georgia,0.302,2024-11-23,Adult,0.36,8280518,2500716.436,900258,8943
Georgia,0.302,2024-11-30,Adult,0.36,8280518,2500716.436,900258,0
Georgia,0.324,2024-12-07,Adult,0.36,8280518,2682887.832,965840,65582
Georgia,0.324,2024-12-14,Adult,0.36,8280518,2682887.832,965840,0
Georgia,0.324,2024-12-21,Adult,0.36,8280518,2682887.832,965840,0
Georgia,0.331,2024-12-28,Adult,0.36,8280518,2740851.458,986707,20867
Georgia,0.35,2025-01-04,Adult,0.36,8280518,2898181.3,1043345,56638
Georgia,0.354,2025-01-11,Adult,0.36,8280518,2931303.372,1055269,11924
Georgia,0.354,2025-01-18,Adult,0.36,8280518,2931303.372,1055269,0
Georgia,0.354,2025-01-25,Adult,0.36,8280518,2931303.372,1055269,0
Georgia,0.364,2025-02-01,Adult,0.36,8280518,3014108.552,1085079,29810
Georgia,0.367,2025-02-08,Adult,0.36,8280518,3038950.106,1094022,8943
Georgia,0.368,2025-02-15,Adult,0.36,8280518,3047230.624,1097003,2981
Georgia,0.376,2025-02-22,Adult,0.36,8280518,3113474.768,1120851,23848
Georgia,0.376,2025-03-01,Adult,0.36,8280518,3113474.768,1120851,0
Georgia,0.376,2025-03-08,Adult,0.36,8280518,3113474.768,1120851,0
Georgia,0.376,2025-03-15,Adult,0.36,8280518,3113474.768,1120851,0
Georgia,0.378,2025-03-22,Adult,0.36,8280518,3130035.804,1126813,5962
Georgia,0.38,2025-03-29,Adult,0.36,8280518,3146596.84,1132775,5962
Georgia,0.386,2025-04-05,Adult,0.36,8280518,3196279.948,1150661,17886
Georgia,0.386,2025-04-12,Adult,0.36,8280518,3196279.948,1150661,0
Georgia,0.386,2025-04-19,Adult,0.36,8280518,3196279.948,1150661,0
Georgia,0.386,2025-04-26,Adult,0.36,8280518,3196279.948,1150661,0
Georgia,0.135163,2024-10-05,Pediatric,0.51,2542072,343594.077736,175233,175233
Georgia,0.141454,2024-10-12,Pediatric,0.51,2542072,359586.252688,183389,8156
Georgia,0.200724,2024-10-19,Pediatric,0.51,2542072,510254.860128,260230,76841
Georgia,0.200724,2024-10-26,Pediatric,0.51,2542072,510254.860128,260230,0
Georgia,0.265178,2024-11-02,Pediatric,0.51,2542072,674101.568816,343792,83562
Georgia,0.271294,2024-11-09,Pediatric,0.51,2542072,689648.881168,351721,7929
Georgia,0.289131,2024-11-16,Pediatric,0.51,2542072,734991.819432,374846,23125
Georgia,0.289131,2024-11-23,Pediatric,0.51,2542072,734991.819432,374846,0
Georgia,0.289131,2024-11-30,Pediatric,0.51,2542072,734991.819432,374846,0
Georgia,0.325171,2024-12-07,Pediatric,0.51,2542072,826608.094312,421570,46724
Georgia,0.327474,2024-12-14,Pediatric,0.51,2542072,832462.486128,424556,2986
Georgia,0.327597,2024-12-21,Pediatric,0.51,2542072,832775.160984,424715,159
Georgia,0.327597,2024-12-28,Pediatric,0.51,2542072,832775.160984,424715,0
Georgia,0.36148,2025-01-04,Pediatric,0.51,2542072,918908.18656,468643,43928
Georgia,0.366015,2025-01-11,Pediatric,0.51,2542072,930436.48308,474523,5880
Georgia,0.366015,2025-01-18,Pediatric,0.51,2542072,930436.48308,474523,0
Georgia,0.366015,2025-01-25,Pediatric,0.51,2542072,930436.48308,474523,0
Georgia,0.396258,2025-02-01,Pediatric,0.51,2542072,1007316.366576,513731,39208
Georgia,0.396258,2025-02-08,Pediatric,0.51,2542072,1007316.366576,513731,0
Georgia,0.396258,2025-02-15,Pediatric,0.51,2542072,1007316.366576,513731,0
Georgia,0.396258,2025-02-22,Pediatric,0.51,2542072,1007316.366576,513731,0
Georgia,0.416996,2025-03-01,Pediatric,0.51,2542072,1060033.855712,540617,26886
Georgia,0.420513,2025-03-08,Pediatric,0.51,2542072,1068974.322936,545177,4560
Georgia,0.420513,2025-03-15,Pediatric,0.51,2542072,1068974.322936,545177,0
Georgia,0.421075,2025-03-22,Pediatric,0.51,2542072,1070402.9674,545906,729
Georgia,0.421075,2025-03-29,Pediatric,0.51,2542072,1070402.9674,545906,0
Georgia,0.433923,2025-04-05,Pediatric,0.51,2542072,1103063.508456,562562,16656
Georgia,0.433923,2025-04-12,Pediatric,0.51,2542072,1103063.508456,562562,0
Georgia,0.433923,2025-04-19,Pediatric,0.51,2542072,1103063.508456,562562,0
Georgia,0.433923,2025-04-26,Pediatric,0.51,2542072,1103063.508456,562562,0
Guam,0.576131,2025-04-05,Pediatric,0.51,NA,NA,NA,NA
Guam,0.591513,2025-04-12,Pediatric,0.51,NA,NA,NA,NA
Guam,0.591513,2025-04-19,Pediatric,0.51,NA,NA,NA,NA
Guam,0.591513,2025-04-26,Pediatric,0.51,NA,NA,NA,NA
Hawaii,0.042,2024-08-24,Adult,0.36,1144163,48054.846,17300,17300
Hawaii,0.051,2024-08-31,Adult,0.36,1144163,58352.313,21007,3707
Hawaii,0.079,2024-09-07,Adult,0.36,1144163,90388.877,32540,11533
Hawaii,0.115,2024-09-14,Adult,0.36,1144163,131578.745,47368,14828
Hawaii,0.165,2024-09-21,Adult,0.36,1144163,188786.895,67963,20595
Hawaii,0.195,2024-09-28,Adult,0.36,1144163,223111.785,80320,12357
Hawaii,0.229,2024-10-05,Adult,0.36,1144163,262013.327,94325,14005
Hawaii,0.252,2024-10-12,Adult,0.36,1144163,288329.076,103798,9473
Hawaii,0.281,2024-10-19,Adult,0.36,1144163,321509.803,115744,11946
Hawaii,0.312,2024-10-26,Adult,0.36,1144163,356978.856,128512,12768
Hawaii,0.361,2024-11-02,Adult,0.36,1144163,413042.843,148695,20183
Hawaii,0.392,2024-11-09,Adult,0.36,1144163,448511.896,161464,12769
Hawaii,0.401,2024-11-16,Adult,0.36,1144163,458809.363,165171,3707
Hawaii,0.412,2024-11-23,Adult,0.36,1144163,471395.156,169702,4531
Hawaii,0.418,2024-11-30,Adult,0.36,1144163,478260.134,172174,2472
Hawaii,0.436,2024-12-07,Adult,0.36,1144163,498855.068,179588,7414
Hawaii,0.446,2024-12-14,Adult,0.36,1144163,510296.698,183707,4119
Hawaii,0.452,2024-12-21,Adult,0.36,1144163,517161.676,186178,2471
Hawaii,0.452,2024-12-28,Adult,0.36,1144163,517161.676,186178,0
Hawaii,0.478,2025-01-04,Adult,0.36,1144163,546909.914,196888,10710
Hawaii,0.484,2025-01-11,Adult,0.36,1144163,553774.892,199359,2471
Hawaii,0.485,2025-01-18,Adult,0.36,1144163,554919.055,199771,412
Hawaii,0.485,2025-01-25,Adult,0.36,1144163,554919.055,199771,0
Hawaii,0.499,2025-02-01,Adult,0.36,1144163,570937.337,205537,5766
Hawaii,0.502,2025-02-08,Adult,0.36,1144163,574369.826,206773,1236
Hawaii,0.503,2025-02-15,Adult,0.36,1144163,575513.989,207185,412
Hawaii,0.509,2025-02-22,Adult,0.36,1144163,582378.967,209656,2471
Hawaii,0.524,2025-03-01,Adult,0.36,1144163,599541.412,215835,6179
Hawaii,0.527,2025-03-08,Adult,0.36,1144163,602973.901,217071,1236
Hawaii,0.527,2025-03-15,Adult,0.36,1144163,602973.901,217071,0
Hawaii,0.527,2025-03-22,Adult,0.36,1144163,602973.901,217071,0
Hawaii,0.527,2025-03-29,Adult,0.36,1144163,602973.901,217071,0
Hawaii,0.543,2025-04-05,Adult,0.36,1144163,621280.509,223661,6590
Hawaii,0.544,2025-04-12,Adult,0.36,1144163,622424.672,224073,412
Hawaii,0.544,2025-04-19,Adult,0.36,1144163,622424.672,224073,0
Hawaii,0.544,2025-04-26,Adult,0.36,1144163,622424.672,224073,0
Hawaii,0.208924,2024-10-05,Pediatric,0.51,301472,62984.736128,32122,32122
Hawaii,0.21397,2024-10-12,Pediatric,0.51,301472,64505.96384,32898,776
Hawaii,0.22288,2024-10-19,Pediatric,0.51,301472,67192.07936,34268,1370
Hawaii,0.22288,2024-10-26,Pediatric,0.51,301472,67192.07936,34268,0
Hawaii,0.34923,2024-11-02,Pediatric,0.51,301472,105283.06656,53694,19426
Hawaii,0.361638,2024-11-09,Pediatric,0.51,301472,109023.731136,55602,1908
Hawaii,0.378292,2024-11-16,Pediatric,0.51,301472,114044.445824,58163,2561
Hawaii,0.390598,2024-11-23,Pediatric,0.51,301472,117754.360256,60055,1892
Hawaii,0.390598,2024-11-30,Pediatric,0.51,301472,117754.360256,60055,0
Hawaii,0.417657,2024-12-07,Pediatric,0.51,301472,125911.891104,64215,4160
Hawaii,0.428912,2024-12-14,Pediatric,0.51,301472,129304.958464,65946,1731
Hawaii,0.429296,2024-12-21,Pediatric,0.51,301472,129420.723712,66005,59
Hawaii,0.429296,2024-12-28,Pediatric,0.51,301472,129420.723712,66005,0
Hawaii,0.458243,2025-01-04,Pediatric,0.51,301472,138147.433696,70455,4450
Hawaii,0.463099,2025-01-11,Pediatric,0.51,301472,139611.381728,71202,747
Hawaii,0.463988,2025-01-18,Pediatric,0.51,301472,139879.390336,71338,136
Hawaii,0.463988,2025-01-25,Pediatric,0.51,301472,139879.390336,71338,0
Hawaii,0.483621,2025-02-01,Pediatric,0.51,301472,145798.190112,74357,3019
Hawaii,0.483621,2025-02-08,Pediatric,0.51,301472,145798.190112,74357,0
Hawaii,0.494321,2025-02-15,Pediatric,0.51,301472,149023.940512,76002,1645
Hawaii,0.494321,2025-02-22,Pediatric,0.51,301472,149023.940512,76002,0
Hawaii,0.496881,2025-03-01,Pediatric,0.51,301472,149795.708832,76396,394
Hawaii,0.496881,2025-03-08,Pediatric,0.51,301472,149795.708832,76396,0
Hawaii,0.496881,2025-03-15,Pediatric,0.51,301472,149795.708832,76396,0
Hawaii,0.496881,2025-03-22,Pediatric,0.51,301472,149795.708832,76396,0
Hawaii,0.496881,2025-03-29,Pediatric,0.51,301472,149795.708832,76396,0
Hawaii,0.496881,2025-04-05,Pediatric,0.51,301472,149795.708832,76396,0
Hawaii,0.496881,2025-04-12,Pediatric,0.51,301472,149795.708832,76396,0
Hawaii,0.496881,2025-04-19,Pediatric,0.51,301472,149795.708832,76396,0
Hawaii,0.496881,2025-04-26,Pediatric,0.51,301472,149795.708832,76396,0
Idaho,0.022,2024-08-24,Adult,0.36,1430129,31462.838,11327,11327
Idaho,0.022,2024-08-31,Adult,0.36,1430129,31462.838,11327,0
Idaho,0.022,2024-09-07,Adult,0.36,1430129,31462.838,11327,0
Idaho,0.04,2024-09-14,Adult,0.36,1430129,57205.16,20594,9267
Idaho,0.053,2024-09-21,Adult,0.36,1430129,75796.837,27287,6693
Idaho,0.071,2024-09-28,Adult,0.36,1430129,101539.159,36554,9267
Idaho,0.121,2024-10-05,Adult,0.36,1430129,173045.609,62296,25742
Idaho,0.16,2024-10-12,Adult,0.36,1430129,228820.64,82375,20079
Idaho,0.166,2024-10-19,Adult,0.36,1430129,237401.414,85465,3090
Idaho,0.166,2024-10-26,Adult,0.36,1430129,237401.414,85465,0
Idaho,0.256,2024-11-02,Adult,0.36,1430129,366113.024,131801,46336
Idaho,0.256,2024-11-09,Adult,0.36,1430129,366113.024,131801,0
Idaho,0.257,2024-11-16,Adult,0.36,1430129,367543.153,132316,515
Idaho,0.277,2024-11-23,Adult,0.36,1430129,396145.733,142612,10296
Idaho,0.277,2024-11-30,Adult,0.36,1430129,396145.733,142612,0
Idaho,0.321,2024-12-07,Adult,0.36,1430129,459071.409,165266,22654
Idaho,0.321,2024-12-14,Adult,0.36,1430129,459071.409,165266,0
Idaho,0.329,2024-12-21,Adult,0.36,1430129,470512.441,169384,4118
Idaho,0.329,2024-12-28,Adult,0.36,1430129,470512.441,169384,0
Idaho,0.342,2025-01-04,Adult,0.36,1430129,489104.118,176077,6693
Idaho,0.346,2025-01-11,Adult,0.36,1430129,494824.634,178137,2060
Idaho,0.354,2025-01-18,Adult,0.36,1430129,506265.666,182256,4119
Idaho,0.354,2025-01-25,Adult,0.36,1430129,506265.666,182256,0
Idaho,0.362,2025-02-01,Adult,0.36,1430129,517706.698,186374,4118
Idaho,0.362,2025-02-08,Adult,0.36,1430129,517706.698,186374,0
Idaho,0.363,2025-02-15,Adult,0.36,1430129,519136.827,186889,515
Idaho,0.366,2025-02-22,Adult,0.36,1430129,523427.214,188434,1545
Idaho,0.372,2025-03-01,Adult,0.36,1430129,532007.988,191523,3089
Idaho,0.372,2025-03-08,Adult,0.36,1430129,532007.988,191523,0
Idaho,0.372,2025-03-15,Adult,0.36,1430129,532007.988,191523,0
Idaho,0.372,2025-03-22,Adult,0.36,1430129,532007.988,191523,0
Idaho,0.372,2025-03-29,Adult,0.36,1430129,532007.988,191523,0
Idaho,0.38,2025-04-05,Adult,0.36,1430129,543449.02,195642,4119
Idaho,0.38,2025-04-12,Adult,0.36,1430129,543449.02,195642,0
Idaho,0.383,2025-04-19,Adult,0.36,1430129,547739.407,197186,1544
Idaho,0.383,2025-04-26,Adult,0.36,1430129,547739.407,197186,0
Idaho,0.103119,2024-10-05,Pediatric,0.51,463167,47761.317873,24358,24358
Idaho,0.127166,2024-10-12,Pediatric,0.51,463167,58899.094722,30039,5681
Idaho,0.156619,2024-10-19,Pediatric,0.51,463167,72540.752373,36996,6957
Idaho,0.156619,2024-10-26,Pediatric,0.51,463167,72540.752373,36996,0
Idaho,0.249138,2024-11-02,Pediatric,0.51,463167,115392.500046,58850,21854
Idaho,0.249138,2024-11-09,Pediatric,0.51,463167,115392.500046,58850,0
Idaho,0.256025,2024-11-16,Pediatric,0.51,463167,118582.331175,60477,1627
Idaho,0.256505,2024-11-23,Pediatric,0.51,463167,118804.651335,60590,113
Idaho,0.256505,2024-11-30,Pediatric,0.51,463167,118804.651335,60590,0
Idaho,0.354227,2024-12-07,Pediatric,0.51,463167,164066.256909,83674,23084
Idaho,0.359325,2024-12-14,Pediatric,0.51,463167,166427.482275,84878,1204
Idaho,0.35946,2024-12-21,Pediatric,0.51,463167,166490.00982,84910,32
Idaho,0.35946,2024-12-28,Pediatric,0.51,463167,166490.00982,84910,0
Idaho,0.382172,2025-01-04,Pediatric,0.51,463167,177009.458724,90275,5365
Idaho,0.382172,2025-01-11,Pediatric,0.51,463167,177009.458724,90275,0
Idaho,0.382172,2025-01-18,Pediatric,0.51,463167,177009.458724,90275,0
Idaho,0.382172,2025-01-25,Pediatric,0.51,463167,177009.458724,90275,0
Idaho,0.38663,2025-02-01,Pediatric,0.51,463167,179074.25721,91328,1053
Idaho,0.38663,2025-02-08,Pediatric,0.51,463167,179074.25721,91328,0
Idaho,0.38663,2025-02-15,Pediatric,0.51,463167,179074.25721,91328,0
Idaho,0.38663,2025-02-22,Pediatric,0.51,463167,179074.25721,91328,0
Idaho,0.396727,2025-03-01,Pediatric,0.51,463167,183750.854409,93713,2385
Idaho,0.396727,2025-03-08,Pediatric,0.51,463167,183750.854409,93713,0
Idaho,0.396727,2025-03-15,Pediatric,0.51,463167,183750.854409,93713,0
Idaho,0.396727,2025-03-22,Pediatric,0.51,463167,183750.854409,93713,0
Idaho,0.396727,2025-03-29,Pediatric,0.51,463167,183750.854409,93713,0
Idaho,0.397201,2025-04-05,Pediatric,0.51,463167,183970.395567,93825,112
Idaho,0.397201,2025-04-12,Pediatric,0.51,463167,183970.395567,93825,0
Idaho,0.397739,2025-04-19,Pediatric,0.51,463167,184219.579413,93952,127
Idaho,0.397739,2025-04-26,Pediatric,0.51,463167,184219.579413,93952,0
Illinois,0.019,2024-08-24,Adult,0.36,9883774,187791.706,67605,67605
Illinois,0.02,2024-08-31,Adult,0.36,9883774,197675.48,71163,3558
Illinois,0.039,2024-09-07,Adult,0.36,9883774,385467.186,138768,67605
Illinois,0.058,2024-09-14,Adult,0.36,9883774,573258.892,206373,67605
Illinois,0.085,2024-09-21,Adult,0.36,9883774,840120.79,302443,96070
Illinois,0.124,2024-09-28,Adult,0.36,9883774,1225587.976,441212,138769
Illinois,0.164,2024-10-05,Adult,0.36,9883774,1620938.936,583538,142326
Illinois,0.202,2024-10-12,Adult,0.36,9883774,1996522.348,718748,135210
Illinois,0.245,2024-10-19,Adult,0.36,9883774,2421524.63,871749,153001
Illinois,0.276,2024-10-26,Adult,0.36,9883774,2727921.624,982052,110303
Illinois,0.331,2024-11-02,Adult,0.36,9883774,3271529.194,1177751,195699
Illinois,0.343,2024-11-09,Adult,0.36,9883774,3390134.482,1220448,42697
Illinois,0.356,2024-11-16,Adult,0.36,9883774,3518623.544,1266704,46256
Illinois,0.366,2024-11-23,Adult,0.36,9883774,3617461.284,1302286,35582
Illinois,0.391,2024-11-30,Adult,0.36,9883774,3864555.634,1391240,88954
Illinois,0.416,2024-12-07,Adult,0.36,9883774,4111649.984,1480194,88954
Illinois,0.418,2024-12-14,Adult,0.36,9883774,4131417.532,1487310,7116
Illinois,0.422,2024-12-21,Adult,0.36,9883774,4170952.628,1501543,14233
Illinois,0.448,2024-12-28,Adult,0.36,9883774,4427930.752,1594055,92512
Illinois,0.448,2025-01-04,Adult,0.36,9883774,4427930.752,1594055,0
Illinois,0.453,2025-01-11,Adult,0.36,9883774,4477349.622,1611846,17791
Illinois,0.455,2025-01-18,Adult,0.36,9883774,4497117.17,1618962,7116
Illinois,0.455,2025-01-25,Adult,0.36,9883774,4497117.17,1618962,0
Illinois,0.471,2025-02-01,Adult,0.36,9883774,4655257.554,1675893,56931
Illinois,0.471,2025-02-08,Adult,0.36,9883774,4655257.554,1675893,0
Illinois,0.474,2025-02-15,Adult,0.36,9883774,4684908.876,1686567,10674
Illinois,0.478,2025-02-22,Adult,0.36,9883774,4724443.972,1700800,14233
Illinois,0.484,2025-03-01,Adult,0.36,9883774,4783746.616,1722149,21349
Illinois,0.485,2025-03-08,Adult,0.36,9883774,4793630.39,1725707,3558
Illinois,0.487,2025-03-15,Adult,0.36,9883774,4813397.938,1732823,7116
Illinois,0.488,2025-03-22,Adult,0.36,9883774,4823281.712,1736381,3558
Illinois,0.488,2025-03-29,Adult,0.36,9883774,4823281.712,1736381,0
Illinois,0.5,2025-04-05,Adult,0.36,9883774,4941887,1779079,42698
Illinois,0.5,2025-04-12,Adult,0.36,9883774,4941887,1779079,0
Illinois,0.5,2025-04-19,Adult,0.36,9883774,4941887,1779079,0
Illinois,0.508,2025-04-26,Adult,0.36,9883774,5020957.192,1807545,28466
Illinois,0.190694,2024-10-05,Pediatric,0.51,2808879,535636.372026,273175,273175
Illinois,0.220906,2024-10-12,Pediatric,0.51,2808879,620498.224374,316454,43279
Illinois,0.260828,2024-10-19,Pediatric,0.51,2808879,732634.291812,373643,57189
Illinois,0.267358,2024-10-26,Pediatric,0.51,2808879,750976.271682,382998,9355
Illinois,0.332309,2024-11-02,Pediatric,0.51,2808879,933415.771611,476042,93044
Illinois,0.336752,2024-11-09,Pediatric,0.51,2808879,945895.621008,482407,6365
Illinois,0.337798,2024-11-16,Pediatric,0.51,2808879,948833.708442,483905,1498
Illinois,0.343165,2024-11-23,Pediatric,0.51,2808879,963908.962035,491594,7689
Illinois,0.381807,2024-11-30,Pediatric,0.51,2808879,1072449.664353,546949,55355
Illinois,0.423193,2024-12-07,Pediatric,0.51,2808879,1188697.930647,606236,59287
Illinois,0.425116,2024-12-14,Pediatric,0.51,2808879,1194099.404964,608991,2755
Illinois,0.427714,2024-12-21,Pediatric,0.51,2808879,1201396.872606,612712,3721
Illinois,0.437381,2024-12-28,Pediatric,0.51,2808879,1228550.305899,626561,13849
Illinois,0.454298,2025-01-04,Pediatric,0.51,2808879,1276068.111942,650795,24234
Illinois,0.454373,2025-01-11,Pediatric,0.51,2808879,1276278.777867,650902,107
Illinois,0.473618,2025-01-18,Pediatric,0.51,2808879,1330335.654222,678471,27569
Illinois,0.473618,2025-01-25,Pediatric,0.51,2808879,1330335.654222,678471,0
Illinois,0.473618,2025-02-01,Pediatric,0.51,2808879,1330335.654222,678471,0
Illinois,0.476788,2025-02-08,Pediatric,0.51,2808879,1339239.800652,683012,4541
Illinois,0.476788,2025-02-15,Pediatric,0.51,2808879,1339239.800652,683012,0
Illinois,0.476788,2025-02-22,Pediatric,0.51,2808879,1339239.800652,683012,0
Illinois,0.486314,2025-03-01,Pediatric,0.51,2808879,1365997.182006,696659,13647
Illinois,0.48829,2025-03-08,Pediatric,0.51,2808879,1371547.52691,699489,2830
Illinois,0.489391,2025-03-15,Pediatric,0.51,2808879,1374640.102689,701066,1577
Illinois,0.489391,2025-03-22,Pediatric,0.51,2808879,1374640.102689,701066,0
Illinois,0.489391,2025-03-29,Pediatric,0.51,2808879,1374640.102689,701066,0
Illinois,0.497588,2025-04-05,Pediatric,0.51,2808879,1397664.483852,712809,11743
Illinois,0.498321,2025-04-12,Pediatric,0.51,2808879,1399723.392159,713859,1050
Illinois,0.498392,2025-04-19,Pediatric,0.51,2808879,1399922.822568,713961,102
Illinois,0.49929,2025-04-26,Pediatric,0.51,2808879,1402445.19591,715247,1286
Indiana,0.023,2024-08-24,Adult,0.36,5215681,119960.663,43186,43186
Indiana,0.029,2024-08-31,Adult,0.36,5215681,151254.749,54452,11266
Indiana,0.032,2024-09-07,Adult,0.36,5215681,166901.792,60085,5633
Indiana,0.044,2024-09-14,Adult,0.36,5215681,229489.964,82616,22531
Indiana,0.055,2024-09-21,Adult,0.36,5215681,286862.455,103270,20654
Indiana,0.062,2024-09-28,Adult,0.36,5215681,323372.222,116414,13144
Indiana,0.167,2024-10-05,Adult,0.36,5215681,871018.727,313567,197153
Indiana,0.193,2024-10-12,Adult,0.36,5215681,1006626.433,362386,48819
Indiana,0.241,2024-10-19,Adult,0.36,5215681,1256979.121,452512,90126
Indiana,0.307,2024-10-26,Adult,0.36,5215681,1601214.067,576437,123925
Indiana,0.307,2024-11-02,Adult,0.36,5215681,1601214.067,576437,0
Indiana,0.322,2024-11-09,Adult,0.36,5215681,1679449.282,604602,28165
Indiana,0.328,2024-11-16,Adult,0.36,5215681,1710743.368,615868,11266
Indiana,0.341,2024-11-23,Adult,0.36,5215681,1778547.221,640277,24409
Indiana,0.345,2024-11-30,Adult,0.36,5215681,1799409.945,647788,7511
Indiana,0.388,2024-12-07,Adult,0.36,5215681,2023684.228,728526,80738
Indiana,0.401,2024-12-14,Adult,0.36,5215681,2091488.081,752936,24410
Indiana,0.41,2024-12-21,Adult,0.36,5215681,2138429.21,769835,16899
Indiana,0.41,2024-12-28,Adult,0.36,5215681,2138429.21,769835,0
Indiana,0.41,2025-01-04,Adult,0.36,5215681,2138429.21,769835,0
Indiana,0.412,2025-01-11,Adult,0.36,5215681,2148860.572,773590,3755
Indiana,0.412,2025-01-18,Adult,0.36,5215681,2148860.572,773590,0
Indiana,0.412,2025-01-25,Adult,0.36,5215681,2148860.572,773590,0
Indiana,0.425,2025-02-01,Adult,0.36,5215681,2216664.425,797999,24409
Indiana,0.434,2025-02-08,Adult,0.36,5215681,2263605.554,814898,16899
Indiana,0.434,2025-02-15,Adult,0.36,5215681,2263605.554,814898,0
Indiana,0.434,2025-02-22,Adult,0.36,5215681,2263605.554,814898,0
Indiana,0.434,2025-03-01,Adult,0.36,5215681,2263605.554,814898,0
Indiana,0.435,2025-03-08,Adult,0.36,5215681,2268821.235,816776,1878
Indiana,0.435,2025-03-15,Adult,0.36,5215681,2268821.235,816776,0
Indiana,0.435,2025-03-22,Adult,0.36,5215681,2268821.235,816776,0
Indiana,0.435,2025-03-29,Adult,0.36,5215681,2268821.235,816776,0
Indiana,0.443,2025-04-05,Adult,0.36,5215681,2310546.683,831797,15021
Indiana,0.443,2025-04-12,Adult,0.36,5215681,2310546.683,831797,0
Indiana,0.443,2025-04-19,Adult,0.36,5215681,2310546.683,831797,0
Indiana,0.45,2025-04-26,Adult,0.36,5215681,2347056.45,844940,13143
Indiana,0.149254,2024-10-05,Pediatric,0.51,1596071,238219.981034,121492,121492
Indiana,0.149254,2024-10-12,Pediatric,0.51,1596071,238219.981034,121492,0
Indiana,0.159475,2024-10-19,Pediatric,0.51,1596071,254533.422725,129812,8320
Indiana,0.169109,2024-10-26,Pediatric,0.51,1596071,269909.970739,137654,7842
Indiana,0.273067,2024-11-02,Pediatric,0.51,1596071,435834.319757,222276,84622
Indiana,0.273067,2024-11-09,Pediatric,0.51,1596071,435834.319757,222276,0
Indiana,0.273607,2024-11-16,Pediatric,0.51,1596071,436696.198097,222715,439
Indiana,0.274115,2024-11-23,Pediatric,0.51,1596071,437507.002165,223129,414
Indiana,0.286431,2024-11-30,Pediatric,0.51,1596071,457164.212601,233154,10025
Indiana,0.341724,2024-12-07,Pediatric,0.51,1596071,545415.766404,278162,45008
Indiana,0.34467,2024-12-14,Pediatric,0.51,1596071,550117.79157,280560,2398
Indiana,0.345276,2024-12-21,Pediatric,0.51,1596071,551085.010596,281053,493
Indiana,0.345276,2024-12-28,Pediatric,0.51,1596071,551085.010596,281053,0
Indiana,0.36382,2025-01-04,Pediatric,0.51,1596071,580682.55122,296148,15095
Indiana,0.36382,2025-01-11,Pediatric,0.51,1596071,580682.55122,296148,0
Indiana,0.368545,2025-01-18,Pediatric,0.51,1596071,588223.986695,299994,3846
Indiana,0.368545,2025-01-25,Pediatric,0.51,1596071,588223.986695,299994,0
Indiana,0.385701,2025-02-01,Pediatric,0.51,1596071,615606.180771,313959,13965
Indiana,0.387348,2025-02-08,Pediatric,0.51,1596071,618234.909708,315300,1341
Indiana,0.387348,2025-02-15,Pediatric,0.51,1596071,618234.909708,315300,0
Indiana,0.399798,2025-02-22,Pediatric,0.51,1596071,638105.993658,325434,10134
Indiana,0.399798,2025-03-01,Pediatric,0.51,1596071,638105.993658,325434,0
Indiana,0.399798,2025-03-08,Pediatric,0.51,1596071,638105.993658,325434,0
Indiana,0.399798,2025-03-15,Pediatric,0.51,1596071,638105.993658,325434,0
Indiana,0.399798,2025-03-22,Pediatric,0.51,1596071,638105.993658,325434,0
Indiana,0.399798,2025-03-29,Pediatric,0.51,1596071,638105.993658,325434,0
Indiana,0.40329,2025-04-05,Pediatric,0.51,1596071,643679.47359,328277,2843
Indiana,0.40329,2025-04-12,Pediatric,0.51,1596071,643679.47359,328277,0
Indiana,0.40329,2025-04-19,Pediatric,0.51,1596071,643679.47359,328277,0
Indiana,0.40329,2025-04-26,Pediatric,0.51,1596071,643679.47359,328277,0
Iowa,0.013,2024-08-24,Adult,0.36,2459358,31971.654,11510,11510
Iowa,0.013,2024-08-31,Adult,0.36,2459358,31971.654,11510,0
Iowa,0.03,2024-09-07,Adult,0.36,2459358,73780.74,26561,15051
Iowa,0.066,2024-09-14,Adult,0.36,2459358,162317.628,58434,31873
Iowa,0.109,2024-09-21,Adult,0.36,2459358,268070.022,96505,38071
Iowa,0.126,2024-09-28,Adult,0.36,2459358,309879.108,111556,15051
Iowa,0.18,2024-10-05,Adult,0.36,2459358,442684.44,159366,47810
Iowa,0.202,2024-10-12,Adult,0.36,2459358,496790.316,178845,19479
Iowa,0.206,2024-10-19,Adult,0.36,2459358,506627.748,182386,3541
Iowa,0.215,2024-10-26,Adult,0.36,2459358,528761.97,190354,7968
Iowa,0.347,2024-11-02,Adult,0.36,2459358,853397.226,307223,116869
Iowa,0.358,2024-11-09,Adult,0.36,2459358,880450.164,316962,9739
Iowa,0.369,2024-11-16,Adult,0.36,2459358,907503.102,326701,9739
Iowa,0.371,2024-11-23,Adult,0.36,2459358,912421.818,328472,1771
Iowa,0.371,2024-11-30,Adult,0.36,2459358,912421.818,328472,0
Iowa,0.432,2024-12-07,Adult,0.36,2459358,1062442.656,382479,54007
Iowa,0.432,2024-12-14,Adult,0.36,2459358,1062442.656,382479,0
Iowa,0.437,2024-12-21,Adult,0.36,2459358,1074739.446,386906,4427
Iowa,0.437,2024-12-28,Adult,0.36,2459358,1074739.446,386906,0
Iowa,0.452,2025-01-04,Adult,0.36,2459358,1111629.816,400187,13281
Iowa,0.452,2025-01-11,Adult,0.36,2459358,1111629.816,400187,0
Iowa,0.453,2025-01-18,Adult,0.36,2459358,1114089.174,401072,885
Iowa,0.453,2025-01-25,Adult,0.36,2459358,1114089.174,401072,0
Iowa,0.469,2025-02-01,Adult,0.36,2459358,1153438.902,415238,14166
Iowa,0.47,2025-02-08,Adult,0.36,2459358,1155898.26,416123,885
Iowa,0.47,2025-02-15,Adult,0.36,2459358,1155898.26,416123,0
Iowa,0.474,2025-02-22,Adult,0.36,2459358,1165735.692,419665,3542
Iowa,0.484,2025-03-01,Adult,0.36,2459358,1190329.272,428519,8854
Iowa,0.484,2025-03-08,Adult,0.36,2459358,1190329.272,428519,0
Iowa,0.487,2025-03-15,Adult,0.36,2459358,1197707.346,431175,2656
Iowa,0.487,2025-03-22,Adult,0.36,2459358,1197707.346,431175,0
Iowa,0.487,2025-03-29,Adult,0.36,2459358,1197707.346,431175,0
Iowa,0.497,2025-04-05,Adult,0.36,2459358,1222300.926,440028,8853
Iowa,0.497,2025-04-12,Adult,0.36,2459358,1222300.926,440028,0
Iowa,0.499,2025-04-19,Adult,0.36,2459358,1227219.642,441799,1771
Iowa,0.499,2025-04-26,Adult,0.36,2459358,1227219.642,441799,0
Iowa,0.109855,2024-10-05,Pediatric,0.51,736579,80916.886045,41268,41268
Iowa,0.109855,2024-10-12,Pediatric,0.51,736579,80916.886045,41268,0
Iowa,0.109979,2024-10-19,Pediatric,0.51,736579,81008.221841,41314,46
Iowa,0.120528,2024-10-26,Pediatric,0.51,736579,88778.393712,45277,3963
Iowa,0.295411,2024-11-02,Pediatric,0.51,736579,217593.538969,110973,65696
Iowa,0.295411,2024-11-09,Pediatric,0.51,736579,217593.538969,110973,0
Iowa,0.295411,2024-11-16,Pediatric,0.51,736579,217593.538969,110973,0
Iowa,0.329732,2024-11-23,Pediatric,0.51,736579,242873.666828,123866,12893
Iowa,0.411788,2024-11-30,Pediatric,0.51,736579,303314.393252,154690,30824
Iowa,0.411788,2024-12-07,Pediatric,0.51,736579,303314.393252,154690,0
Iowa,0.419965,2024-12-14,Pediatric,0.51,736579,309337.399735,157762,3072
Iowa,0.420336,2024-12-21,Pediatric,0.51,736579,309610.670544,157901,139
Iowa,0.437532,2024-12-28,Pediatric,0.51,736579,322276.883028,164361,6460
Iowa,0.454728,2025-01-04,Pediatric,0.51,736579,334943.095512,170821,6460
Iowa,0.454728,2025-01-11,Pediatric,0.51,736579,334943.095512,170821,0
Iowa,0.460784,2025-01-18,Pediatric,0.51,736579,339403.817936,173096,2275
Iowa,0.460784,2025-01-25,Pediatric,0.51,736579,339403.817936,173096,0
Iowa,0.476133,2025-02-01,Pediatric,0.51,736579,350709.569007,178862,5766
Iowa,0.476133,2025-02-08,Pediatric,0.51,736579,350709.569007,178862,0
Iowa,0.476133,2025-02-15,Pediatric,0.51,736579,350709.569007,178862,0
Iowa,0.476133,2025-02-22,Pediatric,0.51,736579,350709.569007,178862,0
Iowa,0.489853,2025-03-01,Pediatric,0.51,736579,360815.432887,184016,5154
Iowa,0.489853,2025-03-08,Pediatric,0.51,736579,360815.432887,184016,0
Iowa,0.489853,2025-03-15,Pediatric,0.51,736579,360815.432887,184016,0
Iowa,0.489853,2025-03-22,Pediatric,0.51,736579,360815.432887,184016,0
Iowa,0.489853,2025-03-29,Pediatric,0.51,736579,360815.432887,184016,0
Iowa,0.489853,2025-04-05,Pediatric,0.51,736579,360815.432887,184016,0
Iowa,0.489853,2025-04-12,Pediatric,0.51,736579,360815.432887,184016,0
Iowa,0.489853,2025-04-19,Pediatric,0.51,736579,360815.432887,184016,0
Iowa,0.489853,2025-04-26,Pediatric,0.51,736579,360815.432887,184016,0
Kansas,0.023,2024-08-24,Adult,0.36,2232748,51353.204,18487,18487
Kansas,0.027,2024-08-31,Adult,0.36,2232748,60284.196,21702,3215
Kansas,0.029,2024-09-07,Adult,0.36,2232748,64749.692,23310,1608
Kansas,0.038,2024-09-14,Adult,0.36,2232748,84844.424,30544,7234
Kansas,0.064,2024-09-21,Adult,0.36,2232748,142895.872,51443,20899
Kansas,0.066,2024-09-28,Adult,0.36,2232748,147361.368,53050,1607
Kansas,0.155,2024-10-05,Adult,0.36,2232748,346075.94,124587,71537
Kansas,0.197,2024-10-12,Adult,0.36,2232748,439851.356,158346,33759
Kansas,0.244,2024-10-19,Adult,0.36,2232748,544790.512,196125,37779
Kansas,0.288,2024-10-26,Adult,0.36,2232748,643031.424,231491,35366
Kansas,0.332,2024-11-02,Adult,0.36,2232748,741272.336,266858,35367
Kansas,0.348,2024-11-09,Adult,0.36,2232748,776996.304,279719,12861
Kansas,0.36,2024-11-16,Adult,0.36,2232748,803789.28,289364,9645
Kansas,0.363,2024-11-23,Adult,0.36,2232748,810487.524,291776,2412
Kansas,0.371,2024-11-30,Adult,0.36,2232748,828349.508,298206,6430
Kansas,0.406,2024-12-07,Adult,0.36,2232748,906495.688,326338,28132
Kansas,0.423,2024-12-14,Adult,0.36,2232748,944452.404,340003,13665
Kansas,0.431,2024-12-21,Adult,0.36,2232748,962314.388,346433,6430
Kansas,0.431,2024-12-28,Adult,0.36,2232748,962314.388,346433,0
Kansas,0.436,2025-01-04,Adult,0.36,2232748,973478.128,350452,4019
Kansas,0.436,2025-01-11,Adult,0.36,2232748,973478.128,350452,0
Kansas,0.438,2025-01-18,Adult,0.36,2232748,977943.624,352060,1608
Kansas,0.438,2025-01-25,Adult,0.36,2232748,977943.624,352060,0
Kansas,0.445,2025-02-01,Adult,0.36,2232748,993572.86,357686,5626
Kansas,0.445,2025-02-08,Adult,0.36,2232748,993572.86,357686,0
Kansas,0.445,2025-02-15,Adult,0.36,2232748,993572.86,357686,0
Kansas,0.445,2025-02-22,Adult,0.36,2232748,993572.86,357686,0
Kansas,0.463,2025-03-01,Adult,0.36,2232748,1033762.324,372154,14468
Kansas,0.463,2025-03-08,Adult,0.36,2232748,1033762.324,372154,0
Kansas,0.463,2025-03-15,Adult,0.36,2232748,1033762.324,372154,0
Kansas,0.463,2025-03-22,Adult,0.36,2232748,1033762.324,372154,0
Kansas,0.463,2025-03-29,Adult,0.36,2232748,1033762.324,372154,0
Kansas,0.464,2025-04-05,Adult,0.36,2232748,1035995.072,372958,804
Kansas,0.464,2025-04-12,Adult,0.36,2232748,1035995.072,372958,0
Kansas,0.464,2025-04-19,Adult,0.36,2232748,1035995.072,372958,0
Kansas,0.464,2025-04-26,Adult,0.36,2232748,1035995.072,372958,0
Kansas,0.171549,2024-10-05,Pediatric,0.51,704821,120911.337729,61665,61665
Kansas,0.182706,2024-10-12,Pediatric,0.51,704821,128775.025626,65675,4010
Kansas,0.195563,2024-10-19,Pediatric,0.51,704821,137836.909223,70297,4622
Kansas,0.195563,2024-10-26,Pediatric,0.51,704821,137836.909223,70297,0
Kansas,0.319443,2024-11-02,Pediatric,0.51,704821,225150.134703,114827,44530
Kansas,0.334037,2024-11-09,Pediatric,0.51,704821,235436.292377,120073,5246
Kansas,0.334037,2024-11-16,Pediatric,0.51,704821,235436.292377,120073,0
Kansas,0.334037,2024-11-23,Pediatric,0.51,704821,235436.292377,120073,0
Kansas,0.334037,2024-11-30,Pediatric,0.51,704821,235436.292377,120073,0
Kansas,0.392457,2024-12-07,Pediatric,0.51,704821,276611.935197,141072,20999
Kansas,0.398382,2024-12-14,Pediatric,0.51,704821,280787.999622,143202,2130
Kansas,0.399461,2024-12-21,Pediatric,0.51,704821,281548.501481,143590,388
Kansas,0.399461,2024-12-28,Pediatric,0.51,704821,281548.501481,143590,0
Kansas,0.426506,2025-01-04,Pediatric,0.51,704821,300610.385426,153311,9721
Kansas,0.426506,2025-01-11,Pediatric,0.51,704821,300610.385426,153311,0
Kansas,0.426506,2025-01-18,Pediatric,0.51,704821,300610.385426,153311,0
Kansas,0.426506,2025-01-25,Pediatric,0.51,704821,300610.385426,153311,0
Kansas,0.444473,2025-02-01,Pediatric,0.51,704821,313273.904333,159770,6459
Kansas,0.444473,2025-02-08,Pediatric,0.51,704821,313273.904333,159770,0
Kansas,0.444473,2025-02-15,Pediatric,0.51,704821,313273.904333,159770,0
Kansas,0.444473,2025-02-22,Pediatric,0.51,704821,313273.904333,159770,0
Kansas,0.453862,2025-03-01,Pediatric,0.51,704821,319891.468702,163145,3375
Kansas,0.453862,2025-03-08,Pediatric,0.51,704821,319891.468702,163145,0
Kansas,0.453862,2025-03-15,Pediatric,0.51,704821,319891.468702,163145,0
Kansas,0.453862,2025-03-22,Pediatric,0.51,704821,319891.468702,163145,0
Kansas,0.453862,2025-03-29,Pediatric,0.51,704821,319891.468702,163145,0
Kansas,0.453862,2025-04-05,Pediatric,0.51,704821,319891.468702,163145,0
Kansas,0.453862,2025-04-12,Pediatric,0.51,704821,319891.468702,163145,0
Kansas,0.453862,2025-04-19,Pediatric,0.51,704821,319891.468702,163145,0
Kansas,0.453862,2025-04-26,Pediatric,0.51,704821,319891.468702,163145,0
Kentucky,0.035,2024-08-24,Adult,0.36,3487979,122079.265,43949,43949
Kentucky,0.04,2024-08-31,Adult,0.36,3487979,139519.16,50227,6278
Kentucky,0.046,2024-09-07,Adult,0.36,3487979,160447.034,57761,7534
Kentucky,0.074,2024-09-14,Adult,0.36,3487979,258110.446,92920,35159
Kentucky,0.097,2024-09-21,Adult,0.36,3487979,338333.963,121800,28880
Kentucky,0.104,2024-09-28,Adult,0.36,3487979,362749.816,130590,8790
Kentucky,0.111,2024-10-05,Adult,0.36,3487979,387165.669,139380,8790
Kentucky,0.135,2024-10-12,Adult,0.36,3487979,470877.165,169516,30136
Kentucky,0.149,2024-10-19,Adult,0.36,3487979,519708.871,187095,17579
Kentucky,0.212,2024-10-26,Adult,0.36,3487979,739451.548,266203,79108
Kentucky,0.303,2024-11-02,Adult,0.36,3487979,1056857.637,380469,114266
Kentucky,0.312,2024-11-09,Adult,0.36,3487979,1088249.448,391770,11301
Kentucky,0.319,2024-11-16,Adult,0.36,3487979,1112665.301,400560,8790
Kentucky,0.33,2024-11-23,Adult,0.36,3487979,1151033.07,414372,13812
Kentucky,0.33,2024-11-30,Adult,0.36,3487979,1151033.07,414372,0
Kentucky,0.371,2024-12-07,Adult,0.36,3487979,1294040.209,465854,51482
Kentucky,0.375,2024-12-14,Adult,0.36,3487979,1307992.125,470877,5023
Kentucky,0.376,2024-12-21,Adult,0.36,3487979,1311480.104,472133,1256
Kentucky,0.376,2024-12-28,Adult,0.36,3487979,1311480.104,472133,0
Kentucky,0.393,2025-01-04,Adult,0.36,3487979,1370775.747,493479,21346
Kentucky,0.393,2025-01-11,Adult,0.36,3487979,1370775.747,493479,0
Kentucky,0.393,2025-01-18,Adult,0.36,3487979,1370775.747,493479,0
Kentucky,0.393,2025-01-25,Adult,0.36,3487979,1370775.747,493479,0
Kentucky,0.419,2025-02-01,Adult,0.36,3487979,1461463.201,526127,32648
Kentucky,0.419,2025-02-08,Adult,0.36,3487979,1461463.201,526127,0
Kentucky,0.426,2025-02-15,Adult,0.36,3487979,1485879.054,534916,8789
Kentucky,0.426,2025-02-22,Adult,0.36,3487979,1485879.054,534916,0
Kentucky,0.441,2025-03-01,Adult,0.36,3487979,1538198.739,553752,18836
Kentucky,0.441,2025-03-08,Adult,0.36,3487979,1538198.739,553752,0
Kentucky,0.441,2025-03-15,Adult,0.36,3487979,1538198.739,553752,0
Kentucky,0.447,2025-03-22,Adult,0.36,3487979,1559126.613,561286,7534
Kentucky,0.447,2025-03-29,Adult,0.36,3487979,1559126.613,561286,0
Kentucky,0.447,2025-04-05,Adult,0.36,3487979,1559126.613,561286,0
Kentucky,0.447,2025-04-12,Adult,0.36,3487979,1559126.613,561286,0
Kentucky,0.447,2025-04-19,Adult,0.36,3487979,1559126.613,561286,0
Kentucky,0.447,2025-04-26,Adult,0.36,3487979,1559126.613,561286,0
Kentucky,0.136599,2024-10-05,Pediatric,0.51,1022746,139706.080854,71250,71250
Kentucky,0.163362,2024-10-12,Pediatric,0.51,1022746,167077.832052,85210,13960
Kentucky,0.163362,2024-10-19,Pediatric,0.51,1022746,167077.832052,85210,0
Kentucky,0.27689,2024-10-26,Pediatric,0.51,1022746,283188.13994,144426,59216
Kentucky,0.27689,2024-11-02,Pediatric,0.51,1022746,283188.13994,144426,0
Kentucky,0.298713,2024-11-09,Pediatric,0.51,1022746,305507.525898,155809,11383
Kentucky,0.313089,2024-11-16,Pediatric,0.51,1022746,320210.522394,163307,7498
Kentucky,0.315724,2024-11-23,Pediatric,0.51,1022746,322905.458104,164682,1375
Kentucky,0.333076,2024-11-30,Pediatric,0.51,1022746,340652.146696,173733,9051
Kentucky,0.402727,2024-12-07,Pediatric,0.51,1022746,411887.428342,210063,36330
Kentucky,0.413853,2024-12-14,Pediatric,0.51,1022746,423266.500338,215866,5803
Kentucky,0.413853,2024-12-21,Pediatric,0.51,1022746,423266.500338,215866,0
Kentucky,0.413853,2024-12-28,Pediatric,0.51,1022746,423266.500338,215866,0
Kentucky,0.413853,2025-01-04,Pediatric,0.51,1022746,423266.500338,215866,0
Kentucky,0.413853,2025-01-11,Pediatric,0.51,1022746,423266.500338,215866,0
Kentucky,0.41534,2025-01-18,Pediatric,0.51,1022746,424787.32364,216642,776
Kentucky,0.41534,2025-01-25,Pediatric,0.51,1022746,424787.32364,216642,0
Kentucky,0.422493,2025-02-01,Pediatric,0.51,1022746,432103.025778,220373,3731
Kentucky,0.422493,2025-02-08,Pediatric,0.51,1022746,432103.025778,220373,0
Kentucky,0.422493,2025-02-15,Pediatric,0.51,1022746,432103.025778,220373,0
Kentucky,0.422493,2025-02-22,Pediatric,0.51,1022746,432103.025778,220373,0
Kentucky,0.44039,2025-03-01,Pediatric,0.51,1022746,450407.11094,229708,9335
Kentucky,0.44039,2025-03-08,Pediatric,0.51,1022746,450407.11094,229708,0
Kentucky,0.44039,2025-03-15,Pediatric,0.51,1022746,450407.11094,229708,0
Kentucky,0.44039,2025-03-22,Pediatric,0.51,1022746,450407.11094,229708,0
Kentucky,0.44039,2025-03-29,Pediatric,0.51,1022746,450407.11094,229708,0
Kentucky,0.445824,2025-04-05,Pediatric,0.51,1022746,455964.712704,232542,2834
Kentucky,0.445824,2025-04-12,Pediatric,0.51,1022746,455964.712704,232542,0
Kentucky,0.445824,2025-04-19,Pediatric,0.51,1022746,455964.712704,232542,0
Kentucky,0.445824,2025-04-26,Pediatric,0.51,1022746,455964.712704,232542,0
Louisiana,0.014,2024-08-24,Adult,0.36,3532362,49453.068,17803,17803
Louisiana,0.014,2024-08-31,Adult,0.36,3532362,49453.068,17803,0
Louisiana,0.043,2024-09-07,Adult,0.36,3532362,151891.566,54681,36878
Louisiana,0.048,2024-09-14,Adult,0.36,3532362,169553.376,61039,6358
Louisiana,0.062,2024-09-21,Adult,0.36,3532362,219006.444,78842,17803
Louisiana,0.068,2024-09-28,Adult,0.36,3532362,240200.616,86472,7630
Louisiana,0.115,2024-10-05,Adult,0.36,3532362,406221.63,146240,59768
Louisiana,0.128,2024-10-12,Adult,0.36,3532362,452142.336,162771,16531
Louisiana,0.165,2024-10-19,Adult,0.36,3532362,582839.73,209822,47051
Louisiana,0.177,2024-10-26,Adult,0.36,3532362,625228.074,225082,15260
Louisiana,0.252,2024-11-02,Adult,0.36,3532362,890155.224,320456,95374
Louisiana,0.253,2024-11-09,Adult,0.36,3532362,893687.586,321728,1272
Louisiana,0.271,2024-11-16,Adult,0.36,3532362,957270.102,344617,22889
Louisiana,0.275,2024-11-23,Adult,0.36,3532362,971399.55,349704,5087
Louisiana,0.275,2024-11-30,Adult,0.36,3532362,971399.55,349704,0
Louisiana,0.32,2024-12-07,Adult,0.36,3532362,1130355.84,406928,57224
Louisiana,0.331,2024-12-14,Adult,0.36,3532362,1169211.822,420916,13988
Louisiana,0.34,2024-12-21,Adult,0.36,3532362,1201003.08,432361,11445
Louisiana,0.34,2024-12-28,Adult,0.36,3532362,1201003.08,432361,0
Louisiana,0.359,2025-01-04,Adult,0.36,3532362,1268117.958,456522,24161
Louisiana,0.359,2025-01-11,Adult,0.36,3532362,1268117.958,456522,0
Louisiana,0.359,2025-01-18,Adult,0.36,3532362,1268117.958,456522,0
Louisiana,0.359,2025-01-25,Adult,0.36,3532362,1268117.958,456522,0
Louisiana,0.38,2025-02-01,Adult,0.36,3532362,1342297.56,483227,26705
Louisiana,0.382,2025-02-08,Adult,0.36,3532362,1349362.284,485770,2543
Louisiana,0.382,2025-02-15,Adult,0.36,3532362,1349362.284,485770,0
Louisiana,0.382,2025-02-22,Adult,0.36,3532362,1349362.284,485770,0
Louisiana,0.396,2025-03-01,Adult,0.36,3532362,1398815.352,503574,17804
Louisiana,0.396,2025-03-08,Adult,0.36,3532362,1398815.352,503574,0
Louisiana,0.396,2025-03-15,Adult,0.36,3532362,1398815.352,503574,0
Louisiana,0.396,2025-03-22,Adult,0.36,3532362,1398815.352,503574,0
Louisiana,0.405,2025-03-29,Adult,0.36,3532362,1430606.61,515018,11444
Louisiana,0.406,2025-04-05,Adult,0.36,3532362,1434138.972,516290,1272
Louisiana,0.406,2025-04-12,Adult,0.36,3532362,1434138.972,516290,0
Louisiana,0.406,2025-04-19,Adult,0.36,3532362,1434138.972,516290,0
Louisiana,0.406,2025-04-26,Adult,0.36,3532362,1434138.972,516290,0
Louisiana,0.139198,2024-10-05,Pediatric,0.51,1088663,151539.712274,77285,77285
Louisiana,0.145798,2024-10-12,Pediatric,0.51,1088663,158724.888074,80950,3665
Louisiana,0.160422,2024-10-19,Pediatric,0.51,1088663,174645.495786,89069,8119
Louisiana,0.163183,2024-10-26,Pediatric,0.51,1088663,177651.294329,90602,1533
Louisiana,0.237931,2024-11-02,Pediatric,0.51,1088663,259026.676253,132104,41502
Louisiana,0.237931,2024-11-09,Pediatric,0.51,1088663,259026.676253,132104,0
Louisiana,0.286636,2024-11-16,Pediatric,0.51,1088663,312050.007668,159146,27042
Louisiana,0.297929,2024-11-23,Pediatric,0.51,1088663,324344.278927,165416,6270
Louisiana,0.297929,2024-11-30,Pediatric,0.51,1088663,324344.278927,165416,0
Louisiana,0.319805,2024-12-07,Pediatric,0.51,1088663,348159.870715,177562,12146
Louisiana,0.319805,2024-12-14,Pediatric,0.51,1088663,348159.870715,177562,0
Louisiana,0.319805,2024-12-21,Pediatric,0.51,1088663,348159.870715,177562,0
Louisiana,0.319805,2024-12-28,Pediatric,0.51,1088663,348159.870715,177562,0
Louisiana,0.335506,2025-01-04,Pediatric,0.51,1088663,365252.968478,186279,8717
Louisiana,0.335506,2025-01-11,Pediatric,0.51,1088663,365252.968478,186279,0
Louisiana,0.342569,2025-01-18,Pediatric,0.51,1088663,372942.195247,190201,3922
Louisiana,0.342569,2025-01-25,Pediatric,0.51,1088663,372942.195247,190201,0
Louisiana,0.359721,2025-02-01,Pediatric,0.51,1088663,391614.943023,199724,9523
Louisiana,0.359721,2025-02-08,Pediatric,0.51,1088663,391614.943023,199724,0
Louisiana,0.359721,2025-02-15,Pediatric,0.51,1088663,391614.943023,199724,0
Louisiana,0.359721,2025-02-22,Pediatric,0.51,1088663,391614.943023,199724,0
Louisiana,0.377031,2025-03-01,Pediatric,0.51,1088663,410459.699553,209334,9610
Louisiana,0.377031,2025-03-08,Pediatric,0.51,1088663,410459.699553,209334,0
Louisiana,0.377031,2025-03-15,Pediatric,0.51,1088663,410459.699553,209334,0
Louisiana,0.377031,2025-03-22,Pediatric,0.51,1088663,410459.699553,209334,0
Louisiana,0.377031,2025-03-29,Pediatric,0.51,1088663,410459.699553,209334,0
Louisiana,0.401925,2025-04-05,Pediatric,0.51,1088663,437560.876275,223156,13822
Louisiana,0.401925,2025-04-12,Pediatric,0.51,1088663,437560.876275,223156,0
Louisiana,0.401925,2025-04-19,Pediatric,0.51,1088663,437560.876275,223156,0
Louisiana,0.401925,2025-04-26,Pediatric,0.51,1088663,437560.876275,223156,0
Maine,0.014,2024-08-24,Adult,0.36,1125518,15757.252,5673,5673
Maine,0.014,2024-08-31,Adult,0.36,1125518,15757.252,5673,0
Maine,0.067,2024-09-07,Adult,0.36,1125518,75409.706,27147,21474
Maine,0.091,2024-09-14,Adult,0.36,1125518,102422.138,36872,9725
Maine,0.106,2024-09-21,Adult,0.36,1125518,119304.908,42950,6078
Maine,0.148,2024-09-28,Adult,0.36,1125518,166576.664,59968,17018
Maine,0.165,2024-10-05,Adult,0.36,1125518,185710.47,66856,6888
Maine,0.246,2024-10-12,Adult,0.36,1125518,276877.428,99676,32820
Maine,0.288,2024-10-19,Adult,0.36,1125518,324149.184,116694,17018
Maine,0.31,2024-10-26,Adult,0.36,1125518,348910.58,125608,8914
Maine,0.37,2024-11-02,Adult,0.36,1125518,416441.66,149919,24311
Maine,0.405,2024-11-09,Adult,0.36,1125518,455834.79,164101,14182
Maine,0.428,2024-11-16,Adult,0.36,1125518,481721.704,173420,9319
Maine,0.435,2024-11-23,Adult,0.36,1125518,489600.33,176256,2836
Maine,0.452,2024-11-30,Adult,0.36,1125518,508734.136,183144,6888
Maine,0.484,2024-12-07,Adult,0.36,1125518,544750.712,196110,12966
Maine,0.486,2024-12-14,Adult,0.36,1125518,547001.748,196921,811
Maine,0.491,2024-12-21,Adult,0.36,1125518,552629.338,198947,2026
Maine,0.498,2024-12-28,Adult,0.36,1125518,560507.964,201783,2836
Maine,0.506,2025-01-04,Adult,0.36,1125518,569512.108,205024,3241
Maine,0.515,2025-01-11,Adult,0.36,1125518,579641.77,208671,3647
Maine,0.516,2025-01-18,Adult,0.36,1125518,580767.288,209076,405
Maine,0.524,2025-01-25,Adult,0.36,1125518,589771.432,212318,3242
Maine,0.528,2025-02-01,Adult,0.36,1125518,594273.504,213938,1620
Maine,0.529,2025-02-08,Adult,0.36,1125518,595399.022,214344,406
Maine,0.532,2025-02-15,Adult,0.36,1125518,598775.576,215559,1215
Maine,0.534,2025-02-22,Adult,0.36,1125518,601026.612,216370,811
Maine,0.541,2025-03-01,Adult,0.36,1125518,608905.238,219206,2836
Maine,0.541,2025-03-08,Adult,0.36,1125518,608905.238,219206,0
Maine,0.541,2025-03-15,Adult,0.36,1125518,608905.238,219206,0
Maine,0.545,2025-03-22,Adult,0.36,1125518,613407.31,220827,1621
Maine,0.545,2025-03-29,Adult,0.36,1125518,613407.31,220827,0
Maine,0.547,2025-04-05,Adult,0.36,1125518,615658.346,221637,810
Maine,0.547,2025-04-12,Adult,0.36,1125518,615658.346,221637,0
Maine,0.547,2025-04-19,Adult,0.36,1125518,615658.346,221637,0
Maine,0.556,2025-04-26,Adult,0.36,1125518,625788.008,225284,3647
Maine,0.152755,2024-10-05,Pediatric,0.51,251882,38476.23491,19623,19623
Maine,0.152755,2024-10-12,Pediatric,0.51,251882,38476.23491,19623,0
Maine,0.156363,2024-10-19,Pediatric,0.51,251882,39385.025166,20086,463
Maine,0.20607,2024-10-26,Pediatric,0.51,251882,51905.32374,26472,6386
Maine,0.342185,2024-11-02,Pediatric,0.51,251882,86190.24217,43957,17485
Maine,0.350186,2024-11-09,Pediatric,0.51,251882,88205.550052,44985,1028
Maine,0.375204,2024-11-16,Pediatric,0.51,251882,94507.133928,48199,3214
Maine,0.387029,2024-11-23,Pediatric,0.51,251882,97485.638578,49718,1519
Maine,0.405854,2024-11-30,Pediatric,0.51,251882,102227.317228,52136,2418
Maine,0.450312,2024-12-07,Pediatric,0.51,251882,113425.487184,57847,5711
Maine,0.453922,2024-12-14,Pediatric,0.51,251882,114334.781204,58311,464
Maine,0.48081,2024-12-21,Pediatric,0.51,251882,121107.38442,61765,3454
Maine,0.48081,2024-12-28,Pediatric,0.51,251882,121107.38442,61765,0
Maine,0.481864,2025-01-04,Pediatric,0.51,251882,121372.868048,61900,135
Maine,0.481864,2025-01-11,Pediatric,0.51,251882,121372.868048,61900,0
Maine,0.491239,2025-01-18,Pediatric,0.51,251882,123734.261798,63104,1204
Maine,0.491239,2025-01-25,Pediatric,0.51,251882,123734.261798,63104,0
Maine,0.506045,2025-02-01,Pediatric,0.51,251882,127463.62669,65006,1902
Maine,0.506045,2025-02-08,Pediatric,0.51,251882,127463.62669,65006,0
Maine,0.506045,2025-02-15,Pediatric,0.51,251882,127463.62669,65006,0
Maine,0.506045,2025-02-22,Pediatric,0.51,251882,127463.62669,65006,0
Maine,0.517325,2025-03-01,Pediatric,0.51,251882,130304.85565,66455,1449
Maine,0.517325,2025-03-08,Pediatric,0.51,251882,130304.85565,66455,0
Maine,0.517325,2025-03-15,Pediatric,0.51,251882,130304.85565,66455,0
Maine,0.517325,2025-03-22,Pediatric,0.51,251882,130304.85565,66455,0
Maine,0.517325,2025-03-29,Pediatric,0.51,251882,130304.85565,66455,0
Maine,0.52972,2025-04-05,Pediatric,0.51,251882,133426.93304,68048,1593
Maine,0.52972,2025-04-12,Pediatric,0.51,251882,133426.93304,68048,0
Maine,0.52972,2025-04-19,Pediatric,0.51,251882,133426.93304,68048,0
Maine,0.52972,2025-04-26,Pediatric,0.51,251882,133426.93304,68048,0
Maryland,0.046,2024-08-24,Adult,0.36,4794802,220560.892,79402,79402
Maryland,0.046,2024-08-31,Adult,0.36,4794802,220560.892,79402,0
Maryland,0.046,2024-09-07,Adult,0.36,4794802,220560.892,79402,0
Maryland,0.048,2024-09-14,Adult,0.36,4794802,230150.496,82854,3452
Maryland,0.087,2024-09-21,Adult,0.36,4794802,417147.774,150173,67319
Maryland,0.089,2024-09-28,Adult,0.36,4794802,426737.378,153625,3452
Maryland,0.173,2024-10-05,Adult,0.36,4794802,829500.746,298620,144995
Maryland,0.195,2024-10-12,Adult,0.36,4794802,934986.39,336595,37975
Maryland,0.223,2024-10-19,Adult,0.36,4794802,1069240.846,384927,48332
Maryland,0.223,2024-10-26,Adult,0.36,4794802,1069240.846,384927,0
Maryland,0.389,2024-11-02,Adult,0.36,4794802,1865177.978,671464,286537
Maryland,0.439,2024-11-09,Adult,0.36,4794802,2104918.078,757771,86307
Maryland,0.447,2024-11-16,Adult,0.36,4794802,2143276.494,771580,13809
Maryland,0.461,2024-11-23,Adult,0.36,4794802,2210403.722,795745,24165
Maryland,0.461,2024-11-30,Adult,0.36,4794802,2210403.722,795745,0
Maryland,0.461,2024-12-07,Adult,0.36,4794802,2210403.722,795745,0
Maryland,0.462,2024-12-14,Adult,0.36,4794802,2215198.524,797471,1726
Maryland,0.463,2024-12-21,Adult,0.36,4794802,2219993.326,799198,1727
Maryland,0.463,2024-12-28,Adult,0.36,4794802,2219993.326,799198,0
Maryland,0.486,2025-01-04,Adult,0.36,4794802,2330273.772,838899,39701
Maryland,0.486,2025-01-11,Adult,0.36,4794802,2330273.772,838899,0
Maryland,0.486,2025-01-18,Adult,0.36,4794802,2330273.772,838899,0
Maryland,0.486,2025-01-25,Adult,0.36,4794802,2330273.772,838899,0
Maryland,0.508,2025-02-01,Adult,0.36,4794802,2435759.416,876873,37974
Maryland,0.508,2025-02-08,Adult,0.36,4794802,2435759.416,876873,0
Maryland,0.517,2025-02-15,Adult,0.36,4794802,2478912.634,892409,15536
Maryland,0.517,2025-02-22,Adult,0.36,4794802,2478912.634,892409,0
Maryland,0.527,2025-03-01,Adult,0.36,4794802,2526860.654,909670,17261
Maryland,0.527,2025-03-08,Adult,0.36,4794802,2526860.654,909670,0
Maryland,0.527,2025-03-15,Adult,0.36,4794802,2526860.654,909670,0
Maryland,0.527,2025-03-22,Adult,0.36,4794802,2526860.654,909670,0
Maryland,0.527,2025-03-29,Adult,0.36,4794802,2526860.654,909670,0
Maryland,0.542,2025-04-05,Adult,0.36,4794802,2598782.684,935562,25892
Maryland,0.542,2025-04-12,Adult,0.36,4794802,2598782.684,935562,0
Maryland,0.542,2025-04-19,Adult,0.36,4794802,2598782.684,935562,0
Maryland,0.542,2025-04-26,Adult,0.36,4794802,2598782.684,935562,0
Maryland,0.19566,2024-10-05,Pediatric,0.51,1375936,269215.63776,137300,137300
Maryland,0.230769,2024-10-12,Pediatric,0.51,1375936,317523.374784,161937,24637
Maryland,0.281493,2024-10-19,Pediatric,0.51,1375936,387316.352448,197531,35594
Maryland,0.307432,2024-10-26,Pediatric,0.51,1375936,423006.756352,215733,18202
Maryland,0.431649,2024-11-02,Pediatric,0.51,1375936,593921.398464,302900,87167
Maryland,0.431649,2024-11-09,Pediatric,0.51,1375936,593921.398464,302900,0
Maryland,0.472381,2024-11-16,Pediatric,0.51,1375936,649966.023616,331483,28583
Maryland,0.48073,2024-11-23,Pediatric,0.51,1375936,661453.71328,337341,5858
Maryland,0.48073,2024-11-30,Pediatric,0.51,1375936,661453.71328,337341,0
Maryland,0.529628,2024-12-07,Pediatric,0.51,1375936,728734.231808,371654,34313
Maryland,0.529628,2024-12-14,Pediatric,0.51,1375936,728734.231808,371654,0
Maryland,0.532308,2024-12-21,Pediatric,0.51,1375936,732421.740288,373535,1881
Maryland,0.56393,2024-12-28,Pediatric,0.51,1375936,775931.58848,395725,22190
Maryland,0.587272,2025-01-04,Pediatric,0.51,1375936,808048.686592,412105,16380
Maryland,0.588671,2025-01-11,Pediatric,0.51,1375936,809973.621056,413087,982
Maryland,0.589829,2025-01-18,Pediatric,0.51,1375936,811566.954944,413899,812
Maryland,0.589829,2025-01-25,Pediatric,0.51,1375936,811566.954944,413899,0
Maryland,0.608703,2025-02-01,Pediatric,0.51,1375936,837536.371008,427144,13245
Maryland,0.608703,2025-02-08,Pediatric,0.51,1375936,837536.371008,427144,0
Maryland,0.609859,2025-02-15,Pediatric,0.51,1375936,839126.953024,427955,811
Maryland,0.609859,2025-02-22,Pediatric,0.51,1375936,839126.953024,427955,0
Maryland,0.629402,2025-03-01,Pediatric,0.51,1375936,866016.870272,441669,13714
Maryland,0.629402,2025-03-08,Pediatric,0.51,1375936,866016.870272,441669,0
Maryland,0.63776,2025-03-15,Pediatric,0.51,1375936,877516.94336,447534,5865
Maryland,0.645448,2025-03-22,Pediatric,0.51,1375936,888095.139328,452929,5395
Maryland,0.645448,2025-03-29,Pediatric,0.51,1375936,888095.139328,452929,0
Maryland,0.645448,2025-04-05,Pediatric,0.51,1375936,888095.139328,452929,0
Maryland,0.659367,2025-04-12,Pediatric,0.51,1375936,907246.792512,462696,9767
Maryland,0.659367,2025-04-19,Pediatric,0.51,1375936,907246.792512,462696,0
Maryland,0.659367,2025-04-26,Pediatric,0.51,1375936,907246.792512,462696,0
Massachusetts,0.028,2024-08-24,Adult,0.36,5623987,157471.636,56690,56690
Massachusetts,0.046,2024-08-31,Adult,0.36,5623987,258703.402,93133,36443
Massachusetts,0.057,2024-09-07,Adult,0.36,5623987,320567.259,115404,22271
Massachusetts,0.074,2024-09-14,Adult,0.36,5623987,416175.038,149823,34419
Massachusetts,0.138,2024-09-21,Adult,0.36,5623987,776110.206,279400,129577
Massachusetts,0.16,2024-09-28,Adult,0.36,5623987,899837.92,323942,44542
Massachusetts,0.223,2024-10-05,Adult,0.36,5623987,1254149.101,451494,127552
Massachusetts,0.251,2024-10-12,Adult,0.36,5623987,1411620.737,508183,56689
Massachusetts,0.318,2024-10-19,Adult,0.36,5623987,1788427.866,643834,135651
Massachusetts,0.373,2024-10-26,Adult,0.36,5623987,2097747.151,755189,111355
Massachusetts,0.393,2024-11-02,Adult,0.36,5623987,2210226.891,795682,40493
Massachusetts,0.429,2024-11-09,Adult,0.36,5623987,2412690.423,868569,72887
Massachusetts,0.439,2024-11-16,Adult,0.36,5623987,2468930.293,888815,20246
Massachusetts,0.456,2024-11-23,Adult,0.36,5623987,2564538.072,923234,34419
Massachusetts,0.456,2024-11-30,Adult,0.36,5623987,2564538.072,923234,0
Massachusetts,0.494,2024-12-07,Adult,0.36,5623987,2778249.578,1000170,76936
Massachusetts,0.495,2024-12-14,Adult,0.36,5623987,2783873.565,1002194,2024
Massachusetts,0.501,2024-12-21,Adult,0.36,5623987,2817617.487,1014342,12148
Massachusetts,0.506,2024-12-28,Adult,0.36,5623987,2845737.422,1024465,10123
Massachusetts,0.527,2025-01-04,Adult,0.36,5623987,2963841.149,1066983,42518
Massachusetts,0.527,2025-01-11,Adult,0.36,5623987,2963841.149,1066983,0
Massachusetts,0.527,2025-01-18,Adult,0.36,5623987,2963841.149,1066983,0
Massachusetts,0.535,2025-01-25,Adult,0.36,5623987,3008833.045,1083180,16197
Massachusetts,0.55,2025-02-01,Adult,0.36,5623987,3093192.85,1113549,30369
Massachusetts,0.551,2025-02-08,Adult,0.36,5623987,3098816.837,1115574,2025
Massachusetts,0.551,2025-02-15,Adult,0.36,5623987,3098816.837,1115574,0
Massachusetts,0.551,2025-02-22,Adult,0.36,5623987,3098816.837,1115574,0
Massachusetts,0.56,2025-03-01,Adult,0.36,5623987,3149432.72,1133796,18222
Massachusetts,0.562,2025-03-08,Adult,0.36,5623987,3160680.694,1137845,4049
Massachusetts,0.562,2025-03-15,Adult,0.36,5623987,3160680.694,1137845,0
Massachusetts,0.562,2025-03-22,Adult,0.36,5623987,3160680.694,1137845,0
Massachusetts,0.562,2025-03-29,Adult,0.36,5623987,3160680.694,1137845,0
Massachusetts,0.575,2025-04-05,Adult,0.36,5623987,3233792.525,1164165,26320
Massachusetts,0.575,2025-04-12,Adult,0.36,5623987,3233792.525,1164165,0
Massachusetts,0.575,2025-04-19,Adult,0.36,5623987,3233792.525,1164165,0
Massachusetts,0.575,2025-04-26,Adult,0.36,5623987,3233792.525,1164165,0
Massachusetts,0.205886,2024-10-05,Pediatric,0.51,1368408,281736.049488,143685,143685
Massachusetts,0.2194,2024-10-12,Pediatric,0.51,1368408,300228.7152,153117,9432
Massachusetts,0.278278,2024-10-19,Pediatric,0.51,1368408,380797.841424,194207,41090
Massachusetts,0.302308,2024-10-26,Pediatric,0.51,1368408,413680.685664,210977,16770
Massachusetts,0.447034,2024-11-02,Pediatric,0.51,1368408,611724.901872,311980,101003
Massachusetts,0.461156,2024-11-09,Pediatric,0.51,1368408,631049.559648,321835,9855
Massachusetts,0.472174,2024-11-16,Pediatric,0.51,1368408,646126.678992,329525,7690
Massachusetts,0.475037,2024-11-23,Pediatric,0.51,1368408,650044.431096,331523,1998
Massachusetts,0.50556,2024-11-30,Pediatric,0.51,1368408,691812.34848,352824,21301
Massachusetts,0.576863,2024-12-07,Pediatric,0.51,1368408,789383.944104,402586,49762
Massachusetts,0.576863,2024-12-14,Pediatric,0.51,1368408,789383.944104,402586,0
Massachusetts,0.590927,2024-12-21,Pediatric,0.51,1368408,808629.234216,412401,9815
Massachusetts,0.590927,2024-12-28,Pediatric,0.51,1368408,808629.234216,412401,0
Massachusetts,0.610618,2025-01-04,Pediatric,0.51,1368408,835574.556144,426143,13742
Massachusetts,0.631581,2025-01-11,Pediatric,0.51,1368408,864260.493048,440773,14630
Massachusetts,0.638116,2025-01-18,Pediatric,0.51,1368408,873203.039328,445334,4561
Massachusetts,0.646132,2025-01-25,Pediatric,0.51,1368408,884172.197856,450928,5594
Massachusetts,0.646132,2025-02-01,Pediatric,0.51,1368408,884172.197856,450928,0
Massachusetts,0.646132,2025-02-08,Pediatric,0.51,1368408,884172.197856,450928,0
Massachusetts,0.646132,2025-02-15,Pediatric,0.51,1368408,884172.197856,450928,0
Massachusetts,0.646132,2025-02-22,Pediatric,0.51,1368408,884172.197856,450928,0
Massachusetts,0.6686,2025-03-01,Pediatric,0.51,1368408,914917.5888,466608,15680
Massachusetts,0.6686,2025-03-08,Pediatric,0.51,1368408,914917.5888,466608,0
Massachusetts,0.6686,2025-03-15,Pediatric,0.51,1368408,914917.5888,466608,0
Massachusetts,0.6686,2025-03-22,Pediatric,0.51,1368408,914917.5888,466608,0
Massachusetts,0.684225,2025-03-29,Pediatric,0.51,1368408,936298.9638,477512,10904
Massachusetts,0.684225,2025-04-05,Pediatric,0.51,1368408,936298.9638,477512,0
Massachusetts,0.690842,2025-04-12,Pediatric,0.51,1368408,945353.719536,482130,4618
Massachusetts,0.690842,2025-04-19,Pediatric,0.51,1368408,945353.719536,482130,0
Massachusetts,0.690842,2025-04-26,Pediatric,0.51,1368408,945353.719536,482130,0
Michigan,0.011,2024-08-24,Adult,0.36,7896802,86864.822,31271,31271
Michigan,0.011,2024-08-31,Adult,0.36,7896802,86864.822,31271,0
Michigan,0.055,2024-09-07,Adult,0.36,7896802,434324.11,156357,125086
Michigan,0.064,2024-09-14,Adult,0.36,7896802,505395.328,181942,25585
Michigan,0.09,2024-09-21,Adult,0.36,7896802,710712.18,255856,73914
Michigan,0.092,2024-09-28,Adult,0.36,7896802,726505.784,261542,5686
Michigan,0.172,2024-10-05,Adult,0.36,7896802,1358249.944,488970,227428
Michigan,0.201,2024-10-12,Adult,0.36,7896802,1587257.202,571413,82443
Michigan,0.207,2024-10-19,Adult,0.36,7896802,1634638.014,588470,17057
Michigan,0.21,2024-10-26,Adult,0.36,7896802,1658328.42,596998,8528
Michigan,0.306,2024-11-02,Adult,0.36,7896802,2416421.412,869912,272914
Michigan,0.32,2024-11-09,Adult,0.36,7896802,2526976.64,909712,39800
Michigan,0.324,2024-11-16,Adult,0.36,7896802,2558563.848,921083,11371
Michigan,0.336,2024-11-23,Adult,0.36,7896802,2653325.472,955197,34114
Michigan,0.336,2024-11-30,Adult,0.36,7896802,2653325.472,955197,0
Michigan,0.397,2024-12-07,Adult,0.36,7896802,3135030.394,1128611,173414
Michigan,0.398,2024-12-14,Adult,0.36,7896802,3142927.196,1131454,2843
Michigan,0.398,2024-12-21,Adult,0.36,7896802,3142927.196,1131454,0
Michigan,0.398,2024-12-28,Adult,0.36,7896802,3142927.196,1131454,0
Michigan,0.439,2025-01-04,Adult,0.36,7896802,3466696.078,1248011,116557
Michigan,0.44,2025-01-11,Adult,0.36,7896802,3474592.88,1250853,2842
Michigan,0.44,2025-01-18,Adult,0.36,7896802,3474592.88,1250853,0
Michigan,0.44,2025-01-25,Adult,0.36,7896802,3474592.88,1250853,0
Michigan,0.465,2025-02-01,Adult,0.36,7896802,3672012.93,1321925,71072
Michigan,0.465,2025-02-08,Adult,0.36,7896802,3672012.93,1321925,0
Michigan,0.465,2025-02-15,Adult,0.36,7896802,3672012.93,1321925,0
Michigan,0.465,2025-02-22,Adult,0.36,7896802,3672012.93,1321925,0
Michigan,0.483,2025-03-01,Adult,0.36,7896802,3814155.366,1373096,51171
Michigan,0.483,2025-03-08,Adult,0.36,7896802,3814155.366,1373096,0
Michigan,0.49,2025-03-15,Adult,0.36,7896802,3869432.98,1392996,19900
Michigan,0.49,2025-03-22,Adult,0.36,7896802,3869432.98,1392996,0
Michigan,0.49,2025-03-29,Adult,0.36,7896802,3869432.98,1392996,0
Michigan,0.49,2025-04-05,Adult,0.36,7896802,3869432.98,1392996,0
Michigan,0.49,2025-04-12,Adult,0.36,7896802,3869432.98,1392996,0
Michigan,0.49,2025-04-19,Adult,0.36,7896802,3869432.98,1392996,0
Michigan,0.49,2025-04-26,Adult,0.36,7896802,3869432.98,1392996,0
Michigan,0.105338,2024-10-05,Pediatric,0.51,2154793,226981.585034,115761,115761
Michigan,0.119477,2024-10-12,Pediatric,0.51,2154793,257448.203261,131299,15538
Michigan,0.119477,2024-10-19,Pediatric,0.51,2154793,257448.203261,131299,0
Michigan,0.119477,2024-10-26,Pediatric,0.51,2154793,257448.203261,131299,0
Michigan,0.299443,2024-11-02,Pediatric,0.51,2154793,645237.680299,329071,197772
Michigan,0.299443,2024-11-09,Pediatric,0.51,2154793,645237.680299,329071,0
Michigan,0.299443,2024-11-16,Pediatric,0.51,2154793,645237.680299,329071,0
Michigan,0.302218,2024-11-23,Pediatric,0.51,2154793,651217.230874,332121,3050
Michigan,0.302218,2024-11-30,Pediatric,0.51,2154793,651217.230874,332121,0
Michigan,0.374859,2024-12-07,Pediatric,0.51,2154793,807743.549187,411949,79828
Michigan,0.374859,2024-12-14,Pediatric,0.51,2154793,807743.549187,411949,0
Michigan,0.375394,2024-12-21,Pediatric,0.51,2154793,808896.363442,412537,588
Michigan,0.375394,2024-12-28,Pediatric,0.51,2154793,808896.363442,412537,0
Michigan,0.38503,2025-01-04,Pediatric,0.51,2154793,829659.94879,423127,10590
Michigan,0.394667,2025-01-11,Pediatric,0.51,2154793,850425.688931,433717,10590
Michigan,0.394667,2025-01-18,Pediatric,0.51,2154793,850425.688931,433717,0
Michigan,0.394667,2025-01-25,Pediatric,0.51,2154793,850425.688931,433717,0
Michigan,0.420916,2025-02-01,Pediatric,0.51,2154793,906986.850388,462563,28846
Michigan,0.420916,2025-02-08,Pediatric,0.51,2154793,906986.850388,462563,0
Michigan,0.420916,2025-02-15,Pediatric,0.51,2154793,906986.850388,462563,0
Michigan,0.420916,2025-02-22,Pediatric,0.51,2154793,906986.850388,462563,0
Michigan,0.431077,2025-03-01,Pediatric,0.51,2154793,928881.702061,473730,11167
Michigan,0.431077,2025-03-08,Pediatric,0.51,2154793,928881.702061,473730,0
Michigan,0.431077,2025-03-15,Pediatric,0.51,2154793,928881.702061,473730,0
Michigan,0.431077,2025-03-22,Pediatric,0.51,2154793,928881.702061,473730,0
Michigan,0.431077,2025-03-29,Pediatric,0.51,2154793,928881.702061,473730,0
Michigan,0.431077,2025-04-05,Pediatric,0.51,2154793,928881.702061,473730,0
Michigan,0.431077,2025-04-12,Pediatric,0.51,2154793,928881.702061,473730,0
Michigan,0.431077,2025-04-19,Pediatric,0.51,2154793,928881.702061,473730,0
Michigan,0.431077,2025-04-26,Pediatric,0.51,2154793,928881.702061,473730,0
Minnesota,0.026,2024-08-24,Adult,0.36,4396457,114307.882,41151,41151
Minnesota,0.026,2024-08-31,Adult,0.36,4396457,114307.882,41151,0
Minnesota,0.046,2024-09-07,Adult,0.36,4396457,202237.022,72805,31654
Minnesota,0.057,2024-09-14,Adult,0.36,4396457,250598.049,90215,17410
Minnesota,0.12,2024-09-21,Adult,0.36,4396457,527574.84,189927,99712
Minnesota,0.151,2024-09-28,Adult,0.36,4396457,663865.007,238991,49064
Minnesota,0.161,2024-10-05,Adult,0.36,4396457,707829.577,254819,15828
Minnesota,0.214,2024-10-12,Adult,0.36,4396457,940841.798,338703,83884
Minnesota,0.258,2024-10-19,Adult,0.36,4396457,1134285.906,408343,69640
Minnesota,0.285,2024-10-26,Adult,0.36,4396457,1252990.245,451076,42733
Minnesota,0.345,2024-11-02,Adult,0.36,4396457,1516777.665,546040,94964
Minnesota,0.362,2024-11-09,Adult,0.36,4396457,1591517.434,572946,26906
Minnesota,0.372,2024-11-16,Adult,0.36,4396457,1635482.004,588774,15828
Minnesota,0.403,2024-11-23,Adult,0.36,4396457,1771772.171,637838,49064
Minnesota,0.419,2024-11-30,Adult,0.36,4396457,1842115.483,663162,25324
Minnesota,0.446,2024-12-07,Adult,0.36,4396457,1960819.822,705895,42733
Minnesota,0.455,2024-12-14,Adult,0.36,4396457,2000387.935,720140,14245
Minnesota,0.471,2024-12-21,Adult,0.36,4396457,2070731.247,745463,25323
Minnesota,0.475,2024-12-28,Adult,0.36,4396457,2088317.075,751794,6331
Minnesota,0.486,2025-01-04,Adult,0.36,4396457,2136678.102,769204,17410
Minnesota,0.495,2025-01-11,Adult,0.36,4396457,2176246.215,783449,14245
Minnesota,0.495,2025-01-18,Adult,0.36,4396457,2176246.215,783449,0
Minnesota,0.495,2025-01-25,Adult,0.36,4396457,2176246.215,783449,0
Minnesota,0.507,2025-02-01,Adult,0.36,4396457,2229003.699,802441,18992
Minnesota,0.507,2025-02-08,Adult,0.36,4396457,2229003.699,802441,0
Minnesota,0.508,2025-02-15,Adult,0.36,4396457,2233400.156,804024,1583
Minnesota,0.508,2025-02-22,Adult,0.36,4396457,2233400.156,804024,0
Minnesota,0.523,2025-03-01,Adult,0.36,4396457,2299347.011,827765,23741
Minnesota,0.523,2025-03-08,Adult,0.36,4396457,2299347.011,827765,0
Minnesota,0.523,2025-03-15,Adult,0.36,4396457,2299347.011,827765,0
Minnesota,0.525,2025-03-22,Adult,0.36,4396457,2308139.925,830930,3165
Minnesota,0.526,2025-03-29,Adult,0.36,4396457,2312536.382,832513,1583
Minnesota,0.534,2025-04-05,Adult,0.36,4396457,2347708.038,845175,12662
Minnesota,0.534,2025-04-12,Adult,0.36,4396457,2347708.038,845175,0
Minnesota,0.534,2025-04-19,Adult,0.36,4396457,2347708.038,845175,0
Minnesota,0.534,2025-04-26,Adult,0.36,4396457,2347708.038,845175,0
Minnesota,0.140726,2024-10-05,Pediatric,0.51,1317259,185372.590034,94540,94540
Minnesota,0.145684,2024-10-12,Pediatric,0.51,1317259,191903.560156,97871,3331
Minnesota,0.148374,2024-10-19,Pediatric,0.51,1317259,195446.986866,99678,1807
Minnesota,0.158639,2024-10-26,Pediatric,0.51,1317259,208968.650501,106574,6896
Minnesota,0.330373,2024-11-02,Pediatric,0.51,1317259,435186.807607,221945,115371
Minnesota,0.330373,2024-11-09,Pediatric,0.51,1317259,435186.807607,221945,0
Minnesota,0.337275,2024-11-16,Pediatric,0.51,1317259,444278.529225,226582,4637
Minnesota,0.337823,2024-11-23,Pediatric,0.51,1317259,445000.387157,226950,368
Minnesota,0.337823,2024-11-30,Pediatric,0.51,1317259,445000.387157,226950,0
Minnesota,0.455331,2024-12-07,Pediatric,0.51,1317259,599788.857729,305892,78942
Minnesota,0.455331,2024-12-14,Pediatric,0.51,1317259,599788.857729,305892,0
Minnesota,0.455331,2024-12-21,Pediatric,0.51,1317259,599788.857729,305892,0
Minnesota,0.455331,2024-12-28,Pediatric,0.51,1317259,599788.857729,305892,0
Minnesota,0.488735,2025-01-04,Pediatric,0.51,1317259,643790.577365,328333,22441
Minnesota,0.488735,2025-01-11,Pediatric,0.51,1317259,643790.577365,328333,0
Minnesota,0.493741,2025-01-18,Pediatric,0.51,1317259,650384.775919,331696,3363
Minnesota,0.493741,2025-01-25,Pediatric,0.51,1317259,650384.775919,331696,0
Minnesota,0.518154,2025-02-01,Pediatric,0.51,1317259,682543.019886,348097,16401
Minnesota,0.518154,2025-02-08,Pediatric,0.51,1317259,682543.019886,348097,0
Minnesota,0.518154,2025-02-15,Pediatric,0.51,1317259,682543.019886,348097,0
Minnesota,0.518154,2025-02-22,Pediatric,0.51,1317259,682543.019886,348097,0
Minnesota,0.539552,2025-03-01,Pediatric,0.51,1317259,710729.727968,362472,14375
Minnesota,0.539552,2025-03-08,Pediatric,0.51,1317259,710729.727968,362472,0
Minnesota,0.539552,2025-03-15,Pediatric,0.51,1317259,710729.727968,362472,0
Minnesota,0.539552,2025-03-22,Pediatric,0.51,1317259,710729.727968,362472,0
Minnesota,0.539552,2025-03-29,Pediatric,0.51,1317259,710729.727968,362472,0
Minnesota,0.539552,2025-04-05,Pediatric,0.51,1317259,710729.727968,362472,0
Minnesota,0.539552,2025-04-12,Pediatric,0.51,1317259,710729.727968,362472,0
Minnesota,0.539552,2025-04-19,Pediatric,0.51,1317259,710729.727968,362472,0
Minnesota,0.539552,2025-04-26,Pediatric,0.51,1317259,710729.727968,362472,0
Mississippi,0.043,2024-08-24,Adult,0.36,2259103,97141.429,34971,34971
Mississippi,0.043,2024-08-31,Adult,0.36,2259103,97141.429,34971,0
Mississippi,0.057,2024-09-07,Adult,0.36,2259103,128768.871,46357,11386
Mississippi,0.059,2024-09-14,Adult,0.36,2259103,133287.077,47983,1626
Mississippi,0.071,2024-09-21,Adult,0.36,2259103,160396.313,57743,9760
Mississippi,0.088,2024-09-28,Adult,0.36,2259103,198801.064,71568,13825
Mississippi,0.14,2024-10-05,Adult,0.36,2259103,316274.42,113859,42291
Mississippi,0.161,2024-10-12,Adult,0.36,2259103,363715.583,130938,17079
Mississippi,0.186,2024-10-19,Adult,0.36,2259103,420193.158,151270,20332
Mississippi,0.212,2024-10-26,Adult,0.36,2259103,478929.836,172415,21145
Mississippi,0.284,2024-11-02,Adult,0.36,2259103,641585.252,230971,58556
Mississippi,0.284,2024-11-09,Adult,0.36,2259103,641585.252,230971,0
Mississippi,0.287,2024-11-16,Adult,0.36,2259103,648362.561,233411,2440
Mississippi,0.304,2024-11-23,Adult,0.36,2259103,686767.312,247236,13825
Mississippi,0.304,2024-11-30,Adult,0.36,2259103,686767.312,247236,0
Mississippi,0.353,2024-12-07,Adult,0.36,2259103,797463.359,287087,39851
Mississippi,0.37,2024-12-14,Adult,0.36,2259103,835868.11,300913,13826
Mississippi,0.377,2024-12-21,Adult,0.36,2259103,851681.831,306605,5692
Mississippi,0.377,2024-12-28,Adult,0.36,2259103,851681.831,306605,0
Mississippi,0.377,2025-01-04,Adult,0.36,2259103,851681.831,306605,0
Mississippi,0.381,2025-01-11,Adult,0.36,2259103,860718.243,309859,3254
Mississippi,0.381,2025-01-18,Adult,0.36,2259103,860718.243,309859,0
Mississippi,0.381,2025-01-25,Adult,0.36,2259103,860718.243,309859,0
Mississippi,0.401,2025-02-01,Adult,0.36,2259103,905900.303,326124,16265
Mississippi,0.406,2025-02-08,Adult,0.36,2259103,917195.818,330190,4066
Mississippi,0.406,2025-02-15,Adult,0.36,2259103,917195.818,330190,0
Mississippi,0.406,2025-02-22,Adult,0.36,2259103,917195.818,330190,0
Mississippi,0.412,2025-03-01,Adult,0.36,2259103,930750.436,335070,4880
Mississippi,0.412,2025-03-08,Adult,0.36,2259103,930750.436,335070,0
Mississippi,0.412,2025-03-15,Adult,0.36,2259103,930750.436,335070,0
Mississippi,0.412,2025-03-22,Adult,0.36,2259103,930750.436,335070,0
Mississippi,0.417,2025-03-29,Adult,0.36,2259103,942045.951,339137,4067
Mississippi,0.417,2025-04-05,Adult,0.36,2259103,942045.951,339137,0
Mississippi,0.417,2025-04-12,Adult,0.36,2259103,942045.951,339137,0
Mississippi,0.417,2025-04-19,Adult,0.36,2259103,942045.951,339137,0
Mississippi,0.428,2025-04-26,Adult,0.36,2259103,966896.084,348083,8946
Mississippi,0.126512,2024-10-05,Pediatric,0.51,692335,87588.68552,44670,44670
Mississippi,0.126512,2024-10-12,Pediatric,0.51,692335,87588.68552,44670,0
Mississippi,0.140365,2024-10-19,Pediatric,0.51,692335,97179.602275,49562,4892
Mississippi,0.171595,2024-10-26,Pediatric,0.51,692335,118801.224325,60589,11027
Mississippi,0.218548,2024-11-02,Pediatric,0.51,692335,151308.42958,77167,16578
Mississippi,0.245145,2024-11-09,Pediatric,0.51,692335,169722.463575,86558,9391
Mississippi,0.245145,2024-11-16,Pediatric,0.51,692335,169722.463575,86558,0
Mississippi,0.245145,2024-11-23,Pediatric,0.51,692335,169722.463575,86558,0
Mississippi,0.245145,2024-11-30,Pediatric,0.51,692335,169722.463575,86558,0
Mississippi,0.245145,2024-12-07,Pediatric,0.51,692335,169722.463575,86558,0
Mississippi,0.263822,2024-12-14,Pediatric,0.51,692335,182653.20437,93153,6595
Mississippi,0.263822,2024-12-21,Pediatric,0.51,692335,182653.20437,93153,0
Mississippi,0.263822,2024-12-28,Pediatric,0.51,692335,182653.20437,93153,0
Mississippi,0.263822,2025-01-04,Pediatric,0.51,692335,182653.20437,93153,0
Mississippi,0.267871,2025-01-11,Pediatric,0.51,692335,185456.468785,94583,1430
Mississippi,0.267871,2025-01-18,Pediatric,0.51,692335,185456.468785,94583,0
Mississippi,0.267871,2025-01-25,Pediatric,0.51,692335,185456.468785,94583,0
Mississippi,0.27445,2025-02-01,Pediatric,0.51,692335,190011.34075,96906,2323
Mississippi,0.284257,2025-02-08,Pediatric,0.51,692335,196801.070095,100369,3463
Mississippi,0.284257,2025-02-15,Pediatric,0.51,692335,196801.070095,100369,0
Mississippi,0.284257,2025-02-22,Pediatric,0.51,692335,196801.070095,100369,0
Mississippi,0.284257,2025-03-01,Pediatric,0.51,692335,196801.070095,100369,0
Mississippi,0.284257,2025-03-08,Pediatric,0.51,692335,196801.070095,100369,0
Mississippi,0.284257,2025-03-15,Pediatric,0.51,692335,196801.070095,100369,0
Mississippi,0.284257,2025-03-22,Pediatric,0.51,692335,196801.070095,100369,0
Mississippi,0.284257,2025-03-29,Pediatric,0.51,692335,196801.070095,100369,0
Mississippi,0.311185,2025-04-05,Pediatric,0.51,692335,215444.266975,109877,9508
Mississippi,0.311185,2025-04-12,Pediatric,0.51,692335,215444.266975,109877,0
Mississippi,0.311185,2025-04-19,Pediatric,0.51,692335,215444.266975,109877,0
Mississippi,0.311185,2025-04-26,Pediatric,0.51,692335,215444.266975,109877,0
Missouri,0.015,2024-08-24,Adult,0.36,4781610,71724.15,25821,25821
Missouri,0.017,2024-08-31,Adult,0.36,4781610,81287.37,29263,3442
Missouri,0.055,2024-09-07,Adult,0.36,4781610,262988.55,94676,65413
Missouri,0.057,2024-09-14,Adult,0.36,4781610,272551.77,98119,3443
Missouri,0.086,2024-09-21,Adult,0.36,4781610,411218.46,148039,49920
Missouri,0.09,2024-09-28,Adult,0.36,4781610,430344.9,154924,6885
Missouri,0.154,2024-10-05,Adult,0.36,4781610,736367.94,265092,110168
Missouri,0.172,2024-10-12,Adult,0.36,4781610,822436.92,296077,30985
Missouri,0.244,2024-10-19,Adult,0.36,4781610,1166712.84,420017,123940
Missouri,0.296,2024-10-26,Adult,0.36,4781610,1415356.56,509528,89511
Missouri,0.312,2024-11-02,Adult,0.36,4781610,1491862.32,537070,27542
Missouri,0.315,2024-11-09,Adult,0.36,4781610,1506207.15,542235,5165
Missouri,0.318,2024-11-16,Adult,0.36,4781610,1520551.98,547399,5164
Missouri,0.342,2024-11-23,Adult,0.36,4781610,1635310.62,588712,41313
Missouri,0.342,2024-11-30,Adult,0.36,4781610,1635310.62,588712,0
Missouri,0.402,2024-12-07,Adult,0.36,4781610,1922207.22,691995,103283
Missouri,0.402,2024-12-14,Adult,0.36,4781610,1922207.22,691995,0
Missouri,0.402,2024-12-21,Adult,0.36,4781610,1922207.22,691995,0
Missouri,0.402,2024-12-28,Adult,0.36,4781610,1922207.22,691995,0
Missouri,0.429,2025-01-04,Adult,0.36,4781610,2051310.69,738472,46477
Missouri,0.43,2025-01-11,Adult,0.36,4781610,2056092.3,740193,1721
Missouri,0.43,2025-01-18,Adult,0.36,4781610,2056092.3,740193,0
Missouri,0.43,2025-01-25,Adult,0.36,4781610,2056092.3,740193,0
Missouri,0.439,2025-02-01,Adult,0.36,4781610,2099126.79,755686,15493
Missouri,0.439,2025-02-08,Adult,0.36,4781610,2099126.79,755686,0
Missouri,0.445,2025-02-15,Adult,0.36,4781610,2127816.45,766014,10328
Missouri,0.445,2025-02-22,Adult,0.36,4781610,2127816.45,766014,0
Missouri,0.456,2025-03-01,Adult,0.36,4781610,2180414.16,784949,18935
Missouri,0.456,2025-03-08,Adult,0.36,4781610,2180414.16,784949,0
Missouri,0.456,2025-03-15,Adult,0.36,4781610,2180414.16,784949,0
Missouri,0.458,2025-03-22,Adult,0.36,4781610,2189977.38,788392,3443
Missouri,0.458,2025-03-29,Adult,0.36,4781610,2189977.38,788392,0
Missouri,0.488,2025-04-05,Adult,0.36,4781610,2333425.68,840033,51641
Missouri,0.488,2025-04-12,Adult,0.36,4781610,2333425.68,840033,0
Missouri,0.488,2025-04-19,Adult,0.36,4781610,2333425.68,840033,0
Missouri,0.488,2025-04-26,Adult,0.36,4781610,2333425.68,840033,0
Missouri,0.149296,2024-10-05,Pediatric,0.51,1386571,207009.504016,105575,105575
Missouri,0.156678,2024-10-12,Pediatric,0.51,1386571,217245.171138,110795,5220
Missouri,0.165004,2024-10-19,Pediatric,0.51,1386571,228789.761284,116683,5888
Missouri,0.202259,2024-10-26,Pediatric,0.51,1386571,280446.463889,143028,26345
Missouri,0.319068,2024-11-02,Pediatric,0.51,1386571,442410.435828,225629,82601
Missouri,0.333794,2024-11-09,Pediatric,0.51,1386571,462829.080374,236043,10414
Missouri,0.335939,2024-11-16,Pediatric,0.51,1386571,465803.275169,237560,1517
Missouri,0.364263,2024-11-23,Pediatric,0.51,1386571,505076.512173,257589,20029
Missouri,0.364263,2024-11-30,Pediatric,0.51,1386571,505076.512173,257589,0
Missouri,0.396501,2024-12-07,Pediatric,0.51,1386571,549776.788071,280386,22797
Missouri,0.396501,2024-12-14,Pediatric,0.51,1386571,549776.788071,280386,0
Missouri,0.396684,2024-12-21,Pediatric,0.51,1386571,550030.530564,280516,130
Missouri,0.396684,2024-12-28,Pediatric,0.51,1386571,550030.530564,280516,0
Missouri,0.414866,2025-01-04,Pediatric,0.51,1386571,575241.164486,293373,12857
Missouri,0.414866,2025-01-11,Pediatric,0.51,1386571,575241.164486,293373,0
Missouri,0.414866,2025-01-18,Pediatric,0.51,1386571,575241.164486,293373,0
Missouri,0.414866,2025-01-25,Pediatric,0.51,1386571,575241.164486,293373,0
Missouri,0.443163,2025-02-01,Pediatric,0.51,1386571,614476.964073,313383,20010
Missouri,0.443163,2025-02-08,Pediatric,0.51,1386571,614476.964073,313383,0
Missouri,0.443661,2025-02-15,Pediatric,0.51,1386571,615167.476431,313735,352
Missouri,0.443661,2025-02-22,Pediatric,0.51,1386571,615167.476431,313735,0
Missouri,0.464797,2025-03-01,Pediatric,0.51,1386571,644474.041087,328682,14947
Missouri,0.464797,2025-03-08,Pediatric,0.51,1386571,644474.041087,328682,0
Missouri,0.464797,2025-03-15,Pediatric,0.51,1386571,644474.041087,328682,0
Missouri,0.464797,2025-03-22,Pediatric,0.51,1386571,644474.041087,328682,0
Missouri,0.464797,2025-03-29,Pediatric,0.51,1386571,644474.041087,328682,0
Missouri,0.464797,2025-04-05,Pediatric,0.51,1386571,644474.041087,328682,0
Missouri,0.464797,2025-04-12,Pediatric,0.51,1386571,644474.041087,328682,0
Missouri,0.464797,2025-04-19,Pediatric,0.51,1386571,644474.041087,328682,0
Missouri,0.464797,2025-04-26,Pediatric,0.51,1386571,644474.041087,328682,0
Montana,0.009,2024-08-24,Adult,0.36,870130,7831.17,2819,2819
Montana,0.01,2024-08-31,Adult,0.36,870130,8701.3,3132,313
Montana,0.033,2024-09-07,Adult,0.36,870130,28714.29,10337,7205
Montana,0.053,2024-09-14,Adult,0.36,870130,46116.89,16602,6265
Montana,0.067,2024-09-21,Adult,0.36,870130,58298.71,20988,4386
Montana,0.084,2024-09-28,Adult,0.36,870130,73090.92,26313,5325
Montana,0.158,2024-10-05,Adult,0.36,870130,137480.54,49493,23180
Montana,0.193,2024-10-12,Adult,0.36,870130,167935.09,60457,10964
Montana,0.205,2024-10-19,Adult,0.36,870130,178376.65,64216,3759
Montana,0.213,2024-10-26,Adult,0.36,870130,185337.69,66722,2506
Montana,0.286,2024-11-02,Adult,0.36,870130,248857.18,89589,22867
Montana,0.314,2024-11-09,Adult,0.36,870130,273220.82,98359,8770
Montana,0.314,2024-11-16,Adult,0.36,870130,273220.82,98359,0
Montana,0.314,2024-11-23,Adult,0.36,870130,273220.82,98359,0
Montana,0.33,2024-11-30,Adult,0.36,870130,287142.9,103371,5012
Montana,0.381,2024-12-07,Adult,0.36,870130,331519.53,119347,15976
Montana,0.387,2024-12-14,Adult,0.36,870130,336740.31,121227,1880
Montana,0.391,2024-12-21,Adult,0.36,870130,340220.83,122479,1252
Montana,0.391,2024-12-28,Adult,0.36,870130,340220.83,122479,0
Montana,0.395,2025-01-04,Adult,0.36,870130,343701.35,123732,1253
Montana,0.398,2025-01-11,Adult,0.36,870130,346311.74,124672,940
Montana,0.398,2025-01-18,Adult,0.36,870130,346311.74,124672,0
Montana,0.398,2025-01-25,Adult,0.36,870130,346311.74,124672,0
Montana,0.414,2025-02-01,Adult,0.36,870130,360233.82,129684,5012
Montana,0.415,2025-02-08,Adult,0.36,870130,361103.95,129997,313
Montana,0.416,2025-02-15,Adult,0.36,870130,361974.08,130311,314
Montana,0.416,2025-02-22,Adult,0.36,870130,361974.08,130311,0
Montana,0.423,2025-03-01,Adult,0.36,870130,368064.99,132503,2192
Montana,0.423,2025-03-08,Adult,0.36,870130,368064.99,132503,0
Montana,0.423,2025-03-15,Adult,0.36,870130,368064.99,132503,0
Montana,0.423,2025-03-22,Adult,0.36,870130,368064.99,132503,0
Montana,0.425,2025-03-29,Adult,0.36,870130,369805.25,133130,627
Montana,0.434,2025-04-05,Adult,0.36,870130,377636.42,135949,2819
Montana,0.435,2025-04-12,Adult,0.36,870130,378506.55,136262,313
Montana,0.435,2025-04-19,Adult,0.36,870130,378506.55,136262,0
Montana,0.435,2025-04-26,Adult,0.36,870130,378506.55,136262,0
Montana,0.113497,2024-10-05,Pediatric,0.51,234942,26665.212174,13599,13599
Montana,0.120055,2024-10-12,Pediatric,0.51,234942,28205.96181,14385,786
Montana,0.121168,2024-10-19,Pediatric,0.51,234942,28467.452256,14518,133
Montana,0.121168,2024-10-26,Pediatric,0.51,234942,28467.452256,14518,0
Montana,0.232199,2024-11-02,Pediatric,0.51,234942,54553.297458,27822,13304
Montana,0.238325,2024-11-09,Pediatric,0.51,234942,55992.55215,28556,734
Montana,0.244451,2024-11-16,Pediatric,0.51,234942,57431.806842,29290,734
Montana,0.252337,2024-11-23,Pediatric,0.51,234942,59284.559454,30235,945
Montana,0.252337,2024-11-30,Pediatric,0.51,234942,59284.559454,30235,0
Montana,0.324336,2024-12-07,Pediatric,0.51,234942,76200.148512,38862,8627
Montana,0.324336,2024-12-14,Pediatric,0.51,234942,76200.148512,38862,0
Montana,0.331831,2024-12-21,Pediatric,0.51,234942,77961.038802,39760,898
Montana,0.331831,2024-12-28,Pediatric,0.51,234942,77961.038802,39760,0
Montana,0.343261,2025-01-04,Pediatric,0.51,234942,80646.425862,41130,1370
Montana,0.343261,2025-01-11,Pediatric,0.51,234942,80646.425862,41130,0
Montana,0.355173,2025-01-18,Pediatric,0.51,234942,83445.054966,42557,1427
Montana,0.355173,2025-01-25,Pediatric,0.51,234942,83445.054966,42557,0
Montana,0.363025,2025-02-01,Pediatric,0.51,234942,85289.81955,43498,941
Montana,0.363025,2025-02-08,Pediatric,0.51,234942,85289.81955,43498,0
Montana,0.363025,2025-02-15,Pediatric,0.51,234942,85289.81955,43498,0
Montana,0.363025,2025-02-22,Pediatric,0.51,234942,85289.81955,43498,0
Montana,0.378058,2025-03-01,Pediatric,0.51,234942,88821.702636,45299,1801
Montana,0.378058,2025-03-08,Pediatric,0.51,234942,88821.702636,45299,0
Montana,0.378058,2025-03-15,Pediatric,0.51,234942,88821.702636,45299,0
Montana,0.378058,2025-03-22,Pediatric,0.51,234942,88821.702636,45299,0
Montana,0.378058,2025-03-29,Pediatric,0.51,234942,88821.702636,45299,0
Montana,0.384237,2025-04-05,Pediatric,0.51,234942,90273.409254,46039,740
Montana,0.384237,2025-04-12,Pediatric,0.51,234942,90273.409254,46039,0
Montana,0.384237,2025-04-19,Pediatric,0.51,234942,90273.409254,46039,0
Montana,0.384237,2025-04-26,Pediatric,0.51,234942,90273.409254,46039,0
Nebraska,0.015,2024-08-24,Adult,0.36,1481176,22217.64,7998,7998
Nebraska,0.019,2024-08-31,Adult,0.36,1481176,28142.344,10131,2133
Nebraska,0.062,2024-09-07,Adult,0.36,1481176,91832.912,33060,22929
Nebraska,0.069,2024-09-14,Adult,0.36,1481176,102201.144,36792,3732
Nebraska,0.097,2024-09-21,Adult,0.36,1481176,143674.072,51723,14931
Nebraska,0.113,2024-09-28,Adult,0.36,1481176,167372.888,60254,8531
Nebraska,0.134,2024-10-05,Adult,0.36,1481176,198477.584,71452,11198
Nebraska,0.202,2024-10-12,Adult,0.36,1481176,299197.552,107711,36259
Nebraska,0.245,2024-10-19,Adult,0.36,1481176,362888.12,130640,22929
Nebraska,0.281,2024-10-26,Adult,0.36,1481176,416210.456,149836,19196
Nebraska,0.343,2024-11-02,Adult,0.36,1481176,508043.368,182896,33060
Nebraska,0.371,2024-11-09,Adult,0.36,1481176,549516.296,197826,14930
Nebraska,0.402,2024-11-16,Adult,0.36,1481176,595432.752,214356,16530
Nebraska,0.432,2024-11-23,Adult,0.36,1481176,639868.032,230352,15996
Nebraska,0.432,2024-11-30,Adult,0.36,1481176,639868.032,230352,0
Nebraska,0.432,2024-12-07,Adult,0.36,1481176,639868.032,230352,0
Nebraska,0.434,2024-12-14,Adult,0.36,1481176,642830.384,231419,1067
Nebraska,0.442,2024-12-21,Adult,0.36,1481176,654679.792,235685,4266
Nebraska,0.442,2024-12-28,Adult,0.36,1481176,654679.792,235685,0
Nebraska,0.457,2025-01-04,Adult,0.36,1481176,676897.432,243683,7998
Nebraska,0.461,2025-01-11,Adult,0.36,1481176,682822.136,245816,2133
Nebraska,0.462,2025-01-18,Adult,0.36,1481176,684303.312,246349,533
Nebraska,0.462,2025-01-25,Adult,0.36,1481176,684303.312,246349,0
Nebraska,0.472,2025-02-01,Adult,0.36,1481176,699115.072,251681,5332
Nebraska,0.473,2025-02-08,Adult,0.36,1481176,700596.248,252215,534
Nebraska,0.473,2025-02-15,Adult,0.36,1481176,700596.248,252215,0
Nebraska,0.473,2025-02-22,Adult,0.36,1481176,700596.248,252215,0
Nebraska,0.486,2025-03-01,Adult,0.36,1481176,719851.536,259147,6932
Nebraska,0.489,2025-03-08,Adult,0.36,1481176,724295.064,260746,1599
Nebraska,0.489,2025-03-15,Adult,0.36,1481176,724295.064,260746,0
Nebraska,0.489,2025-03-22,Adult,0.36,1481176,724295.064,260746,0
Nebraska,0.489,2025-03-29,Adult,0.36,1481176,724295.064,260746,0
Nebraska,0.492,2025-04-05,Adult,0.36,1481176,728738.592,262346,1600
Nebraska,0.492,2025-04-12,Adult,0.36,1481176,728738.592,262346,0
Nebraska,0.492,2025-04-19,Adult,0.36,1481176,728738.592,262346,0
Nebraska,0.492,2025-04-26,Adult,0.36,1481176,728738.592,262346,0
Nebraska,0.128022,2024-10-05,Pediatric,0.51,484750,62058.6645,31650,31650
Nebraska,0.128535,2024-10-12,Pediatric,0.51,484750,62307.34125,31777,127
Nebraska,0.184252,2024-10-19,Pediatric,0.51,484750,89316.157,45551,13774
Nebraska,0.184252,2024-10-26,Pediatric,0.51,484750,89316.157,45551,0
Nebraska,0.359991,2024-11-02,Pediatric,0.51,484750,174505.63725,88998,43447
Nebraska,0.384979,2024-11-09,Pediatric,0.51,484750,186618.57025,95175,6177
Nebraska,0.392633,2024-11-16,Pediatric,0.51,484750,190328.84675,97068,1893
Nebraska,0.444583,2024-11-23,Pediatric,0.51,484750,215511.60925,109911,12843
Nebraska,0.444583,2024-11-30,Pediatric,0.51,484750,215511.60925,109911,0
Nebraska,0.444583,2024-12-07,Pediatric,0.51,484750,215511.60925,109911,0
Nebraska,0.444583,2024-12-14,Pediatric,0.51,484750,215511.60925,109911,0
Nebraska,0.444583,2024-12-21,Pediatric,0.51,484750,215511.60925,109911,0
Nebraska,0.459899,2024-12-28,Pediatric,0.51,484750,222936.04025,113697,3786
Nebraska,0.475215,2025-01-04,Pediatric,0.51,484750,230360.47125,117484,3787
Nebraska,0.475215,2025-01-11,Pediatric,0.51,484750,230360.47125,117484,0
Nebraska,0.475215,2025-01-18,Pediatric,0.51,484750,230360.47125,117484,0
Nebraska,0.475215,2025-01-25,Pediatric,0.51,484750,230360.47125,117484,0
Nebraska,0.494314,2025-02-01,Pediatric,0.51,484750,239618.7115,122206,4722
Nebraska,0.494314,2025-02-08,Pediatric,0.51,484750,239618.7115,122206,0
Nebraska,0.494314,2025-02-15,Pediatric,0.51,484750,239618.7115,122206,0
Nebraska,0.494314,2025-02-22,Pediatric,0.51,484750,239618.7115,122206,0
Nebraska,0.511707,2025-03-01,Pediatric,0.51,484750,248049.96825,126505,4299
Nebraska,0.515402,2025-03-08,Pediatric,0.51,484750,249841.1195,127419,914
Nebraska,0.515402,2025-03-15,Pediatric,0.51,484750,249841.1195,127419,0
Nebraska,0.515402,2025-03-22,Pediatric,0.51,484750,249841.1195,127419,0
Nebraska,0.515402,2025-03-29,Pediatric,0.51,484750,249841.1195,127419,0
Nebraska,0.518975,2025-04-05,Pediatric,0.51,484750,251573.13125,128302,883
Nebraska,0.518975,2025-04-12,Pediatric,0.51,484750,251573.13125,128302,0
Nebraska,0.518975,2025-04-19,Pediatric,0.51,484750,251573.13125,128302,0
Nebraska,0.518975,2025-04-26,Pediatric,0.51,484750,251573.13125,128302,0
Nevada,0.024,2024-08-24,Adult,0.36,2448129,58755.096,21152,21152
Nevada,0.024,2024-08-31,Adult,0.36,2448129,58755.096,21152,0
Nevada,0.056,2024-09-07,Adult,0.36,2448129,137095.224,49354,28202
Nevada,0.065,2024-09-14,Adult,0.36,2448129,159128.385,57286,7932
Nevada,0.088,2024-09-21,Adult,0.36,2448129,215435.352,77557,20271
Nevada,0.088,2024-09-28,Adult,0.36,2448129,215435.352,77557,0
Nevada,0.155,2024-10-05,Adult,0.36,2448129,379459.995,136606,59049
Nevada,0.169,2024-10-12,Adult,0.36,2448129,413733.801,148944,12338
Nevada,0.204,2024-10-19,Adult,0.36,2448129,499418.316,179791,30847
Nevada,0.219,2024-10-26,Adult,0.36,2448129,536140.251,193010,13219
Nevada,0.261,2024-11-02,Adult,0.36,2448129,638961.669,230026,37016
Nevada,0.269,2024-11-09,Adult,0.36,2448129,658546.701,237077,7051
Nevada,0.277,2024-11-16,Adult,0.36,2448129,678131.733,244127,7050
Nevada,0.282,2024-11-23,Adult,0.36,2448129,690372.378,248534,4407
Nevada,0.284,2024-11-30,Adult,0.36,2448129,695268.636,250297,1763
Nevada,0.316,2024-12-07,Adult,0.36,2448129,773608.764,278499,28202
Nevada,0.321,2024-12-14,Adult,0.36,2448129,785849.409,282906,4407
Nevada,0.326,2024-12-21,Adult,0.36,2448129,798090.054,287312,4406
Nevada,0.326,2024-12-28,Adult,0.36,2448129,798090.054,287312,0
Nevada,0.338,2025-01-04,Adult,0.36,2448129,827467.602,297888,10576
Nevada,0.338,2025-01-11,Adult,0.36,2448129,827467.602,297888,0
Nevada,0.338,2025-01-18,Adult,0.36,2448129,827467.602,297888,0
Nevada,0.338,2025-01-25,Adult,0.36,2448129,827467.602,297888,0
Nevada,0.354,2025-02-01,Adult,0.36,2448129,866637.666,311990,14102
Nevada,0.359,2025-02-08,Adult,0.36,2448129,878878.311,316396,4406
Nevada,0.366,2025-02-15,Adult,0.36,2448129,896015.214,322565,6169
Nevada,0.366,2025-02-22,Adult,0.36,2448129,896015.214,322565,0
Nevada,0.368,2025-03-01,Adult,0.36,2448129,900911.472,324328,1763
Nevada,0.368,2025-03-08,Adult,0.36,2448129,900911.472,324328,0
Nevada,0.368,2025-03-15,Adult,0.36,2448129,900911.472,324328,0
Nevada,0.37,2025-03-22,Adult,0.36,2448129,905807.73,326091,1763
Nevada,0.37,2025-03-29,Adult,0.36,2448129,905807.73,326091,0
Nevada,0.374,2025-04-05,Adult,0.36,2448129,915600.246,329616,3525
Nevada,0.374,2025-04-12,Adult,0.36,2448129,915600.246,329616,0
Nevada,0.376,2025-04-19,Adult,0.36,2448129,920496.504,331379,1763
Nevada,0.376,2025-04-26,Adult,0.36,2448129,920496.504,331379,0
Nevada,0.125743,2024-10-05,Pediatric,0.51,692871,87123.678153,44433,44433
Nevada,0.127001,2024-10-12,Pediatric,0.51,692871,87995.309871,44878,445
Nevada,0.129521,2024-10-19,Pediatric,0.51,692871,89741.344791,45768,890
Nevada,0.129521,2024-10-26,Pediatric,0.51,692871,89741.344791,45768,0
Nevada,0.277337,2024-11-02,Pediatric,0.51,692871,192158.764527,98001,52233
Nevada,0.277337,2024-11-09,Pediatric,0.51,692871,192158.764527,98001,0
Nevada,0.279773,2024-11-16,Pediatric,0.51,692871,193846.598283,98862,861
Nevada,0.28005,2024-11-23,Pediatric,0.51,692871,194038.52355,98960,98
Nevada,0.291044,2024-11-30,Pediatric,0.51,692871,201655.947324,102845,3885
Nevada,0.365856,2024-12-07,Pediatric,0.51,692871,253491.012576,129280,26435
Nevada,0.365856,2024-12-14,Pediatric,0.51,692871,253491.012576,129280,0
Nevada,0.367536,2024-12-21,Pediatric,0.51,692871,254655.035856,129874,594
Nevada,0.367536,2024-12-28,Pediatric,0.51,692871,254655.035856,129874,0
Nevada,0.391597,2025-01-04,Pediatric,0.51,692871,271326.204987,138376,8502
Nevada,0.391597,2025-01-11,Pediatric,0.51,692871,271326.204987,138376,0
Nevada,0.399522,2025-01-18,Pediatric,0.51,692871,276817.207662,141177,2801
Nevada,0.399522,2025-01-25,Pediatric,0.51,692871,276817.207662,141177,0
Nevada,0.399522,2025-02-01,Pediatric,0.51,692871,276817.207662,141177,0
Nevada,0.399522,2025-02-08,Pediatric,0.51,692871,276817.207662,141177,0
Nevada,0.399522,2025-02-15,Pediatric,0.51,692871,276817.207662,141177,0
Nevada,0.399522,2025-02-22,Pediatric,0.51,692871,276817.207662,141177,0
Nevada,0.428005,2025-03-01,Pediatric,0.51,692871,296552.252355,151242,10065
Nevada,0.428005,2025-03-08,Pediatric,0.51,692871,296552.252355,151242,0
Nevada,0.428005,2025-03-15,Pediatric,0.51,692871,296552.252355,151242,0
Nevada,0.428005,2025-03-22,Pediatric,0.51,692871,296552.252355,151242,0
Nevada,0.428005,2025-03-29,Pediatric,0.51,692871,296552.252355,151242,0
Nevada,0.431634,2025-04-05,Pediatric,0.51,692871,299066.681214,152524,1282
Nevada,0.448391,2025-04-12,Pediatric,0.51,692871,310677.120561,158445,5921
Nevada,0.448391,2025-04-19,Pediatric,0.51,692871,310677.120561,158445,0
Nevada,0.448391,2025-04-26,Pediatric,0.51,692871,310677.120561,158445,0
New Hampshire,0.021,2024-08-24,Adult,0.36,1130928,23749.488,8550,8550
New Hampshire,0.026,2024-08-31,Adult,0.36,1130928,29404.128,10585,2035
New Hampshire,0.045,2024-09-07,Adult,0.36,1130928,50891.76,18321,7736
New Hampshire,0.067,2024-09-14,Adult,0.36,1130928,75772.176,27278,8957
New Hampshire,0.105,2024-09-21,Adult,0.36,1130928,118747.44,42749,15471
New Hampshire,0.142,2024-09-28,Adult,0.36,1130928,160591.776,57813,15064
New Hampshire,0.178,2024-10-05,Adult,0.36,1130928,201305.184,72470,14657
New Hampshire,0.235,2024-10-12,Adult,0.36,1130928,265768.08,95677,23207
New Hampshire,0.279,2024-10-19,Adult,0.36,1130928,315528.912,113590,17913
New Hampshire,0.335,2024-10-26,Adult,0.36,1130928,378860.88,136390,22800
New Hampshire,0.376,2024-11-02,Adult,0.36,1130928,425228.928,153082,16692
New Hampshire,0.392,2024-11-09,Adult,0.36,1130928,443323.776,159597,6515
New Hampshire,0.404,2024-11-16,Adult,0.36,1130928,456894.912,164482,4885
New Hampshire,0.418,2024-11-23,Adult,0.36,1130928,472727.904,170182,5700
New Hampshire,0.428,2024-11-30,Adult,0.36,1130928,484037.184,174253,4071
New Hampshire,0.467,2024-12-07,Adult,0.36,1130928,528143.376,190132,15879
New Hampshire,0.468,2024-12-14,Adult,0.36,1130928,529274.304,190539,407
New Hampshire,0.476,2024-12-21,Adult,0.36,1130928,538321.728,193796,3257
New Hampshire,0.481,2024-12-28,Adult,0.36,1130928,543976.368,195831,2035
New Hampshire,0.497,2025-01-04,Adult,0.36,1130928,562071.216,202346,6515
New Hampshire,0.505,2025-01-11,Adult,0.36,1130928,571118.64,205603,3257
New Hampshire,0.506,2025-01-18,Adult,0.36,1130928,572249.568,206010,407
New Hampshire,0.508,2025-01-25,Adult,0.36,1130928,574511.424,206824,814
New Hampshire,0.518,2025-02-01,Adult,0.36,1130928,585820.704,210895,4071
New Hampshire,0.522,2025-02-08,Adult,0.36,1130928,590344.416,212524,1629
New Hampshire,0.523,2025-02-15,Adult,0.36,1130928,591475.344,212931,407
New Hampshire,0.524,2025-02-22,Adult,0.36,1130928,592606.272,213338,407
New Hampshire,0.527,2025-03-01,Adult,0.36,1130928,595999.056,214560,1222
New Hampshire,0.527,2025-03-08,Adult,0.36,1130928,595999.056,214560,0
New Hampshire,0.528,2025-03-15,Adult,0.36,1130928,597129.984,214967,407
New Hampshire,0.528,2025-03-22,Adult,0.36,1130928,597129.984,214967,0
New Hampshire,0.529,2025-03-29,Adult,0.36,1130928,598260.912,215374,407
New Hampshire,0.547,2025-04-05,Adult,0.36,1130928,618617.616,222702,7328
New Hampshire,0.547,2025-04-12,Adult,0.36,1130928,618617.616,222702,0
New Hampshire,0.547,2025-04-19,Adult,0.36,1130928,618617.616,222702,0
New Hampshire,0.547,2025-04-26,Adult,0.36,1130928,618617.616,222702,0
New Hampshire,0.145599,2024-10-05,Pediatric,0.51,256906,37405.256694,19077,19077
New Hampshire,0.214626,2024-10-12,Pediatric,0.51,256906,55138.707156,28121,9044
New Hampshire,0.251443,2024-10-19,Pediatric,0.51,256906,64597.215358,32945,4824
New Hampshire,0.251443,2024-10-26,Pediatric,0.51,256906,64597.215358,32945,0
New Hampshire,0.335076,2024-11-02,Pediatric,0.51,256906,86083.034856,43902,10957
New Hampshire,0.343013,2024-11-09,Pediatric,0.51,256906,88122.097778,44942,1040
New Hampshire,0.354716,2024-11-16,Pediatric,0.51,256906,91128.668696,46476,1534
New Hampshire,0.357555,2024-11-23,Pediatric,0.51,256906,91858.02483,46848,372
New Hampshire,0.357555,2024-11-30,Pediatric,0.51,256906,91858.02483,46848,0
New Hampshire,0.452386,2024-12-07,Pediatric,0.51,256906,116220.677716,59273,12425
New Hampshire,0.457863,2024-12-14,Pediatric,0.51,256906,117627.751878,59990,717
New Hampshire,0.457863,2024-12-21,Pediatric,0.51,256906,117627.751878,59990,0
New Hampshire,0.457863,2024-12-28,Pediatric,0.51,256906,117627.751878,59990,0
New Hampshire,0.482403,2025-01-04,Pediatric,0.51,256906,123932.225118,63205,3215
New Hampshire,0.482403,2025-01-11,Pediatric,0.51,256906,123932.225118,63205,0
New Hampshire,0.484671,2025-01-18,Pediatric,0.51,256906,124514.887926,63503,298
New Hampshire,0.484671,2025-01-25,Pediatric,0.51,256906,124514.887926,63503,0
New Hampshire,0.516236,2025-02-01,Pediatric,0.51,256906,132624.125816,67638,4135
New Hampshire,0.516236,2025-02-08,Pediatric,0.51,256906,132624.125816,67638,0
New Hampshire,0.516236,2025-02-15,Pediatric,0.51,256906,132624.125816,67638,0
New Hampshire,0.516236,2025-02-22,Pediatric,0.51,256906,132624.125816,67638,0
New Hampshire,0.532818,2025-03-01,Pediatric,0.51,256906,136884.141108,69811,2173
New Hampshire,0.536003,2025-03-08,Pediatric,0.51,256906,137702.386718,70228,417
New Hampshire,0.536003,2025-03-15,Pediatric,0.51,256906,137702.386718,70228,0
New Hampshire,0.536781,2025-03-22,Pediatric,0.51,256906,137902.259586,70330,102
New Hampshire,0.536781,2025-03-29,Pediatric,0.51,256906,137902.259586,70330,0
New Hampshire,0.536781,2025-04-05,Pediatric,0.51,256906,137902.259586,70330,0
New Hampshire,0.536781,2025-04-12,Pediatric,0.51,256906,137902.259586,70330,0
New Hampshire,0.542682,2025-04-19,Pediatric,0.51,256906,139418.261892,71103,773
New Hampshire,0.542682,2025-04-26,Pediatric,0.51,256906,139418.261892,71103,0
New Jersey,0.014,2024-08-24,Adult,0.36,7235692,101299.688,36468,36468
New Jersey,0.028,2024-08-31,Adult,0.36,7235692,202599.376,72936,36468
New Jersey,0.047,2024-09-07,Adult,0.36,7235692,340077.524,122428,49492
New Jersey,0.082,2024-09-14,Adult,0.36,7235692,593326.744,213598,91170
New Jersey,0.099,2024-09-21,Adult,0.36,7235692,716333.508,257880,44282
New Jersey,0.118,2024-09-28,Adult,0.36,7235692,853811.656,307372,49492
New Jersey,0.183,2024-10-05,Adult,0.36,7235692,1324131.636,476687,169315
New Jersey,0.213,2024-10-12,Adult,0.36,7235692,1541202.396,554833,78146
New Jersey,0.275,2024-10-19,Adult,0.36,7235692,1989815.3,716334,161501
New Jersey,0.302,2024-10-26,Adult,0.36,7235692,2185178.984,786664,70330
New Jersey,0.334,2024-11-02,Adult,0.36,7235692,2416721.128,870020,83356
New Jersey,0.349,2024-11-09,Adult,0.36,7235692,2525256.508,909092,39072
New Jersey,0.357,2024-11-16,Adult,0.36,7235692,2583142.044,929931,20839
New Jersey,0.369,2024-11-23,Adult,0.36,7235692,2669970.348,961189,31258
New Jersey,0.383,2024-11-30,Adult,0.36,7235692,2771270.036,997657,36468
New Jersey,0.417,2024-12-07,Adult,0.36,7235692,3017283.564,1086222,88565
New Jersey,0.42,2024-12-14,Adult,0.36,7235692,3038990.64,1094037,7815
New Jersey,0.425,2024-12-21,Adult,0.36,7235692,3075169.1,1107061,13024
New Jersey,0.425,2024-12-28,Adult,0.36,7235692,3075169.1,1107061,0
New Jersey,0.442,2025-01-04,Adult,0.36,7235692,3198175.864,1151343,44282
New Jersey,0.451,2025-01-11,Adult,0.36,7235692,3263297.092,1174787,23444
New Jersey,0.451,2025-01-18,Adult,0.36,7235692,3263297.092,1174787,0
New Jersey,0.455,2025-01-25,Adult,0.36,7235692,3292239.86,1185206,10419
New Jersey,0.46,2025-02-01,Adult,0.36,7235692,3328418.32,1198231,13025
New Jersey,0.46,2025-02-08,Adult,0.36,7235692,3328418.32,1198231,0
New Jersey,0.461,2025-02-15,Adult,0.36,7235692,3335654.012,1200835,2604
New Jersey,0.461,2025-02-22,Adult,0.36,7235692,3335654.012,1200835,0
New Jersey,0.472,2025-03-01,Adult,0.36,7235692,3415246.624,1229489,28654
New Jersey,0.473,2025-03-08,Adult,0.36,7235692,3422482.316,1232094,2605
New Jersey,0.473,2025-03-15,Adult,0.36,7235692,3422482.316,1232094,0
New Jersey,0.473,2025-03-22,Adult,0.36,7235692,3422482.316,1232094,0
New Jersey,0.473,2025-03-29,Adult,0.36,7235692,3422482.316,1232094,0
New Jersey,0.487,2025-04-05,Adult,0.36,7235692,3523782.004,1268562,36468
New Jersey,0.487,2025-04-12,Adult,0.36,7235692,3523782.004,1268562,0
New Jersey,0.488,2025-04-19,Adult,0.36,7235692,3531017.696,1271166,2604
New Jersey,0.488,2025-04-26,Adult,0.36,7235692,3531017.696,1271166,0
New Jersey,0.215955,2024-10-05,Pediatric,0.51,2031322,438674.14251,223724,223724
New Jersey,0.22115,2024-10-12,Pediatric,0.51,2031322,449226.8603,229106,5382
New Jersey,0.245141,2024-10-19,Pediatric,0.51,2031322,497960.306402,253960,24854
New Jersey,0.295176,2024-10-26,Pediatric,0.51,2031322,599597.502672,305795,51835
New Jersey,0.391034,2024-11-02,Pediatric,0.51,2031322,794315.966948,405101,99306
New Jersey,0.396405,2024-11-09,Pediatric,0.51,2031322,805226.19741,410665,5564
New Jersey,0.407914,2024-11-16,Pediatric,0.51,2031322,828604.682308,422588,11923
New Jersey,0.409353,2024-11-23,Pediatric,0.51,2031322,831527.754666,424079,1491
New Jersey,0.423749,2024-11-30,Pediatric,0.51,2031322,860770.666178,438993,14914
New Jersey,0.501544,2024-12-07,Pediatric,0.51,2031322,1018797.361168,519587,80594
New Jersey,0.506388,2024-12-14,Pediatric,0.51,2031322,1028637.084936,524605,5018
New Jersey,0.510905,2024-12-21,Pediatric,0.51,2031322,1037812.56641,529284,4679
New Jersey,0.510905,2024-12-28,Pediatric,0.51,2031322,1037812.56641,529284,0
New Jersey,0.548387,2025-01-04,Pediatric,0.51,2031322,1113950.577614,568115,38831
New Jersey,0.548387,2025-01-11,Pediatric,0.51,2031322,1113950.577614,568115,0
New Jersey,0.552734,2025-01-18,Pediatric,0.51,2031322,1122780.734348,572618,4503
New Jersey,0.573874,2025-01-25,Pediatric,0.51,2031322,1165722.881428,594519,21901
New Jersey,0.573874,2025-02-01,Pediatric,0.51,2031322,1165722.881428,594519,0
New Jersey,0.573874,2025-02-08,Pediatric,0.51,2031322,1165722.881428,594519,0
New Jersey,0.573874,2025-02-15,Pediatric,0.51,2031322,1165722.881428,594519,0
New Jersey,0.573874,2025-02-22,Pediatric,0.51,2031322,1165722.881428,594519,0
New Jersey,0.594773,2025-03-01,Pediatric,0.51,2031322,1208175.479906,616169,21650
New Jersey,0.59763,2025-03-08,Pediatric,0.51,2031322,1213978.96686,619129,2960
New Jersey,0.59763,2025-03-15,Pediatric,0.51,2031322,1213978.96686,619129,0
New Jersey,0.59763,2025-03-22,Pediatric,0.51,2031322,1213978.96686,619129,0
New Jersey,0.59763,2025-03-29,Pediatric,0.51,2031322,1213978.96686,619129,0
New Jersey,0.61401,2025-04-05,Pediatric,0.51,2031322,1247252.02122,636099,16970
New Jersey,0.61401,2025-04-12,Pediatric,0.51,2031322,1247252.02122,636099,0
New Jersey,0.61401,2025-04-19,Pediatric,0.51,2031322,1247252.02122,636099,0
New Jersey,0.61401,2025-04-26,Pediatric,0.51,2031322,1247252.02122,636099,0
New Mexico,0.03,2024-08-24,Adult,0.36,1648151,49444.53,17800,17800
New Mexico,0.048,2024-08-31,Adult,0.36,1648151,79111.248,28480,10680
New Mexico,0.054,2024-09-07,Adult,0.36,1648151,89000.154,32040,3560
New Mexico,0.072,2024-09-14,Adult,0.36,1648151,118666.872,42720,10680
New Mexico,0.081,2024-09-21,Adult,0.36,1648151,133500.231,48060,5340
New Mexico,0.095,2024-09-28,Adult,0.36,1648151,156574.345,56367,8307
New Mexico,0.169,2024-10-05,Adult,0.36,1648151,278537.519,100274,43907
New Mexico,0.2,2024-10-12,Adult,0.36,1648151,329630.2,118667,18393
New Mexico,0.242,2024-10-19,Adult,0.36,1648151,398852.542,143587,24920
New Mexico,0.265,2024-10-26,Adult,0.36,1648151,436760.015,157234,13647
New Mexico,0.297,2024-11-02,Adult,0.36,1648151,489500.847,176220,18986
New Mexico,0.303,2024-11-09,Adult,0.36,1648151,499389.753,179780,3560
New Mexico,0.303,2024-11-16,Adult,0.36,1648151,499389.753,179780,0
New Mexico,0.303,2024-11-23,Adult,0.36,1648151,499389.753,179780,0
New Mexico,0.303,2024-11-30,Adult,0.36,1648151,499389.753,179780,0
New Mexico,0.394,2024-12-07,Adult,0.36,1648151,649371.494,233774,53994
New Mexico,0.396,2024-12-14,Adult,0.36,1648151,652667.796,234960,1186
New Mexico,0.409,2024-12-21,Adult,0.36,1648151,674093.759,242674,7714
New Mexico,0.409,2024-12-28,Adult,0.36,1648151,674093.759,242674,0
New Mexico,0.418,2025-01-04,Adult,0.36,1648151,688927.118,248014,5340
New Mexico,0.424,2025-01-11,Adult,0.36,1648151,698816.024,251574,3560
New Mexico,0.425,2025-01-18,Adult,0.36,1648151,700464.175,252167,593
New Mexico,0.428,2025-01-25,Adult,0.36,1648151,705408.628,253947,1780
New Mexico,0.441,2025-02-01,Adult,0.36,1648151,726834.591,261660,7713
New Mexico,0.441,2025-02-08,Adult,0.36,1648151,726834.591,261660,0
New Mexico,0.444,2025-02-15,Adult,0.36,1648151,731779.044,263440,1780
New Mexico,0.444,2025-02-22,Adult,0.36,1648151,731779.044,263440,0
New Mexico,0.461,2025-03-01,Adult,0.36,1648151,759797.611,273527,10087
New Mexico,0.461,2025-03-08,Adult,0.36,1648151,759797.611,273527,0
New Mexico,0.461,2025-03-15,Adult,0.36,1648151,759797.611,273527,0
New Mexico,0.461,2025-03-22,Adult,0.36,1648151,759797.611,273527,0
New Mexico,0.461,2025-03-29,Adult,0.36,1648151,759797.611,273527,0
New Mexico,0.468,2025-04-05,Adult,0.36,1648151,771334.668,277680,4153
New Mexico,0.468,2025-04-12,Adult,0.36,1648151,771334.668,277680,0
New Mexico,0.468,2025-04-19,Adult,0.36,1648151,771334.668,277680,0
New Mexico,0.468,2025-04-26,Adult,0.36,1648151,771334.668,277680,0
New Mexico,0.14619,2024-10-05,Pediatric,0.51,466617,68214.73923,34790,34790
New Mexico,0.163919,2024-10-12,Pediatric,0.51,466617,76487.392023,39009,4219
New Mexico,0.171421,2024-10-19,Pediatric,0.51,466617,79987.952757,40794,1785
New Mexico,0.171421,2024-10-26,Pediatric,0.51,466617,79987.952757,40794,0
New Mexico,0.310804,2024-11-02,Pediatric,0.51,466617,145026.430068,73963,33169
New Mexico,0.310804,2024-11-09,Pediatric,0.51,466617,145026.430068,73963,0
New Mexico,0.316693,2024-11-16,Pediatric,0.51,466617,147774.337581,75365,1402
New Mexico,0.317624,2024-11-23,Pediatric,0.51,466617,148208.758008,75586,221
New Mexico,0.317624,2024-11-30,Pediatric,0.51,466617,148208.758008,75586,0
New Mexico,0.423072,2024-12-07,Pediatric,0.51,466617,197412.587424,100680,25094
New Mexico,0.423072,2024-12-14,Pediatric,0.51,466617,197412.587424,100680,0
New Mexico,0.423072,2024-12-21,Pediatric,0.51,466617,197412.587424,100680,0
New Mexico,0.423072,2024-12-28,Pediatric,0.51,466617,197412.587424,100680,0
New Mexico,0.430759,2025-01-04,Pediatric,0.51,466617,200999.472303,102510,1830
New Mexico,0.438446,2025-01-11,Pediatric,0.51,466617,204586.357182,104339,1829
New Mexico,0.438446,2025-01-18,Pediatric,0.51,466617,204586.357182,104339,0
New Mexico,0.438446,2025-01-25,Pediatric,0.51,466617,204586.357182,104339,0
New Mexico,0.466393,2025-02-01,Pediatric,0.51,466617,217626.902481,110990,6651
New Mexico,0.466393,2025-02-08,Pediatric,0.51,466617,217626.902481,110990,0
New Mexico,0.466393,2025-02-15,Pediatric,0.51,466617,217626.902481,110990,0
New Mexico,0.466393,2025-02-22,Pediatric,0.51,466617,217626.902481,110990,0
New Mexico,0.484694,2025-03-01,Pediatric,0.51,466617,226166.460198,115345,4355
New Mexico,0.484694,2025-03-08,Pediatric,0.51,466617,226166.460198,115345,0
New Mexico,0.484694,2025-03-15,Pediatric,0.51,466617,226166.460198,115345,0
New Mexico,0.484694,2025-03-22,Pediatric,0.51,466617,226166.460198,115345,0
New Mexico,0.484694,2025-03-29,Pediatric,0.51,466617,226166.460198,115345,0
New Mexico,0.514019,2025-04-05,Pediatric,0.51,466617,239850.003723,122324,6979
New Mexico,0.520555,2025-04-12,Pediatric,0.51,466617,242899.812435,123879,1555
New Mexico,0.520555,2025-04-19,Pediatric,0.51,466617,242899.812435,123879,0
New Mexico,0.520555,2025-04-26,Pediatric,0.51,466617,242899.812435,123879,0
New York,0.014,2024-08-24,Adult,0.36,15763042,220682.588,79446,79446
New York,0.018,2024-08-31,Adult,0.36,15763042,283734.756,102145,22699
New York,0.042,2024-09-07,Adult,0.36,15763042,662047.764,238337,136192
New York,0.057,2024-09-14,Adult,0.36,15763042,898493.394,323458,85121
New York,0.071,2024-09-21,Adult,0.36,15763042,1119175.982,402903,79445
New York,0.086,2024-09-28,Adult,0.36,15763042,1355621.612,488024,85121
New York,0.138,2024-10-05,Adult,0.36,15763042,2175299.796,783108,295084
New York,0.158,2024-10-12,Adult,0.36,15763042,2490560.636,896602,113494
New York,0.198,2024-10-19,Adult,0.36,15763042,3121082.316,1123590,226988
New York,0.216,2024-10-26,Adult,0.36,15763042,3404817.072,1225734,102144
New York,0.322,2024-11-02,Adult,0.36,15763042,5075699.524,1827252,601518
New York,0.341,2024-11-09,Adult,0.36,15763042,5375197.322,1935071,107819
New York,0.356,2024-11-16,Adult,0.36,15763042,5611642.952,2020191,85120
New York,0.367,2024-11-23,Adult,0.36,15763042,5785036.414,2082613,62422
New York,0.387,2024-11-30,Adult,0.36,15763042,6100297.254,2196107,113494
New York,0.422,2024-12-07,Adult,0.36,15763042,6652003.724,2394721,198614
New York,0.423,2024-12-14,Adult,0.36,15763042,6667766.766,2400396,5675
New York,0.431,2024-12-21,Adult,0.36,15763042,6793871.102,2445794,45398
New York,0.443,2024-12-28,Adult,0.36,15763042,6983027.606,2513890,68096
New York,0.449,2025-01-04,Adult,0.36,15763042,7077605.858,2547938,34048
New York,0.451,2025-01-11,Adult,0.36,15763042,7109131.942,2559287,11349
New York,0.454,2025-01-18,Adult,0.36,15763042,7156421.068,2576312,17025
New York,0.46,2025-01-25,Adult,0.36,15763042,7250999.32,2610360,34048
New York,0.469,2025-02-01,Adult,0.36,15763042,7392866.698,2661432,51072
New York,0.47,2025-02-08,Adult,0.36,15763042,7408629.74,2667107,5675
New York,0.473,2025-02-15,Adult,0.36,15763042,7455918.866,2684131,17024
New York,0.473,2025-02-22,Adult,0.36,15763042,7455918.866,2684131,0
New York,0.487,2025-03-01,Adult,0.36,15763042,7676601.454,2763577,79446
New York,0.496,2025-03-08,Adult,0.36,15763042,7818468.832,2814649,51072
New York,0.496,2025-03-15,Adult,0.36,15763042,7818468.832,2814649,0
New York,0.496,2025-03-22,Adult,0.36,15763042,7818468.832,2814649,0
New York,0.496,2025-03-29,Adult,0.36,15763042,7818468.832,2814649,0
New York,0.498,2025-04-05,Adult,0.36,15763042,7849994.916,2825998,11349
New York,0.498,2025-04-12,Adult,0.36,15763042,7849994.916,2825998,0
New York,0.498,2025-04-19,Adult,0.36,15763042,7849994.916,2825998,0
New York,0.498,2025-04-26,Adult,0.36,15763042,7849994.916,2825998,0
New York,0.208858,2024-10-05,Pediatric,0.51,4109277,858255.375666,437710,437710
New York,0.256848,2024-10-12,Pediatric,0.51,4109277,1055459.578896,538284,100574
New York,0.256848,2024-10-19,Pediatric,0.51,4109277,1055459.578896,538284,0
New York,0.300269,2024-10-26,Pediatric,0.51,4109277,1233888.495513,629283,90999
New York,0.36365,2024-11-02,Pediatric,0.51,4109277,1494338.58105,762113,132830
New York,0.375002,2024-11-09,Pediatric,0.51,4109277,1540987.093554,785903,23790
New York,0.406163,2024-11-16,Pediatric,0.51,4109277,1669036.274151,851208,65305
New York,0.408844,2024-11-23,Pediatric,0.51,4109277,1680053.245788,856827,5619
New York,0.415161,2024-11-30,Pediatric,0.51,4109277,1706011.548597,870066,13239
New York,0.464226,2024-12-07,Pediatric,0.51,4109277,1907633.224602,972893,102827
New York,0.464226,2024-12-14,Pediatric,0.51,4109277,1907633.224602,972893,0
New York,0.464226,2024-12-21,Pediatric,0.51,4109277,1907633.224602,972893,0
New York,0.469065,2024-12-28,Pediatric,0.51,4109277,1927518.016005,983034,10141
New York,0.523321,2025-01-04,Pediatric,0.51,4109277,2150470.948917,1096740,113706
New York,0.529032,2025-01-11,Pediatric,0.51,4109277,2173939.029864,1108709,11969
New York,0.529656,2025-01-18,Pediatric,0.51,4109277,2176503.218712,1110017,1308
New York,0.532462,2025-01-25,Pediatric,0.51,4109277,2188033.849974,1115897,5880
New York,0.539759,2025-02-01,Pediatric,0.51,4109277,2218019.244243,1131190,15293
New York,0.539759,2025-02-08,Pediatric,0.51,4109277,2218019.244243,1131190,0
New York,0.542026,2025-02-15,Pediatric,0.51,4109277,2227334.975202,1135941,4751
New York,0.542026,2025-02-22,Pediatric,0.51,4109277,2227334.975202,1135941,0
New York,0.55304,2025-03-01,Pediatric,0.51,4109277,2272594.55208,1159023,23082
New York,0.55304,2025-03-08,Pediatric,0.51,4109277,2272594.55208,1159023,0
New York,0.55304,2025-03-15,Pediatric,0.51,4109277,2272594.55208,1159023,0
New York,0.55304,2025-03-22,Pediatric,0.51,4109277,2272594.55208,1159023,0
New York,0.55304,2025-03-29,Pediatric,0.51,4109277,2272594.55208,1159023,0
New York,0.566227,2025-04-05,Pediatric,0.51,4109277,2326783.587879,1186660,27637
New York,0.566227,2025-04-12,Pediatric,0.51,4109277,2326783.587879,1186660,0
New York,0.566227,2025-04-19,Pediatric,0.51,4109277,2326783.587879,1186660,0
New York,0.566227,2025-04-26,Pediatric,0.51,4109277,2326783.587879,1186660,0
North Carolina,0.031,2024-08-24,Adult,0.36,8261517,256107.027,92199,92199
North Carolina,0.032,2024-08-31,Adult,0.36,8261517,264368.544,95173,2974
North Carolina,0.032,2024-09-07,Adult,0.36,8261517,264368.544,95173,0
North Carolina,0.069,2024-09-14,Adult,0.36,8261517,570044.673,205216,110043
North Carolina,0.081,2024-09-21,Adult,0.36,8261517,669182.877,240906,35690
North Carolina,0.089,2024-09-28,Adult,0.36,8261517,735275.013,264699,23793
North Carolina,0.169,2024-10-05,Adult,0.36,8261517,1396196.373,502631,237932
North Carolina,0.225,2024-10-12,Adult,0.36,8261517,1858841.325,669183,166552
North Carolina,0.225,2024-10-19,Adult,0.36,8261517,1858841.325,669183,0
North Carolina,0.288,2024-10-26,Adult,0.36,8261517,2379316.896,856554,187371
North Carolina,0.312,2024-11-02,Adult,0.36,8261517,2577593.304,927934,71380
North Carolina,0.312,2024-11-09,Adult,0.36,8261517,2577593.304,927934,0
North Carolina,0.312,2024-11-16,Adult,0.36,8261517,2577593.304,927934,0
North Carolina,0.312,2024-11-23,Adult,0.36,8261517,2577593.304,927934,0
North Carolina,0.312,2024-11-30,Adult,0.36,8261517,2577593.304,927934,0
North Carolina,0.394,2024-12-07,Adult,0.36,8261517,3255037.698,1171814,243880
North Carolina,0.406,2024-12-14,Adult,0.36,8261517,3354175.902,1207503,35689
North Carolina,0.406,2024-12-21,Adult,0.36,8261517,3354175.902,1207503,0
North Carolina,0.406,2024-12-28,Adult,0.36,8261517,3354175.902,1207503,0
North Carolina,0.416,2025-01-04,Adult,0.36,8261517,3436791.072,1237245,29742
North Carolina,0.416,2025-01-11,Adult,0.36,8261517,3436791.072,1237245,0
North Carolina,0.418,2025-01-18,Adult,0.36,8261517,3453314.106,1243193,5948
North Carolina,0.43,2025-01-25,Adult,0.36,8261517,3552452.31,1278883,35690
North Carolina,0.432,2025-02-01,Adult,0.36,8261517,3568975.344,1284831,5948
North Carolina,0.434,2025-02-08,Adult,0.36,8261517,3585498.378,1290779,5948
North Carolina,0.434,2025-02-15,Adult,0.36,8261517,3585498.378,1290779,0
North Carolina,0.434,2025-02-22,Adult,0.36,8261517,3585498.378,1290779,0
North Carolina,0.455,2025-03-01,Adult,0.36,8261517,3758990.235,1353236,62457
North Carolina,0.455,2025-03-08,Adult,0.36,8261517,3758990.235,1353236,0
North Carolina,0.455,2025-03-15,Adult,0.36,8261517,3758990.235,1353236,0
North Carolina,0.461,2025-03-22,Adult,0.36,8261517,3808559.337,1371081,17845
North Carolina,0.461,2025-03-29,Adult,0.36,8261517,3808559.337,1371081,0
North Carolina,0.466,2025-04-05,Adult,0.36,8261517,3849866.922,1385952,14871
North Carolina,0.466,2025-04-12,Adult,0.36,8261517,3849866.922,1385952,0
North Carolina,0.466,2025-04-19,Adult,0.36,8261517,3849866.922,1385952,0
North Carolina,0.466,2025-04-26,Adult,0.36,8261517,3849866.922,1385952,0
North Carolina,0.225218,2024-10-05,Pediatric,0.51,2322823,523141.550414,266802,266802
North Carolina,0.225218,2024-10-12,Pediatric,0.51,2322823,523141.550414,266802,0
North Carolina,0.230036,2024-10-19,Pediatric,0.51,2322823,534332.911628,272510,5708
North Carolina,0.240783,2024-10-26,Pediatric,0.51,2322823,559296.290409,285241,12731
North Carolina,0.323896,2024-11-02,Pediatric,0.51,2322823,752353.078408,383700,98459
North Carolina,0.324954,2024-11-09,Pediatric,0.51,2322823,754810.625142,384953,1253
North Carolina,0.324986,2024-11-16,Pediatric,0.51,2322823,754884.955478,384991,38
North Carolina,0.329691,2024-11-23,Pediatric,0.51,2322823,765813.837693,390565,5574
North Carolina,0.329691,2024-11-30,Pediatric,0.51,2322823,765813.837693,390565,0
North Carolina,0.431932,2024-12-07,Pediatric,0.51,2322823,1003301.584036,511684,121119
North Carolina,0.434309,2024-12-14,Pediatric,0.51,2322823,1008822.934307,514500,2816
North Carolina,0.434309,2024-12-21,Pediatric,0.51,2322823,1008822.934307,514500,0
North Carolina,0.434309,2024-12-28,Pediatric,0.51,2322823,1008822.934307,514500,0
North Carolina,0.434309,2025-01-04,Pediatric,0.51,2322823,1008822.934307,514500,0
North Carolina,0.441335,2025-01-11,Pediatric,0.51,2322823,1025143.088705,522823,8323
North Carolina,0.441335,2025-01-18,Pediatric,0.51,2322823,1025143.088705,522823,0
North Carolina,0.441335,2025-01-25,Pediatric,0.51,2322823,1025143.088705,522823,0
North Carolina,0.448289,2025-02-01,Pediatric,0.51,2322823,1041295.999847,531061,8238
North Carolina,0.448289,2025-02-08,Pediatric,0.51,2322823,1041295.999847,531061,0
North Carolina,0.458513,2025-02-15,Pediatric,0.51,2322823,1065044.542199,543173,12112
North Carolina,0.458513,2025-02-22,Pediatric,0.51,2322823,1065044.542199,543173,0
North Carolina,0.459373,2025-03-01,Pediatric,0.51,2322823,1067042.169979,544192,1019
North Carolina,0.459373,2025-03-08,Pediatric,0.51,2322823,1067042.169979,544192,0
North Carolina,0.459373,2025-03-15,Pediatric,0.51,2322823,1067042.169979,544192,0
North Carolina,0.459373,2025-03-22,Pediatric,0.51,2322823,1067042.169979,544192,0
North Carolina,0.459373,2025-03-29,Pediatric,0.51,2322823,1067042.169979,544192,0
North Carolina,0.498756,2025-04-05,Pediatric,0.51,2322823,1158521.908188,590846,46654
North Carolina,0.498756,2025-04-12,Pediatric,0.51,2322823,1158521.908188,590846,0
North Carolina,0.498756,2025-04-19,Pediatric,0.51,2322823,1158521.908188,590846,0
North Carolina,0.498756,2025-04-26,Pediatric,0.51,2322823,1158521.908188,590846,0
North Dakota,0.018,2024-08-24,Adult,0.36,594569,10702.242,3853,3853
North Dakota,0.022,2024-08-31,Adult,0.36,594569,13080.518,4709,856
North Dakota,0.027,2024-09-07,Adult,0.36,594569,16053.363,5779,1070
North Dakota,0.064,2024-09-14,Adult,0.36,594569,38052.416,13699,7920
North Dakota,0.099,2024-09-21,Adult,0.36,594569,58862.331,21190,7491
North Dakota,0.11,2024-09-28,Adult,0.36,594569,65402.59,23545,2355
North Dakota,0.15,2024-10-05,Adult,0.36,594569,89185.35,32107,8562
North Dakota,0.213,2024-10-12,Adult,0.36,594569,126643.197,45592,13485
North Dakota,0.266,2024-10-19,Adult,0.36,594569,158155.354,56936,11344
North Dakota,0.285,2024-10-26,Adult,0.36,594569,169452.165,61003,4067
North Dakota,0.313,2024-11-02,Adult,0.36,594569,186100.097,66996,5993
North Dakota,0.337,2024-11-09,Adult,0.36,594569,200369.753,72133,5137
North Dakota,0.361,2024-11-16,Adult,0.36,594569,214639.409,77270,5137
North Dakota,0.361,2024-11-23,Adult,0.36,594569,214639.409,77270,0
North Dakota,0.361,2024-11-30,Adult,0.36,594569,214639.409,77270,0
North Dakota,0.398,2024-12-07,Adult,0.36,594569,236638.462,85190,7920
North Dakota,0.4,2024-12-14,Adult,0.36,594569,237827.6,85618,428
North Dakota,0.4,2024-12-21,Adult,0.36,594569,237827.6,85618,0
North Dakota,0.4,2024-12-28,Adult,0.36,594569,237827.6,85618,0
North Dakota,0.435,2025-01-04,Adult,0.36,594569,258637.515,93110,7492
North Dakota,0.439,2025-01-11,Adult,0.36,594569,261015.791,93966,856
North Dakota,0.44,2025-01-18,Adult,0.36,594569,261610.36,94180,214
North Dakota,0.445,2025-01-25,Adult,0.36,594569,264583.205,95250,1070
North Dakota,0.445,2025-02-01,Adult,0.36,594569,264583.205,95250,0
North Dakota,0.447,2025-02-08,Adult,0.36,594569,265772.343,95678,428
North Dakota,0.447,2025-02-15,Adult,0.36,594569,265772.343,95678,0
North Dakota,0.447,2025-02-22,Adult,0.36,594569,265772.343,95678,0
North Dakota,0.457,2025-03-01,Adult,0.36,594569,271718.033,97818,2140
North Dakota,0.457,2025-03-08,Adult,0.36,594569,271718.033,97818,0
North Dakota,0.457,2025-03-15,Adult,0.36,594569,271718.033,97818,0
North Dakota,0.457,2025-03-22,Adult,0.36,594569,271718.033,97818,0
North Dakota,0.457,2025-03-29,Adult,0.36,594569,271718.033,97818,0
North Dakota,0.457,2025-04-05,Adult,0.36,594569,271718.033,97818,0
North Dakota,0.457,2025-04-12,Adult,0.36,594569,271718.033,97818,0
North Dakota,0.457,2025-04-19,Adult,0.36,594569,271718.033,97818,0
North Dakota,0.457,2025-04-26,Adult,0.36,594569,271718.033,97818,0
North Dakota,0.113486,2024-10-05,Pediatric,0.51,184792,20971.304912,10695,10695
North Dakota,0.113575,2024-10-12,Pediatric,0.51,184792,20987.7514,10704,9
North Dakota,0.249843,2024-10-19,Pediatric,0.51,184792,46168.987656,23546,12842
North Dakota,0.249843,2024-10-26,Pediatric,0.51,184792,46168.987656,23546,0
North Dakota,0.322414,2024-11-02,Pediatric,0.51,184792,59579.527888,30386,6840
North Dakota,0.322414,2024-11-09,Pediatric,0.51,184792,59579.527888,30386,0
North Dakota,0.322414,2024-11-16,Pediatric,0.51,184792,59579.527888,30386,0
North Dakota,0.322414,2024-11-23,Pediatric,0.51,184792,59579.527888,30386,0
North Dakota,0.322414,2024-11-30,Pediatric,0.51,184792,59579.527888,30386,0
North Dakota,0.377665,2024-12-07,Pediatric,0.51,184792,69789.47068,35593,5207
North Dakota,0.377665,2024-12-14,Pediatric,0.51,184792,69789.47068,35593,0
North Dakota,0.378987,2024-12-21,Pediatric,0.51,184792,70033.765704,35717,124
North Dakota,0.378987,2024-12-28,Pediatric,0.51,184792,70033.765704,35717,0
North Dakota,0.393805,2025-01-04,Pediatric,0.51,184792,72772.01356,37114,1397
North Dakota,0.393805,2025-01-11,Pediatric,0.51,184792,72772.01356,37114,0
North Dakota,0.398101,2025-01-18,Pediatric,0.51,184792,73565.879992,37519,405
North Dakota,0.398101,2025-01-25,Pediatric,0.51,184792,73565.879992,37519,0
North Dakota,0.410492,2025-02-01,Pediatric,0.51,184792,75855.637664,38686,1167
North Dakota,0.412369,2025-02-08,Pediatric,0.51,184792,76202.492248,38863,177
North Dakota,0.412369,2025-02-15,Pediatric,0.51,184792,76202.492248,38863,0
North Dakota,0.412369,2025-02-22,Pediatric,0.51,184792,76202.492248,38863,0
North Dakota,0.412369,2025-03-01,Pediatric,0.51,184792,76202.492248,38863,0
North Dakota,0.412369,2025-03-08,Pediatric,0.51,184792,76202.492248,38863,0
North Dakota,0.41349,2025-03-15,Pediatric,0.51,184792,76409.64408,38969,106
North Dakota,0.41349,2025-03-22,Pediatric,0.51,184792,76409.64408,38969,0
North Dakota,0.41349,2025-03-29,Pediatric,0.51,184792,76409.64408,38969,0
North Dakota,0.415499,2025-04-05,Pediatric,0.51,184792,76780.891208,39158,189
North Dakota,0.415499,2025-04-12,Pediatric,0.51,184792,76780.891208,39158,0
North Dakota,0.415499,2025-04-19,Pediatric,0.51,184792,76780.891208,39158,0
North Dakota,0.415499,2025-04-26,Pediatric,0.51,184792,76780.891208,39158,0
Ohio,0.028,2024-08-24,Adult,0.36,9169867,256756.276,92432,92432
Ohio,0.028,2024-08-31,Adult,0.36,9169867,256756.276,92432,0
Ohio,0.031,2024-09-07,Adult,0.36,9169867,284265.877,102336,9904
Ohio,0.042,2024-09-14,Adult,0.36,9169867,385134.414,138648,36312
Ohio,0.058,2024-09-21,Adult,0.36,9169867,531852.286,191467,52819
Ohio,0.101,2024-09-28,Adult,0.36,9169867,926156.567,333416,141949
Ohio,0.124,2024-10-05,Adult,0.36,9169867,1137063.508,409343,75927
Ohio,0.131,2024-10-12,Adult,0.36,9169867,1201252.577,432451,23108
Ohio,0.171,2024-10-19,Adult,0.36,9169867,1568047.257,564497,132046
Ohio,0.21,2024-10-26,Adult,0.36,9169867,1925672.07,693242,128745
Ohio,0.305,2024-11-02,Adult,0.36,9169867,2796809.435,1006851,313609
Ohio,0.31,2024-11-09,Adult,0.36,9169867,2842658.77,1023357,16506
Ohio,0.31,2024-11-16,Adult,0.36,9169867,2842658.77,1023357,0
Ohio,0.363,2024-11-23,Adult,0.36,9169867,3328661.721,1198318,174961
Ohio,0.363,2024-11-30,Adult,0.36,9169867,3328661.721,1198318,0
Ohio,0.397,2024-12-07,Adult,0.36,9169867,3640437.199,1310557,112239
Ohio,0.398,2024-12-14,Adult,0.36,9169867,3649607.066,1313859,3302
Ohio,0.398,2024-12-21,Adult,0.36,9169867,3649607.066,1313859,0
Ohio,0.398,2024-12-28,Adult,0.36,9169867,3649607.066,1313859,0
Ohio,0.428,2025-01-04,Adult,0.36,9169867,3924703.076,1412893,99034
Ohio,0.449,2025-01-11,Adult,0.36,9169867,4117270.283,1482217,69324
Ohio,0.449,2025-01-18,Adult,0.36,9169867,4117270.283,1482217,0
Ohio,0.449,2025-01-25,Adult,0.36,9169867,4117270.283,1482217,0
Ohio,0.453,2025-02-01,Adult,0.36,9169867,4153949.751,1495422,13205
Ohio,0.453,2025-02-08,Adult,0.36,9169867,4153949.751,1495422,0
Ohio,0.457,2025-02-15,Adult,0.36,9169867,4190629.219,1508627,13205
Ohio,0.457,2025-02-22,Adult,0.36,9169867,4190629.219,1508627,0
Ohio,0.472,2025-03-01,Adult,0.36,9169867,4328177.224,1558144,49517
Ohio,0.472,2025-03-08,Adult,0.36,9169867,4328177.224,1558144,0
Ohio,0.472,2025-03-15,Adult,0.36,9169867,4328177.224,1558144,0
Ohio,0.472,2025-03-22,Adult,0.36,9169867,4328177.224,1558144,0
Ohio,0.472,2025-03-29,Adult,0.36,9169867,4328177.224,1558144,0
Ohio,0.511,2025-04-05,Adult,0.36,9169867,4685802.037,1686889,128745
Ohio,0.511,2025-04-12,Adult,0.36,9169867,4685802.037,1686889,0
Ohio,0.511,2025-04-19,Adult,0.36,9169867,4685802.037,1686889,0
Ohio,0.511,2025-04-26,Adult,0.36,9169867,4685802.037,1686889,0
Ohio,0.122796,2024-10-05,Pediatric,0.51,2610179,320519.540484,163465,163465
Ohio,0.122925,2024-10-12,Pediatric,0.51,2610179,320856.253575,163637,172
Ohio,0.123146,2024-10-19,Pediatric,0.51,2610179,321433.103134,163931,294
Ohio,0.133469,2024-10-26,Pediatric,0.51,2610179,348377.980951,177673,13742
Ohio,0.302969,2024-11-02,Pediatric,0.51,2610179,790803.321451,403310,225637
Ohio,0.303626,2024-11-09,Pediatric,0.51,2610179,792518.209054,404184,874
Ohio,0.304209,2024-11-16,Pediatric,0.51,2610179,794039.943411,404960,776
Ohio,0.3046,2024-11-23,Pediatric,0.51,2610179,795060.5234,405481,521
Ohio,0.3046,2024-11-30,Pediatric,0.51,2610179,795060.5234,405481,0
Ohio,0.373853,2024-12-07,Pediatric,0.51,2610179,975823.249687,497670,92189
Ohio,0.373853,2024-12-14,Pediatric,0.51,2610179,975823.249687,497670,0
Ohio,0.373853,2024-12-21,Pediatric,0.51,2610179,975823.249687,497670,0
Ohio,0.373853,2024-12-28,Pediatric,0.51,2610179,975823.249687,497670,0
Ohio,0.398181,2025-01-04,Pediatric,0.51,2610179,1039323.684399,530055,32385
Ohio,0.400325,2025-01-11,Pediatric,0.51,2610179,1044919.908175,532909,2854
Ohio,0.400325,2025-01-18,Pediatric,0.51,2610179,1044919.908175,532909,0
Ohio,0.400325,2025-01-25,Pediatric,0.51,2610179,1044919.908175,532909,0
Ohio,0.423928,2025-02-01,Pediatric,0.51,2610179,1106527.963112,564329,31420
Ohio,0.433767,2025-02-08,Pediatric,0.51,2610179,1132209.514293,577427,13098
Ohio,0.435443,2025-02-15,Pediatric,0.51,2610179,1136584.174297,579658,2231
Ohio,0.435443,2025-02-22,Pediatric,0.51,2610179,1136584.174297,579658,0
Ohio,0.451537,2025-03-01,Pediatric,0.51,2610179,1178592.395123,601082,21424
Ohio,0.451537,2025-03-08,Pediatric,0.51,2610179,1178592.395123,601082,0
Ohio,0.451537,2025-03-15,Pediatric,0.51,2610179,1178592.395123,601082,0
Ohio,0.451537,2025-03-22,Pediatric,0.51,2610179,1178592.395123,601082,0
Ohio,0.451537,2025-03-29,Pediatric,0.51,2610179,1178592.395123,601082,0
Ohio,0.451537,2025-04-05,Pediatric,0.51,2610179,1178592.395123,601082,0
Ohio,0.451537,2025-04-12,Pediatric,0.51,2610179,1178592.395123,601082,0
Ohio,0.451537,2025-04-19,Pediatric,0.51,2610179,1178592.395123,601082,0
Ohio,0.451537,2025-04-26,Pediatric,0.51,2610179,1178592.395123,601082,0
Oklahoma,0.008,2024-08-24,Adult,0.36,3031877,24255.016,8732,8732
Oklahoma,0.008,2024-08-31,Adult,0.36,3031877,24255.016,8732,0
Oklahoma,0.031,2024-09-07,Adult,0.36,3031877,93988.187,33836,25104
Oklahoma,0.042,2024-09-14,Adult,0.36,3031877,127338.834,45842,12006
Oklahoma,0.055,2024-09-21,Adult,0.36,3031877,166753.235,60031,14189
Oklahoma,0.085,2024-09-28,Adult,0.36,3031877,257709.545,92775,32744
Oklahoma,0.124,2024-10-05,Adult,0.36,3031877,375952.748,135343,42568
Oklahoma,0.172,2024-10-12,Adult,0.36,3031877,521482.844,187734,52391
Oklahoma,0.198,2024-10-19,Adult,0.36,3031877,600311.646,216112,28378
Oklahoma,0.222,2024-10-26,Adult,0.36,3031877,673076.694,242308,26196
Oklahoma,0.269,2024-11-02,Adult,0.36,3031877,815574.913,293607,51299
Oklahoma,0.288,2024-11-09,Adult,0.36,3031877,873180.576,314345,20738
Oklahoma,0.288,2024-11-16,Adult,0.36,3031877,873180.576,314345,0
Oklahoma,0.309,2024-11-23,Adult,0.36,3031877,936849.993,337266,22921
Oklahoma,0.316,2024-11-30,Adult,0.36,3031877,958073.132,344906,7640
Oklahoma,0.345,2024-12-07,Adult,0.36,3031877,1045997.565,376559,31653
Oklahoma,0.349,2024-12-14,Adult,0.36,3031877,1058125.073,380925,4366
Oklahoma,0.359,2024-12-21,Adult,0.36,3031877,1088443.843,391840,10915
Oklahoma,0.359,2024-12-28,Adult,0.36,3031877,1088443.843,391840,0
Oklahoma,0.368,2025-01-04,Adult,0.36,3031877,1115730.736,401663,9823
Oklahoma,0.375,2025-01-11,Adult,0.36,3031877,1136953.875,409303,7640
Oklahoma,0.381,2025-01-18,Adult,0.36,3031877,1155145.137,415852,6549
Oklahoma,0.381,2025-01-25,Adult,0.36,3031877,1155145.137,415852,0
Oklahoma,0.391,2025-02-01,Adult,0.36,3031877,1185463.907,426767,10915
Oklahoma,0.393,2025-02-08,Adult,0.36,3031877,1191527.661,428950,2183
Oklahoma,0.394,2025-02-15,Adult,0.36,3031877,1194559.538,430041,1091
Oklahoma,0.4,2025-02-22,Adult,0.36,3031877,1212750.8,436590,6549
Oklahoma,0.406,2025-03-01,Adult,0.36,3031877,1230942.062,443139,6549
Oklahoma,0.409,2025-03-08,Adult,0.36,3031877,1240037.693,446414,3275
Oklahoma,0.409,2025-03-15,Adult,0.36,3031877,1240037.693,446414,0
Oklahoma,0.409,2025-03-22,Adult,0.36,3031877,1240037.693,446414,0
Oklahoma,0.409,2025-03-29,Adult,0.36,3031877,1240037.693,446414,0
Oklahoma,0.412,2025-04-05,Adult,0.36,3031877,1249133.324,449688,3274
Oklahoma,0.412,2025-04-12,Adult,0.36,3031877,1249133.324,449688,0
Oklahoma,0.417,2025-04-19,Adult,0.36,3031877,1264292.709,455145,5457
Oklahoma,0.417,2025-04-26,Adult,0.36,3031877,1264292.709,455145,0
Oklahoma,0.101995,2024-10-05,Pediatric,0.51,963383,98260.249085,50113,50113
Oklahoma,0.103462,2024-10-12,Pediatric,0.51,963383,99673.531946,50834,721
Oklahoma,0.159674,2024-10-19,Pediatric,0.51,963383,153827.217142,78452,27618
Oklahoma,0.159674,2024-10-26,Pediatric,0.51,963383,153827.217142,78452,0
Oklahoma,0.234888,2024-11-02,Pediatric,0.51,963383,226287.106104,115406,36954
Oklahoma,0.263406,2024-11-09,Pediatric,0.51,963383,253760.862498,129418,14012
Oklahoma,0.263406,2024-11-16,Pediatric,0.51,963383,253760.862498,129418,0
Oklahoma,0.268256,2024-11-23,Pediatric,0.51,963383,258433.270048,131801,2383
Oklahoma,0.268256,2024-11-30,Pediatric,0.51,963383,258433.270048,131801,0
Oklahoma,0.30181,2024-12-07,Pediatric,0.51,963383,290758.62323,148287,16486
Oklahoma,0.322724,2024-12-14,Pediatric,0.51,963383,310906.815292,158562,10275
Oklahoma,0.329502,2024-12-21,Pediatric,0.51,963383,317436.625266,161893,3331
Oklahoma,0.329502,2024-12-28,Pediatric,0.51,963383,317436.625266,161893,0
Oklahoma,0.329502,2025-01-04,Pediatric,0.51,963383,317436.625266,161893,0
Oklahoma,0.329502,2025-01-11,Pediatric,0.51,963383,317436.625266,161893,0
Oklahoma,0.334879,2025-01-18,Pediatric,0.51,963383,322616.735657,164535,2642
Oklahoma,0.334879,2025-01-25,Pediatric,0.51,963383,322616.735657,164535,0
Oklahoma,0.346435,2025-02-01,Pediatric,0.51,963383,333749.589605,170212,5677
Oklahoma,0.346435,2025-02-08,Pediatric,0.51,963383,333749.589605,170212,0
Oklahoma,0.347763,2025-02-15,Pediatric,0.51,963383,335028.962229,170865,653
Oklahoma,0.347763,2025-02-22,Pediatric,0.51,963383,335028.962229,170865,0
Oklahoma,0.363168,2025-03-01,Pediatric,0.51,963383,349869.877344,178434,7569
Oklahoma,0.363168,2025-03-08,Pediatric,0.51,963383,349869.877344,178434,0
Oklahoma,0.363819,2025-03-15,Pediatric,0.51,963383,350497.039677,178753,319
Oklahoma,0.363819,2025-03-22,Pediatric,0.51,963383,350497.039677,178753,0
Oklahoma,0.363819,2025-03-29,Pediatric,0.51,963383,350497.039677,178753,0
Oklahoma,0.380289,2025-04-05,Pediatric,0.51,963383,366363.957687,186846,8093
Oklahoma,0.380289,2025-04-12,Pediatric,0.51,963383,366363.957687,186846,0
Oklahoma,0.380289,2025-04-19,Pediatric,0.51,963383,366363.957687,186846,0
Oklahoma,0.380289,2025-04-26,Pediatric,0.51,963383,366363.957687,186846,0
Oregon,0.016,2024-08-24,Adult,0.36,3382420,54118.72,19483,19483
Oregon,0.019,2024-08-31,Adult,0.36,3382420,64265.98,23136,3653
Oregon,0.033,2024-09-07,Adult,0.36,3382420,111619.86,40183,17047
Oregon,0.052,2024-09-14,Adult,0.36,3382420,175885.84,63319,23136
Oregon,0.073,2024-09-21,Adult,0.36,3382420,246916.66,88890,25571
Oregon,0.118,2024-09-28,Adult,0.36,3382420,399125.56,143685,54795
Oregon,0.194,2024-10-05,Adult,0.36,3382420,656189.48,236228,92543
Oregon,0.242,2024-10-12,Adult,0.36,3382420,818545.64,294676,58448
Oregon,0.262,2024-10-19,Adult,0.36,3382420,886194.04,319030,24354
Oregon,0.289,2024-10-26,Adult,0.36,3382420,977519.38,351907,32877
Oregon,0.321,2024-11-02,Adult,0.36,3382420,1085756.82,390872,38965
Oregon,0.342,2024-11-09,Adult,0.36,3382420,1156787.64,416444,25572
Oregon,0.36,2024-11-16,Adult,0.36,3382420,1217671.2,438362,21918
Oregon,0.36,2024-11-23,Adult,0.36,3382420,1217671.2,438362,0
Oregon,0.366,2024-11-30,Adult,0.36,3382420,1237965.72,445668,7306
Oregon,0.418,2024-12-07,Adult,0.36,3382420,1413851.56,508987,63319
Oregon,0.42,2024-12-14,Adult,0.36,3382420,1420616.4,511422,2435
Oregon,0.427,2024-12-21,Adult,0.36,3382420,1444293.34,519946,8524
Oregon,0.428,2024-12-28,Adult,0.36,3382420,1447675.76,521163,1217
Oregon,0.435,2025-01-04,Adult,0.36,3382420,1471352.7,529687,8524
Oregon,0.437,2025-01-11,Adult,0.36,3382420,1478117.54,532122,2435
Oregon,0.437,2025-01-18,Adult,0.36,3382420,1478117.54,532122,0
Oregon,0.437,2025-01-25,Adult,0.36,3382420,1478117.54,532122,0
Oregon,0.454,2025-02-01,Adult,0.36,3382420,1535618.68,552823,20701
Oregon,0.454,2025-02-08,Adult,0.36,3382420,1535618.68,552823,0
Oregon,0.454,2025-02-15,Adult,0.36,3382420,1535618.68,552823,0
Oregon,0.454,2025-02-22,Adult,0.36,3382420,1535618.68,552823,0
Oregon,0.474,2025-03-01,Adult,0.36,3382420,1603267.08,577176,24353
Oregon,0.474,2025-03-08,Adult,0.36,3382420,1603267.08,577176,0
Oregon,0.475,2025-03-15,Adult,0.36,3382420,1606649.5,578394,1218
Oregon,0.475,2025-03-22,Adult,0.36,3382420,1606649.5,578394,0
Oregon,0.479,2025-03-29,Adult,0.36,3382420,1620179.18,583265,4871
Oregon,0.482,2025-04-05,Adult,0.36,3382420,1630326.44,586918,3653
Oregon,0.482,2025-04-12,Adult,0.36,3382420,1630326.44,586918,0
Oregon,0.484,2025-04-19,Adult,0.36,3382420,1637091.28,589353,2435
Oregon,0.484,2025-04-26,Adult,0.36,3382420,1637091.28,589353,0
Oregon,0.216846,2024-10-05,Pediatric,0.51,856294,185683.928724,94699,94699
Oregon,0.227518,2024-10-12,Pediatric,0.51,856294,194822.298292,99359,4660
Oregon,0.271182,2024-10-19,Pediatric,0.51,856294,232211.519508,118428,19069
Oregon,0.271182,2024-10-26,Pediatric,0.51,856294,232211.519508,118428,0
Oregon,0.304774,2024-11-02,Pediatric,0.51,856294,260976.147556,133098,14670
Oregon,0.360746,2024-11-09,Pediatric,0.51,856294,308904.635324,157541,24443
Oregon,0.360746,2024-11-16,Pediatric,0.51,856294,308904.635324,157541,0
Oregon,0.360746,2024-11-23,Pediatric,0.51,856294,308904.635324,157541,0
Oregon,0.391529,2024-11-30,Pediatric,0.51,856294,335263.933526,170985,13444
Oregon,0.391529,2024-12-07,Pediatric,0.51,856294,335263.933526,170985,0
Oregon,0.393279,2024-12-14,Pediatric,0.51,856294,336762.448026,171749,764
Oregon,0.394258,2024-12-21,Pediatric,0.51,856294,337600.759852,172176,427
Oregon,0.394258,2024-12-28,Pediatric,0.51,856294,337600.759852,172176,0
Oregon,0.419619,2025-01-04,Pediatric,0.51,856294,359317.231986,183252,11076
Oregon,0.424427,2025-01-11,Pediatric,0.51,856294,363434.293538,185351,2099
Oregon,0.424427,2025-01-18,Pediatric,0.51,856294,363434.293538,185351,0
Oregon,0.424427,2025-01-25,Pediatric,0.51,856294,363434.293538,185351,0
Oregon,0.439609,2025-02-01,Pediatric,0.51,856294,376434.549046,191982,6631
Oregon,0.439609,2025-02-08,Pediatric,0.51,856294,376434.549046,191982,0
Oregon,0.44044,2025-02-15,Pediatric,0.51,856294,377146.12936,192345,363
Oregon,0.44044,2025-02-22,Pediatric,0.51,856294,377146.12936,192345,0
Oregon,0.44977,2025-03-01,Pediatric,0.51,856294,385135.35238,196419,4074
Oregon,0.44977,2025-03-08,Pediatric,0.51,856294,385135.35238,196419,0
Oregon,0.44977,2025-03-15,Pediatric,0.51,856294,385135.35238,196419,0
Oregon,0.44977,2025-03-22,Pediatric,0.51,856294,385135.35238,196419,0
Oregon,0.44977,2025-03-29,Pediatric,0.51,856294,385135.35238,196419,0
Oregon,0.450986,2025-04-05,Pediatric,0.51,856294,386176.605884,196950,531
Oregon,0.450986,2025-04-12,Pediatric,0.51,856294,386176.605884,196950,0
Oregon,0.450986,2025-04-19,Pediatric,0.51,856294,386176.605884,196950,0
Oregon,0.450986,2025-04-26,Pediatric,0.51,856294,386176.605884,196950,0
Pennsylvania,0.031,2024-08-24,Adult,0.36,10312707,319693.917,115090,115090
Pennsylvania,0.035,2024-08-31,Adult,0.36,10312707,360944.745,129940,14850
Pennsylvania,0.035,2024-09-07,Adult,0.36,10312707,360944.745,129940,0
Pennsylvania,0.048,2024-09-14,Adult,0.36,10312707,495009.936,178204,48264
Pennsylvania,0.091,2024-09-21,Adult,0.36,10312707,938456.337,337844,159640
Pennsylvania,0.111,2024-09-28,Adult,0.36,10312707,1144710.477,412096,74252
Pennsylvania,0.154,2024-10-05,Adult,0.36,10312707,1588156.878,571736,159640
Pennsylvania,0.199,2024-10-12,Adult,0.36,10312707,2052228.693,738802,167066
Pennsylvania,0.253,2024-10-19,Adult,0.36,10312707,2609114.871,939281,200479
Pennsylvania,0.282,2024-10-26,Adult,0.36,10312707,2908183.374,1046946,107665
Pennsylvania,0.347,2024-11-02,Adult,0.36,10312707,3578509.329,1288263,241317
Pennsylvania,0.363,2024-11-09,Adult,0.36,10312707,3743512.641,1347665,59402
Pennsylvania,0.382,2024-11-16,Adult,0.36,10312707,3939454.074,1418203,70538
Pennsylvania,0.402,2024-11-23,Adult,0.36,10312707,4145708.214,1492455,74252
Pennsylvania,0.409,2024-11-30,Adult,0.36,10312707,4217897.163,1518443,25988
Pennsylvania,0.438,2024-12-07,Adult,0.36,10312707,4516965.666,1626108,107665
Pennsylvania,0.45,2024-12-14,Adult,0.36,10312707,4640718.15,1670659,44551
Pennsylvania,0.455,2024-12-21,Adult,0.36,10312707,4692281.685,1689221,18562
Pennsylvania,0.455,2024-12-28,Adult,0.36,10312707,4692281.685,1689221,0
Pennsylvania,0.469,2025-01-04,Adult,0.36,10312707,4836659.583,1741197,51976
Pennsylvania,0.473,2025-01-11,Adult,0.36,10312707,4877910.411,1756048,14851
Pennsylvania,0.478,2025-01-18,Adult,0.36,10312707,4929473.946,1774611,18563
Pennsylvania,0.478,2025-01-25,Adult,0.36,10312707,4929473.946,1774611,0
Pennsylvania,0.488,2025-02-01,Adult,0.36,10312707,5032601.016,1811736,37125
Pennsylvania,0.489,2025-02-08,Adult,0.36,10312707,5042913.723,1815449,3713
Pennsylvania,0.489,2025-02-15,Adult,0.36,10312707,5042913.723,1815449,0
Pennsylvania,0.49,2025-02-22,Adult,0.36,10312707,5053226.43,1819162,3713
Pennsylvania,0.501,2025-03-01,Adult,0.36,10312707,5166666.207,1860000,40838
Pennsylvania,0.501,2025-03-08,Adult,0.36,10312707,5166666.207,1860000,0
Pennsylvania,0.501,2025-03-15,Adult,0.36,10312707,5166666.207,1860000,0
Pennsylvania,0.501,2025-03-22,Adult,0.36,10312707,5166666.207,1860000,0
Pennsylvania,0.501,2025-03-29,Adult,0.36,10312707,5166666.207,1860000,0
Pennsylvania,0.506,2025-04-05,Adult,0.36,10312707,5218229.742,1878563,18563
Pennsylvania,0.506,2025-04-12,Adult,0.36,10312707,5218229.742,1878563,0
Pennsylvania,0.507,2025-04-19,Adult,0.36,10312707,5228542.449,1882275,3712
Pennsylvania,0.507,2025-04-26,Adult,0.36,10312707,5228542.449,1882275,0
Pennsylvania,0.20313,2024-10-05,Pediatric,0.51,2673811,543131.22843,276997,276997
Pennsylvania,0.211643,2024-10-12,Pediatric,0.51,2673811,565893.381473,288606,11609
Pennsylvania,0.225615,2024-10-19,Pediatric,0.51,2673811,603251.868765,307658,19052
Pennsylvania,0.262479,2024-10-26,Pediatric,0.51,2673811,701819.237469,357928,50270
Pennsylvania,0.349649,2024-11-02,Pediatric,0.51,2673811,934895.342339,476797,118869
Pennsylvania,0.34992,2024-11-09,Pediatric,0.51,2673811,935619.94512,477166,369
Pennsylvania,0.350243,2024-11-16,Pediatric,0.51,2673811,936483.586073,477607,441
Pennsylvania,0.352537,2024-11-23,Pediatric,0.51,2673811,942617.308507,480735,3128
Pennsylvania,0.359391,2024-11-30,Pediatric,0.51,2673811,960943.609101,490081,9346
Pennsylvania,0.43764,2024-12-07,Pediatric,0.51,2673811,1170166.64604,596785,106704
Pennsylvania,0.440851,2024-12-14,Pediatric,0.51,2673811,1178752.253161,601164,4379
Pennsylvania,0.467862,2024-12-21,Pediatric,0.51,2673811,1250974.562082,637997,36833
Pennsylvania,0.467862,2024-12-28,Pediatric,0.51,2673811,1250974.562082,637997,0
Pennsylvania,0.478241,2025-01-04,Pediatric,0.51,2673811,1278726.046451,652150,14153
Pennsylvania,0.478241,2025-01-11,Pediatric,0.51,2673811,1278726.046451,652150,0
Pennsylvania,0.478454,2025-01-18,Pediatric,0.51,2673811,1279295.568194,652441,291
Pennsylvania,0.478454,2025-01-25,Pediatric,0.51,2673811,1279295.568194,652441,0
Pennsylvania,0.506072,2025-02-01,Pediatric,0.51,2673811,1353140.880392,690102,37661
Pennsylvania,0.509055,2025-02-08,Pediatric,0.51,2673811,1361116.858605,694170,4068
Pennsylvania,0.509214,2025-02-15,Pediatric,0.51,2673811,1361541.994554,694386,216
Pennsylvania,0.509214,2025-02-22,Pediatric,0.51,2673811,1361541.994554,694386,0
Pennsylvania,0.523013,2025-03-01,Pediatric,0.51,2673811,1398437.912543,713203,18817
Pennsylvania,0.528572,2025-03-08,Pediatric,0.51,2673811,1413301.627892,720784,7581
Pennsylvania,0.528572,2025-03-15,Pediatric,0.51,2673811,1413301.627892,720784,0
Pennsylvania,0.528572,2025-03-22,Pediatric,0.51,2673811,1413301.627892,720784,0
Pennsylvania,0.528572,2025-03-29,Pediatric,0.51,2673811,1413301.627892,720784,0
Pennsylvania,0.528572,2025-04-05,Pediatric,0.51,2673811,1413301.627892,720784,0
Pennsylvania,0.528572,2025-04-12,Pediatric,0.51,2673811,1413301.627892,720784,0
Pennsylvania,0.528572,2025-04-19,Pediatric,0.51,2673811,1413301.627892,720784,0
Pennsylvania,0.528572,2025-04-26,Pediatric,0.51,2673811,1413301.627892,720784,0
Puerto Rico,0.033,2024-08-24,Adult,0.36,NA,NA,NA,NA
Puerto Rico,0.036,2024-08-31,Adult,0.36,NA,NA,NA,NA
Puerto Rico,0.077,2024-09-07,Adult,0.36,NA,NA,NA,NA
Puerto Rico,0.081,2024-09-14,Adult,0.36,NA,NA,NA,NA
Puerto Rico,0.086,2024-09-21,Adult,0.36,NA,NA,NA,NA
Puerto Rico,0.104,2024-09-28,Adult,0.36,NA,NA,NA,NA
Puerto Rico,0.115,2024-10-05,Adult,0.36,NA,NA,NA,NA
Puerto Rico,0.14,2024-10-12,Adult,0.36,NA,NA,NA,NA
Puerto Rico,0.144,2024-10-19,Adult,0.36,NA,NA,NA,NA
Puerto Rico,0.158,2024-10-26,Adult,0.36,NA,NA,NA,NA
Puerto Rico,0.174,2024-11-02,Adult,0.36,NA,NA,NA,NA
Puerto Rico,0.178,2024-11-09,Adult,0.36,NA,NA,NA,NA
Puerto Rico,0.191,2024-11-16,Adult,0.36,NA,NA,NA,NA
Puerto Rico,0.197,2024-11-23,Adult,0.36,NA,NA,NA,NA
Puerto Rico,0.197,2024-11-30,Adult,0.36,NA,NA,NA,NA
Puerto Rico,0.223,2024-12-07,Adult,0.36,NA,NA,NA,NA
Puerto Rico,0.223,2024-12-14,Adult,0.36,NA,NA,NA,NA
Puerto Rico,0.236,2024-12-21,Adult,0.36,NA,NA,NA,NA
Puerto Rico,0.236,2024-12-28,Adult,0.36,NA,NA,NA,NA
Puerto Rico,0.244,2025-01-04,Adult,0.36,NA,NA,NA,NA
Puerto Rico,0.251,2025-01-11,Adult,0.36,NA,NA,NA,NA
Puerto Rico,0.251,2025-01-18,Adult,0.36,NA,NA,NA,NA
Puerto Rico,0.253,2025-01-25,Adult,0.36,NA,NA,NA,NA
Puerto Rico,0.27,2025-02-01,Adult,0.36,NA,NA,NA,NA
Puerto Rico,0.275,2025-02-08,Adult,0.36,NA,NA,NA,NA
Puerto Rico,0.275,2025-02-15,Adult,0.36,NA,NA,NA,NA
Puerto Rico,0.278,2025-02-22,Adult,0.36,NA,NA,NA,NA
Puerto Rico,0.292,2025-03-01,Adult,0.36,NA,NA,NA,NA
Puerto Rico,0.295,2025-03-08,Adult,0.36,NA,NA,NA,NA
Puerto Rico,0.296,2025-03-15,Adult,0.36,NA,NA,NA,NA
Puerto Rico,0.296,2025-03-22,Adult,0.36,NA,NA,NA,NA
Puerto Rico,0.297,2025-03-29,Adult,0.36,NA,NA,NA,NA
Puerto Rico,0.309,2025-04-05,Adult,0.36,NA,NA,NA,NA
Puerto Rico,0.314,2025-04-12,Adult,0.36,NA,NA,NA,NA
Puerto Rico,0.314,2025-04-19,Adult,0.36,NA,NA,NA,NA
Puerto Rico,0.314,2025-04-26,Adult,0.36,NA,NA,NA,NA
Puerto Rico,0.102327,2024-10-05,Pediatric,0.51,NA,NA,NA,NA
Puerto Rico,0.102327,2024-10-12,Pediatric,0.51,NA,NA,NA,NA
Puerto Rico,0.102327,2024-10-19,Pediatric,0.51,NA,NA,NA,NA
Puerto Rico,0.154278,2024-10-26,Pediatric,0.51,NA,NA,NA,NA
Puerto Rico,0.154278,2024-11-02,Pediatric,0.51,NA,NA,NA,NA
Puerto Rico,0.154278,2024-11-09,Pediatric,0.51,NA,NA,NA,NA
Puerto Rico,0.154278,2024-11-16,Pediatric,0.51,NA,NA,NA,NA
Puerto Rico,0.154278,2024-11-23,Pediatric,0.51,NA,NA,NA,NA
Puerto Rico,0.154278,2024-11-30,Pediatric,0.51,NA,NA,NA,NA
Puerto Rico,0.179228,2024-12-07,Pediatric,0.51,NA,NA,NA,NA
Puerto Rico,0.179228,2024-12-14,Pediatric,0.51,NA,NA,NA,NA
Puerto Rico,0.179232,2024-12-21,Pediatric,0.51,NA,NA,NA,NA
Puerto Rico,0.179232,2024-12-28,Pediatric,0.51,NA,NA,NA,NA
Puerto Rico,0.201332,2025-01-04,Pediatric,0.51,NA,NA,NA,NA
Puerto Rico,0.203271,2025-01-11,Pediatric,0.51,NA,NA,NA,NA
Puerto Rico,0.203652,2025-01-18,Pediatric,0.51,NA,NA,NA,NA
Puerto Rico,0.203652,2025-01-25,Pediatric,0.51,NA,NA,NA,NA
Puerto Rico,0.218681,2025-02-01,Pediatric,0.51,NA,NA,NA,NA
Puerto Rico,0.234911,2025-02-08,Pediatric,0.51,NA,NA,NA,NA
Puerto Rico,0.234911,2025-02-15,Pediatric,0.51,NA,NA,NA,NA
Puerto Rico,0.234911,2025-02-22,Pediatric,0.51,NA,NA,NA,NA
Puerto Rico,0.234911,2025-03-01,Pediatric,0.51,NA,NA,NA,NA
Puerto Rico,0.234911,2025-03-08,Pediatric,0.51,NA,NA,NA,NA
Puerto Rico,0.234911,2025-03-15,Pediatric,0.51,NA,NA,NA,NA
Puerto Rico,0.234911,2025-03-22,Pediatric,0.51,NA,NA,NA,NA
Puerto Rico,0.234911,2025-03-29,Pediatric,0.51,NA,NA,NA,NA
Puerto Rico,0.250701,2025-04-05,Pediatric,0.51,NA,NA,NA,NA
Puerto Rico,0.252256,2025-04-12,Pediatric,0.51,NA,NA,NA,NA
Puerto Rico,0.25665,2025-04-19,Pediatric,0.51,NA,NA,NA,NA
Puerto Rico,0.25665,2025-04-26,Pediatric,0.51,NA,NA,NA,NA
Rhode Island,0.018,2024-08-24,Adult,0.36,886891,15964.038,5747,5747
Rhode Island,0.018,2024-08-31,Adult,0.36,886891,15964.038,5747,0
Rhode Island,0.035,2024-09-07,Adult,0.36,886891,31041.185,11175,5428
Rhode Island,0.035,2024-09-14,Adult,0.36,886891,31041.185,11175,0
Rhode Island,0.035,2024-09-21,Adult,0.36,886891,31041.185,11175,0
Rhode Island,0.124,2024-09-28,Adult,0.36,886891,109974.484,39591,28416
Rhode Island,0.219,2024-10-05,Adult,0.36,886891,194229.129,69922,30331
Rhode Island,0.243,2024-10-12,Adult,0.36,886891,215514.513,77585,7663
Rhode Island,0.288,2024-10-19,Adult,0.36,886891,255424.608,91953,14368
Rhode Island,0.308,2024-10-26,Adult,0.36,886891,273162.428,98338,6385
Rhode Island,0.35,2024-11-02,Adult,0.36,886891,310411.85,111748,13410
Rhode Island,0.365,2024-11-09,Adult,0.36,886891,323715.215,116537,4789
Rhode Island,0.407,2024-11-16,Adult,0.36,886891,360964.637,129947,13410
Rhode Island,0.436,2024-11-23,Adult,0.36,886891,386684.476,139206,9259
Rhode Island,0.45,2024-11-30,Adult,0.36,886891,399100.95,143676,4470
Rhode Island,0.477,2024-12-07,Adult,0.36,886891,423047.007,152297,8621
Rhode Island,0.481,2024-12-14,Adult,0.36,886891,426594.571,153574,1277
Rhode Island,0.493,2024-12-21,Adult,0.36,886891,437237.263,157405,3831
Rhode Island,0.493,2024-12-28,Adult,0.36,886891,437237.263,157405,0
Rhode Island,0.501,2025-01-04,Adult,0.36,886891,444332.391,159960,2555
Rhode Island,0.501,2025-01-11,Adult,0.36,886891,444332.391,159960,0
Rhode Island,0.514,2025-01-18,Adult,0.36,886891,455861.974,164110,4150
Rhode Island,0.514,2025-01-25,Adult,0.36,886891,455861.974,164110,0
Rhode Island,0.531,2025-02-01,Adult,0.36,886891,470939.121,169538,5428
Rhode Island,0.535,2025-02-08,Adult,0.36,886891,474486.685,170815,1277
Rhode Island,0.536,2025-02-15,Adult,0.36,886891,475373.576,171134,319
Rhode Island,0.542,2025-02-22,Adult,0.36,886891,480694.922,173050,1916
Rhode Island,0.552,2025-03-01,Adult,0.36,886891,489563.832,176243,3193
Rhode Island,0.558,2025-03-08,Adult,0.36,886891,494885.178,178159,1916
Rhode Island,0.558,2025-03-15,Adult,0.36,886891,494885.178,178159,0
Rhode Island,0.558,2025-03-22,Adult,0.36,886891,494885.178,178159,0
Rhode Island,0.558,2025-03-29,Adult,0.36,886891,494885.178,178159,0
Rhode Island,0.558,2025-04-05,Adult,0.36,886891,494885.178,178159,0
Rhode Island,0.558,2025-04-12,Adult,0.36,886891,494885.178,178159,0
Rhode Island,0.558,2025-04-19,Adult,0.36,886891,494885.178,178159,0
Rhode Island,0.558,2025-04-26,Adult,0.36,886891,494885.178,178159,0
Rhode Island,0.230681,2024-10-05,Pediatric,0.51,208480,48092.37488,24527,24527
Rhode Island,0.245576,2024-10-12,Pediatric,0.51,208480,51197.68448,26111,1584
Rhode Island,0.282478,2024-10-19,Pediatric,0.51,208480,58891.01344,30034,3923
Rhode Island,0.285299,2024-10-26,Pediatric,0.51,208480,59479.13552,30334,300
Rhode Island,0.492661,2024-11-02,Pediatric,0.51,208480,102709.96528,52382,22048
Rhode Island,0.492661,2024-11-09,Pediatric,0.51,208480,102709.96528,52382,0
Rhode Island,0.492661,2024-11-16,Pediatric,0.51,208480,102709.96528,52382,0
Rhode Island,0.492661,2024-11-23,Pediatric,0.51,208480,102709.96528,52382,0
Rhode Island,0.492661,2024-11-30,Pediatric,0.51,208480,102709.96528,52382,0
Rhode Island,0.602609,2024-12-07,Pediatric,0.51,208480,125631.92432,64072,11690
Rhode Island,0.602609,2024-12-14,Pediatric,0.51,208480,125631.92432,64072,0
Rhode Island,0.602609,2024-12-21,Pediatric,0.51,208480,125631.92432,64072,0
Rhode Island,0.602609,2024-12-28,Pediatric,0.51,208480,125631.92432,64072,0
Rhode Island,0.646455,2025-01-04,Pediatric,0.51,208480,134772.9384,68734,4662
Rhode Island,0.651582,2025-01-11,Pediatric,0.51,208480,135841.81536,69279,545
Rhode Island,0.651582,2025-01-18,Pediatric,0.51,208480,135841.81536,69279,0
Rhode Island,0.651582,2025-01-25,Pediatric,0.51,208480,135841.81536,69279,0
Rhode Island,0.679418,2025-02-01,Pediatric,0.51,208480,141645.06464,72239,2960
Rhode Island,0.679418,2025-02-08,Pediatric,0.51,208480,141645.06464,72239,0
Rhode Island,0.691942,2025-02-15,Pediatric,0.51,208480,144256.06816,73571,1332
Rhode Island,0.691942,2025-02-22,Pediatric,0.51,208480,144256.06816,73571,0
Rhode Island,0.691942,2025-03-01,Pediatric,0.51,208480,144256.06816,73571,0
Rhode Island,0.691942,2025-03-08,Pediatric,0.51,208480,144256.06816,73571,0
Rhode Island,0.694776,2025-03-15,Pediatric,0.51,208480,144846.90048,73872,301
Rhode Island,0.694776,2025-03-22,Pediatric,0.51,208480,144846.90048,73872,0
Rhode Island,0.694776,2025-03-29,Pediatric,0.51,208480,144846.90048,73872,0
Rhode Island,0.711591,2025-04-05,Pediatric,0.51,208480,148352.49168,75660,1788
Rhode Island,0.711591,2025-04-12,Pediatric,0.51,208480,148352.49168,75660,0
Rhode Island,0.711591,2025-04-19,Pediatric,0.51,208480,148352.49168,75660,0
Rhode Island,0.711591,2025-04-26,Pediatric,0.51,208480,148352.49168,75660,0
South Carolina,0.031,2024-08-24,Adult,0.36,4085712,126657.072,45597,45597
South Carolina,0.034,2024-08-31,Adult,0.36,4085712,138914.208,50009,4412
South Carolina,0.066,2024-09-07,Adult,0.36,4085712,269656.992,97077,47068
South Carolina,0.096,2024-09-14,Adult,0.36,4085712,392228.352,141202,44125
South Carolina,0.114,2024-09-21,Adult,0.36,4085712,465771.168,167678,26476
South Carolina,0.114,2024-09-28,Adult,0.36,4085712,465771.168,167678,0
South Carolina,0.132,2024-10-05,Adult,0.36,4085712,539313.984,194153,26475
South Carolina,0.167,2024-10-12,Adult,0.36,4085712,682313.904,245633,51480
South Carolina,0.217,2024-10-19,Adult,0.36,4085712,886599.504,319176,73543
South Carolina,0.242,2024-10-26,Adult,0.36,4085712,988742.304,355947,36771
South Carolina,0.302,2024-11-02,Adult,0.36,4085712,1233885.024,444199,88252
South Carolina,0.327,2024-11-09,Adult,0.36,4085712,1336027.824,480970,36771
South Carolina,0.359,2024-11-16,Adult,0.36,4085712,1466770.608,528037,47067
South Carolina,0.359,2024-11-23,Adult,0.36,4085712,1466770.608,528037,0
South Carolina,0.362,2024-11-30,Adult,0.36,4085712,1479027.744,532450,4413
South Carolina,0.38,2024-12-07,Adult,0.36,4085712,1552570.56,558925,26475
South Carolina,0.38,2024-12-14,Adult,0.36,4085712,1552570.56,558925,0
South Carolina,0.38,2024-12-21,Adult,0.36,4085712,1552570.56,558925,0
South Carolina,0.381,2024-12-28,Adult,0.36,4085712,1556656.272,560396,1471
South Carolina,0.392,2025-01-04,Adult,0.36,4085712,1601599.104,576576,16180
South Carolina,0.394,2025-01-11,Adult,0.36,4085712,1609770.528,579517,2941
South Carolina,0.394,2025-01-18,Adult,0.36,4085712,1609770.528,579517,0
South Carolina,0.394,2025-01-25,Adult,0.36,4085712,1609770.528,579517,0
South Carolina,0.414,2025-02-01,Adult,0.36,4085712,1691484.768,608935,29418
South Carolina,0.426,2025-02-08,Adult,0.36,4085712,1740513.312,626585,17650
South Carolina,0.426,2025-02-15,Adult,0.36,4085712,1740513.312,626585,0
South Carolina,0.426,2025-02-22,Adult,0.36,4085712,1740513.312,626585,0
South Carolina,0.43,2025-03-01,Adult,0.36,4085712,1756856.16,632468,5883
South Carolina,0.431,2025-03-08,Adult,0.36,4085712,1760941.872,633939,1471
South Carolina,0.432,2025-03-15,Adult,0.36,4085712,1765027.584,635410,1471
South Carolina,0.432,2025-03-22,Adult,0.36,4085712,1765027.584,635410,0
South Carolina,0.434,2025-03-29,Adult,0.36,4085712,1773199.008,638352,2942
South Carolina,0.434,2025-04-05,Adult,0.36,4085712,1773199.008,638352,0
South Carolina,0.434,2025-04-12,Adult,0.36,4085712,1773199.008,638352,0
South Carolina,0.434,2025-04-19,Adult,0.36,4085712,1773199.008,638352,0
South Carolina,0.434,2025-04-26,Adult,0.36,4085712,1773199.008,638352,0
South Carolina,0.136285,2024-10-05,Pediatric,0.51,1127062,153601.64467,78337,78337
South Carolina,0.136285,2024-10-12,Pediatric,0.51,1127062,153601.64467,78337,0
South Carolina,0.138749,2024-10-19,Pediatric,0.51,1127062,156378.725438,79753,1416
South Carolina,0.151966,2024-10-26,Pediatric,0.51,1127062,171275.103892,87350,7597
South Carolina,0.21749,2024-11-02,Pediatric,0.51,1127062,245124.71438,125014,37664
South Carolina,0.230747,2024-11-09,Pediatric,0.51,1127062,260066.175314,132634,7620
South Carolina,0.255209,2024-11-16,Pediatric,0.51,1127062,287636.365958,146695,14061
South Carolina,0.263239,2024-11-23,Pediatric,0.51,1127062,296686.673818,151310,4615
South Carolina,0.272643,2024-11-30,Pediatric,0.51,1127062,307285.564866,156716,5406
South Carolina,0.302255,2024-12-07,Pediatric,0.51,1127062,340660.12481,173737,17021
South Carolina,0.302754,2024-12-14,Pediatric,0.51,1127062,341222.528748,174023,286
South Carolina,0.30346,2024-12-21,Pediatric,0.51,1127062,342018.23452,174429,406
South Carolina,0.30346,2024-12-28,Pediatric,0.51,1127062,342018.23452,174429,0
South Carolina,0.336733,2025-01-04,Pediatric,0.51,1127062,379518.968446,193555,19126
South Carolina,0.336733,2025-01-11,Pediatric,0.51,1127062,379518.968446,193555,0
South Carolina,0.336733,2025-01-18,Pediatric,0.51,1127062,379518.968446,193555,0
South Carolina,0.336733,2025-01-25,Pediatric,0.51,1127062,379518.968446,193555,0
South Carolina,0.367754,2025-02-01,Pediatric,0.51,1127062,414481.558748,211386,17831
South Carolina,0.367754,2025-02-08,Pediatric,0.51,1127062,414481.558748,211386,0
South Carolina,0.367754,2025-02-15,Pediatric,0.51,1127062,414481.558748,211386,0
South Carolina,0.3718,2025-02-22,Pediatric,0.51,1127062,419041.6516,213711,2325
South Carolina,0.397344,2025-03-01,Pediatric,0.51,1127062,447831.323328,228394,14683
South Carolina,0.397344,2025-03-08,Pediatric,0.51,1127062,447831.323328,228394,0
South Carolina,0.400205,2025-03-15,Pediatric,0.51,1127062,451055.84771,230038,1644
South Carolina,0.400205,2025-03-22,Pediatric,0.51,1127062,451055.84771,230038,0
South Carolina,0.400205,2025-03-29,Pediatric,0.51,1127062,451055.84771,230038,0
South Carolina,0.405476,2025-04-05,Pediatric,0.51,1127062,456996.591512,233068,3030
South Carolina,0.405476,2025-04-12,Pediatric,0.51,1127062,456996.591512,233068,0
South Carolina,0.405476,2025-04-19,Pediatric,0.51,1127062,456996.591512,233068,0
South Carolina,0.405476,2025-04-26,Pediatric,0.51,1127062,456996.591512,233068,0
South Dakota,0.008,2024-08-24,Adult,0.36,679374,5434.992,1957,1957
South Dakota,0.008,2024-08-31,Adult,0.36,679374,5434.992,1957,0
South Dakota,0.035,2024-09-07,Adult,0.36,679374,23778.09,8560,6603
South Dakota,0.042,2024-09-14,Adult,0.36,679374,28533.708,10272,1712
South Dakota,0.06,2024-09-21,Adult,0.36,679374,40762.44,14674,4402
South Dakota,0.079,2024-09-28,Adult,0.36,679374,53670.546,19321,4647
South Dakota,0.107,2024-10-05,Adult,0.36,679374,72693.018,26169,6848
South Dakota,0.152,2024-10-12,Adult,0.36,679374,103264.848,37175,11006
South Dakota,0.225,2024-10-19,Adult,0.36,679374,152859.15,55029,17854
South Dakota,0.265,2024-10-26,Adult,0.36,679374,180034.11,64812,9783
South Dakota,0.308,2024-11-02,Adult,0.36,679374,209247.192,75329,10517
South Dakota,0.328,2024-11-09,Adult,0.36,679374,222834.672,80220,4891
South Dakota,0.341,2024-11-16,Adult,0.36,679374,231666.534,83400,3180
South Dakota,0.346,2024-11-23,Adult,0.36,679374,235063.404,84623,1223
South Dakota,0.353,2024-11-30,Adult,0.36,679374,239819.022,86335,1712
South Dakota,0.426,2024-12-07,Adult,0.36,679374,289413.324,104189,17854
South Dakota,0.433,2024-12-14,Adult,0.36,679374,294168.942,105901,1712
South Dakota,0.435,2024-12-21,Adult,0.36,679374,295527.69,106390,489
South Dakota,0.435,2024-12-28,Adult,0.36,679374,295527.69,106390,0
South Dakota,0.441,2025-01-04,Adult,0.36,679374,299603.934,107857,1467
South Dakota,0.443,2025-01-11,Adult,0.36,679374,300962.682,108347,490
South Dakota,0.443,2025-01-18,Adult,0.36,679374,300962.682,108347,0
South Dakota,0.443,2025-01-25,Adult,0.36,679374,300962.682,108347,0
South Dakota,0.465,2025-02-01,Adult,0.36,679374,315908.91,113727,5380
South Dakota,0.465,2025-02-08,Adult,0.36,679374,315908.91,113727,0
South Dakota,0.478,2025-02-15,Adult,0.36,679374,324740.772,116907,3180
South Dakota,0.478,2025-02-22,Adult,0.36,679374,324740.772,116907,0
South Dakota,0.478,2025-03-01,Adult,0.36,679374,324740.772,116907,0
South Dakota,0.478,2025-03-08,Adult,0.36,679374,324740.772,116907,0
South Dakota,0.478,2025-03-15,Adult,0.36,679374,324740.772,116907,0
South Dakota,0.48,2025-03-22,Adult,0.36,679374,326099.52,117396,489
South Dakota,0.484,2025-03-29,Adult,0.36,679374,328817.016,118374,978
South Dakota,0.485,2025-04-05,Adult,0.36,679374,329496.39,118619,245
South Dakota,0.493,2025-04-12,Adult,0.36,679374,334931.382,120575,1956
South Dakota,0.493,2025-04-19,Adult,0.36,679374,334931.382,120575,0
South Dakota,0.493,2025-04-26,Adult,0.36,679374,334931.382,120575,0
South Dakota,0.104181,2024-10-05,Pediatric,0.51,219820,22901.06742,11680,11680
South Dakota,0.105127,2024-10-12,Pediatric,0.51,219820,23109.01714,11786,106
South Dakota,0.126679,2024-10-19,Pediatric,0.51,219820,27846.57778,14202,2416
South Dakota,0.126679,2024-10-26,Pediatric,0.51,219820,27846.57778,14202,0
South Dakota,0.29854,2024-11-02,Pediatric,0.51,219820,65625.0628,33469,19267
South Dakota,0.315858,2024-11-09,Pediatric,0.51,219820,69431.90556,35410,1941
South Dakota,0.323604,2024-11-16,Pediatric,0.51,219820,71134.63128,36279,869
South Dakota,0.325273,2024-11-23,Pediatric,0.51,219820,71501.51086,36466,187
South Dakota,0.325273,2024-11-30,Pediatric,0.51,219820,71501.51086,36466,0
South Dakota,0.405494,2024-12-07,Pediatric,0.51,219820,89135.69108,45459,8993
South Dakota,0.412207,2024-12-14,Pediatric,0.51,219820,90611.34274,46212,753
South Dakota,0.412207,2024-12-21,Pediatric,0.51,219820,90611.34274,46212,0
South Dakota,0.412207,2024-12-28,Pediatric,0.51,219820,90611.34274,46212,0
South Dakota,0.443722,2025-01-04,Pediatric,0.51,219820,97538.97004,49745,3533
South Dakota,0.44889,2025-01-11,Pediatric,0.51,219820,98674.9998,50324,579
South Dakota,0.44889,2025-01-18,Pediatric,0.51,219820,98674.9998,50324,0
South Dakota,0.44889,2025-01-25,Pediatric,0.51,219820,98674.9998,50324,0
South Dakota,0.454358,2025-02-01,Pediatric,0.51,219820,99876.97556,50937,613
South Dakota,0.454358,2025-02-08,Pediatric,0.51,219820,99876.97556,50937,0
South Dakota,0.454358,2025-02-15,Pediatric,0.51,219820,99876.97556,50937,0
South Dakota,0.454358,2025-02-22,Pediatric,0.51,219820,99876.97556,50937,0
South Dakota,0.474151,2025-03-01,Pediatric,0.51,219820,104227.87282,53156,2219
South Dakota,0.475756,2025-03-08,Pediatric,0.51,219820,104580.68392,53336,180
South Dakota,0.475756,2025-03-15,Pediatric,0.51,219820,104580.68392,53336,0
South Dakota,0.475756,2025-03-22,Pediatric,0.51,219820,104580.68392,53336,0
South Dakota,0.475756,2025-03-29,Pediatric,0.51,219820,104580.68392,53336,0
South Dakota,0.475756,2025-04-05,Pediatric,0.51,219820,104580.68392,53336,0
South Dakota,0.475756,2025-04-12,Pediatric,0.51,219820,104580.68392,53336,0
South Dakota,0.475756,2025-04-19,Pediatric,0.51,219820,104580.68392,53336,0
South Dakota,0.475756,2025-04-26,Pediatric,0.51,219820,104580.68392,53336,0
Tennessee,0.014,2024-08-24,Adult,0.36,5428076,75993.064,27358,27358
Tennessee,0.014,2024-08-31,Adult,0.36,5428076,75993.064,27358,0
Tennessee,0.046,2024-09-07,Adult,0.36,5428076,249691.496,89889,62531
Tennessee,0.051,2024-09-14,Adult,0.36,5428076,276831.876,99659,9770
Tennessee,0.06,2024-09-21,Adult,0.36,5428076,325684.56,117246,17587
Tennessee,0.06,2024-09-28,Adult,0.36,5428076,325684.56,117246,0
Tennessee,0.13,2024-10-05,Adult,0.36,5428076,705649.88,254034,136788
Tennessee,0.14,2024-10-12,Adult,0.36,5428076,759930.64,273575,19541
Tennessee,0.161,2024-10-19,Adult,0.36,5428076,873920.236,314611,41036
Tennessee,0.255,2024-10-26,Adult,0.36,5428076,1384159.38,498297,183686
Tennessee,0.295,2024-11-02,Adult,0.36,5428076,1601282.42,576462,78165
Tennessee,0.311,2024-11-09,Adult,0.36,5428076,1688131.636,607727,31265
Tennessee,0.314,2024-11-16,Adult,0.36,5428076,1704415.864,613590,5863
Tennessee,0.317,2024-11-23,Adult,0.36,5428076,1720700.092,619452,5862
Tennessee,0.368,2024-11-30,Adult,0.36,5428076,1997531.968,719112,99660
Tennessee,0.368,2024-12-07,Adult,0.36,5428076,1997531.968,719112,0
Tennessee,0.368,2024-12-14,Adult,0.36,5428076,1997531.968,719112,0
Tennessee,0.368,2024-12-21,Adult,0.36,5428076,1997531.968,719112,0
Tennessee,0.368,2024-12-28,Adult,0.36,5428076,1997531.968,719112,0
Tennessee,0.384,2025-01-04,Adult,0.36,5428076,2084381.184,750377,31265
Tennessee,0.384,2025-01-11,Adult,0.36,5428076,2084381.184,750377,0
Tennessee,0.386,2025-01-18,Adult,0.36,5428076,2095237.336,754285,3908
Tennessee,0.386,2025-01-25,Adult,0.36,5428076,2095237.336,754285,0
Tennessee,0.401,2025-02-01,Adult,0.36,5428076,2176658.476,783597,29312
Tennessee,0.401,2025-02-08,Adult,0.36,5428076,2176658.476,783597,0
Tennessee,0.401,2025-02-15,Adult,0.36,5428076,2176658.476,783597,0
Tennessee,0.401,2025-02-22,Adult,0.36,5428076,2176658.476,783597,0
Tennessee,0.414,2025-03-01,Adult,0.36,5428076,2247223.464,809000,25403
Tennessee,0.414,2025-03-08,Adult,0.36,5428076,2247223.464,809000,0
Tennessee,0.414,2025-03-15,Adult,0.36,5428076,2247223.464,809000,0
Tennessee,0.414,2025-03-22,Adult,0.36,5428076,2247223.464,809000,0
Tennessee,0.414,2025-03-29,Adult,0.36,5428076,2247223.464,809000,0
Tennessee,0.427,2025-04-05,Adult,0.36,5428076,2317788.452,834404,25404
Tennessee,0.427,2025-04-12,Adult,0.36,5428076,2317788.452,834404,0
Tennessee,0.427,2025-04-19,Adult,0.36,5428076,2317788.452,834404,0
Tennessee,0.427,2025-04-26,Adult,0.36,5428076,2317788.452,834404,0
Tennessee,0.142426,2024-10-05,Pediatric,0.51,1558006,221900.562556,113169,113169
Tennessee,0.142426,2024-10-12,Pediatric,0.51,1558006,221900.562556,113169,0
Tennessee,0.17329,2024-10-19,Pediatric,0.51,1558006,269986.85974,137693,24524
Tennessee,0.179987,2024-10-26,Pediatric,0.51,1558006,280420.825922,143015,5322
Tennessee,0.269666,2024-11-02,Pediatric,0.51,1558006,420141.245996,214272,71257
Tennessee,0.269783,2024-11-09,Pediatric,0.51,1558006,420323.532698,214365,93
Tennessee,0.270149,2024-11-16,Pediatric,0.51,1558006,420893.762894,214656,291
Tennessee,0.270196,2024-11-23,Pediatric,0.51,1558006,420966.989176,214693,37
Tennessee,0.270196,2024-11-30,Pediatric,0.51,1558006,420966.989176,214693,0
Tennessee,0.343391,2024-12-07,Pediatric,0.51,1558006,535005.238346,272853,58160
Tennessee,0.354706,2024-12-14,Pediatric,0.51,1558006,552634.076236,281843,8990
Tennessee,0.354706,2024-12-21,Pediatric,0.51,1558006,552634.076236,281843,0
Tennessee,0.354706,2024-12-28,Pediatric,0.51,1558006,552634.076236,281843,0
Tennessee,0.367301,2025-01-04,Pediatric,0.51,1558006,572257.161806,291851,10008
Tennessee,0.367301,2025-01-11,Pediatric,0.51,1558006,572257.161806,291851,0
Tennessee,0.367301,2025-01-18,Pediatric,0.51,1558006,572257.161806,291851,0
Tennessee,0.367301,2025-01-25,Pediatric,0.51,1558006,572257.161806,291851,0
Tennessee,0.383541,2025-02-01,Pediatric,0.51,1558006,597559.179246,304755,12904
Tennessee,0.383541,2025-02-08,Pediatric,0.51,1558006,597559.179246,304755,0
Tennessee,0.383541,2025-02-15,Pediatric,0.51,1558006,597559.179246,304755,0
Tennessee,0.383541,2025-02-22,Pediatric,0.51,1558006,597559.179246,304755,0
Tennessee,0.399046,2025-03-01,Pediatric,0.51,1558006,621716.062276,317075,12320
Tennessee,0.399046,2025-03-08,Pediatric,0.51,1558006,621716.062276,317075,0
Tennessee,0.399046,2025-03-15,Pediatric,0.51,1558006,621716.062276,317075,0
Tennessee,0.399046,2025-03-22,Pediatric,0.51,1558006,621716.062276,317075,0
Tennessee,0.399046,2025-03-29,Pediatric,0.51,1558006,621716.062276,317075,0
Tennessee,0.404506,2025-04-05,Pediatric,0.51,1558006,630222.775036,321414,4339
Tennessee,0.404506,2025-04-12,Pediatric,0.51,1558006,630222.775036,321414,0
Tennessee,0.404506,2025-04-19,Pediatric,0.51,1558006,630222.775036,321414,0
Tennessee,0.404506,2025-04-26,Pediatric,0.51,1558006,630222.775036,321414,0
Texas,0.025,2024-08-24,Adult,0.36,22157813,553945.325,199420,199420
Texas,0.034,2024-08-31,Adult,0.36,22157813,753365.642,271212,71792
Texas,0.066,2024-09-07,Adult,0.36,22157813,1462415.658,526470,255258
Texas,0.084,2024-09-14,Adult,0.36,22157813,1861256.292,670052,143582
Texas,0.106,2024-09-21,Adult,0.36,22157813,2348728.178,845542,175490
Texas,0.127,2024-09-28,Adult,0.36,22157813,2814042.251,1013055,167513
Texas,0.155,2024-10-05,Adult,0.36,22157813,3434461.015,1236406,223351
Texas,0.173,2024-10-12,Adult,0.36,22157813,3833301.649,1379989,143583
Texas,0.189,2024-10-19,Adult,0.36,22157813,4187826.657,1507618,127629
Texas,0.223,2024-10-26,Adult,0.36,22157813,4941192.299,1778829,271211
Texas,0.276,2024-11-02,Adult,0.36,22157813,6115556.388,2201600,422771
Texas,0.294,2024-11-09,Adult,0.36,22157813,6514397.022,2345183,143583
Texas,0.303,2024-11-16,Adult,0.36,22157813,6713817.339,2416974,71791
Texas,0.312,2024-11-23,Adult,0.36,22157813,6913237.656,2488766,71792
Texas,0.313,2024-11-30,Adult,0.36,22157813,6935395.469,2496742,7976
Texas,0.336,2024-12-07,Adult,0.36,22157813,7445025.168,2680209,183467
Texas,0.338,2024-12-14,Adult,0.36,22157813,7489340.794,2696163,15954
Texas,0.342,2024-12-21,Adult,0.36,22157813,7577972.046,2728070,31907
Texas,0.366,2024-12-28,Adult,0.36,22157813,8109759.558,2919513,191443
Texas,0.366,2025-01-04,Adult,0.36,22157813,8109759.558,2919513,0
Texas,0.366,2025-01-11,Adult,0.36,22157813,8109759.558,2919513,0
Texas,0.381,2025-01-18,Adult,0.36,22157813,8442126.753,3039166,119653
Texas,0.382,2025-01-25,Adult,0.36,22157813,8464284.566,3047142,7976
Texas,0.388,2025-02-01,Adult,0.36,22157813,8597231.444,3095003,47861
Texas,0.389,2025-02-08,Adult,0.36,22157813,8619389.257,3102980,7977
Texas,0.397,2025-02-15,Adult,0.36,22157813,8796651.761,3166795,63815
Texas,0.397,2025-02-22,Adult,0.36,22157813,8796651.761,3166795,0
Texas,0.406,2025-03-01,Adult,0.36,22157813,8996072.078,3238586,71791
Texas,0.406,2025-03-08,Adult,0.36,22157813,8996072.078,3238586,0
Texas,0.406,2025-03-15,Adult,0.36,22157813,8996072.078,3238586,0
Texas,0.406,2025-03-22,Adult,0.36,22157813,8996072.078,3238586,0
Texas,0.406,2025-03-29,Adult,0.36,22157813,8996072.078,3238586,0
Texas,0.41,2025-04-05,Adult,0.36,22157813,9084703.33,3270493,31907
Texas,0.41,2025-04-12,Adult,0.36,22157813,9084703.33,3270493,0
Texas,0.411,2025-04-19,Adult,0.36,22157813,9106861.143,3278470,7977
Texas,0.411,2025-04-26,Adult,0.36,22157813,9106861.143,3278470,0
Texas,0.178052,2024-10-05,Pediatric,0.51,7482530,1332279.43156,679463,679463
Texas,0.223399,2024-10-12,Pediatric,0.51,7482530,1671589.71947,852511,173048
Texas,0.256704,2024-10-19,Pediatric,0.51,7482530,1920795.38112,979606,127095
Texas,0.281724,2024-10-26,Pediatric,0.51,7482530,2108008.28172,1075084,95478
Texas,0.3256,2024-11-02,Pediatric,0.51,7482530,2436311.768,1242519,167435
Texas,0.326188,2024-11-09,Pediatric,0.51,7482530,2440711.49564,1244763,2244
Texas,0.333704,2024-11-16,Pediatric,0.51,7482530,2496950.19112,1273445,28682
Texas,0.37199,2024-11-23,Pediatric,0.51,7482530,2783426.3347,1419547,146102
Texas,0.37199,2024-11-30,Pediatric,0.51,7482530,2783426.3347,1419547,0
Texas,0.417645,2024-12-07,Pediatric,0.51,7482530,3125041.24185,1593771,174224
Texas,0.433296,2024-12-14,Pediatric,0.51,7482530,3242150.31888,1653497,59726
Texas,0.433296,2024-12-21,Pediatric,0.51,7482530,3242150.31888,1653497,0
Texas,0.433296,2024-12-28,Pediatric,0.51,7482530,3242150.31888,1653497,0
Texas,0.456937,2025-01-04,Pediatric,0.51,7482530,3419044.81061,1743713,90216
Texas,0.457233,2025-01-11,Pediatric,0.51,7482530,3421259.63949,1744842,1129
Texas,0.459406,2025-01-18,Pediatric,0.51,7482530,3437519.17718,1753135,8293
Texas,0.462255,2025-01-25,Pediatric,0.51,7482530,3458836.90515,1764007,10872
Texas,0.478914,2025-02-01,Pediatric,0.51,7482530,3583488.37242,1827579,63572
Texas,0.478914,2025-02-08,Pediatric,0.51,7482530,3583488.37242,1827579,0
Texas,0.481585,2025-02-15,Pediatric,0.51,7482530,3603474.21005,1837772,10193
Texas,0.481585,2025-02-22,Pediatric,0.51,7482530,3603474.21005,1837772,0
Texas,0.499051,2025-03-01,Pediatric,0.51,7482530,3734164.07903,1904424,66652
Texas,0.501327,2025-03-08,Pediatric,0.51,7482530,3751194.31731,1913109,8685
Texas,0.501327,2025-03-15,Pediatric,0.51,7482530,3751194.31731,1913109,0
Texas,0.501327,2025-03-22,Pediatric,0.51,7482530,3751194.31731,1913109,0
Texas,0.501327,2025-03-29,Pediatric,0.51,7482530,3751194.31731,1913109,0
Texas,0.525004,2025-04-05,Pediatric,0.51,7482530,3928358.18012,2003463,90354
Texas,0.525004,2025-04-12,Pediatric,0.51,7482530,3928358.18012,2003463,0
Texas,0.525263,2025-04-19,Pediatric,0.51,7482530,3930296.15539,2004451,988
Texas,0.526394,2025-04-26,Pediatric,0.51,7482530,3938758.89682,2008767,4316
U.S. Virgin Islands,0.145,2025-01-04,Adult,0.36,NA,NA,NA,NA
U.S. Virgin Islands,0.145,2025-01-11,Adult,0.36,NA,NA,NA,NA
U.S. Virgin Islands,0.145,2025-01-18,Adult,0.36,NA,NA,NA,NA
U.S. Virgin Islands,0.145,2025-01-25,Adult,0.36,NA,NA,NA,NA
U.S. Virgin Islands,0.156,2025-02-01,Adult,0.36,NA,NA,NA,NA
U.S. Virgin Islands,0.161,2025-02-08,Adult,0.36,NA,NA,NA,NA
U.S. Virgin Islands,0.161,2025-02-15,Adult,0.36,NA,NA,NA,NA
U.S. Virgin Islands,0.162,2025-02-22,Adult,0.36,NA,NA,NA,NA
U.S. Virgin Islands,0.162,2025-03-01,Adult,0.36,NA,NA,NA,NA
U.S. Virgin Islands,0.163,2025-03-08,Adult,0.36,NA,NA,NA,NA
U.S. Virgin Islands,0.163,2025-03-15,Adult,0.36,NA,NA,NA,NA
U.S. Virgin Islands,0.163,2025-03-22,Adult,0.36,NA,NA,NA,NA
U.S. Virgin Islands,0.163,2025-03-29,Adult,0.36,NA,NA,NA,NA
U.S. Virgin Islands,0.174,2025-04-05,Adult,0.36,NA,NA,NA,NA
U.S. Virgin Islands,0.174,2025-04-12,Adult,0.36,NA,NA,NA,NA
U.S. Virgin Islands,0.174,2025-04-19,Adult,0.36,NA,NA,NA,NA
U.S. Virgin Islands,0.174,2025-04-26,Adult,0.36,NA,NA,NA,NA
U.S. Virgin Islands,0.199935,2025-01-04,Pediatric,0.51,NA,NA,NA,NA
U.S. Virgin Islands,0.199935,2025-01-11,Pediatric,0.51,NA,NA,NA,NA
U.S. Virgin Islands,0.199935,2025-01-18,Pediatric,0.51,NA,NA,NA,NA
U.S. Virgin Islands,0.199935,2025-01-25,Pediatric,0.51,NA,NA,NA,NA
U.S. Virgin Islands,0.21348,2025-02-01,Pediatric,0.51,NA,NA,NA,NA
U.S. Virgin Islands,0.21348,2025-02-08,Pediatric,0.51,NA,NA,NA,NA
U.S. Virgin Islands,0.21348,2025-02-15,Pediatric,0.51,NA,NA,NA,NA
U.S. Virgin Islands,0.21348,2025-02-22,Pediatric,0.51,NA,NA,NA,NA
U.S. Virgin Islands,0.221869,2025-03-01,Pediatric,0.51,NA,NA,NA,NA
U.S. Virgin Islands,0.221869,2025-03-08,Pediatric,0.51,NA,NA,NA,NA
U.S. Virgin Islands,0.221869,2025-03-15,Pediatric,0.51,NA,NA,NA,NA
U.S. Virgin Islands,0.221869,2025-03-22,Pediatric,0.51,NA,NA,NA,NA
U.S. Virgin Islands,0.221869,2025-03-29,Pediatric,0.51,NA,NA,NA,NA
U.S. Virgin Islands,0.221869,2025-04-05,Pediatric,0.51,NA,NA,NA,NA
U.S. Virgin Islands,0.221869,2025-04-12,Pediatric,0.51,NA,NA,NA,NA
U.S. Virgin Islands,0.221869,2025-04-19,Pediatric,0.51,NA,NA,NA,NA
U.S. Virgin Islands,0.221869,2025-04-26,Pediatric,0.51,NA,NA,NA,NA
Utah,0.003,2024-08-24,Adult,0.36,2387055,7161.165,2578,2578
Utah,0.029,2024-08-31,Adult,0.36,2387055,69224.595,24921,22343
Utah,0.029,2024-09-07,Adult,0.36,2387055,69224.595,24921,0
Utah,0.029,2024-09-14,Adult,0.36,2387055,69224.595,24921,0
Utah,0.029,2024-09-21,Adult,0.36,2387055,69224.595,24921,0
Utah,0.029,2024-09-28,Adult,0.36,2387055,69224.595,24921,0
Utah,0.139,2024-10-05,Adult,0.36,2387055,331800.645,119448,94527
Utah,0.168,2024-10-12,Adult,0.36,2387055,401025.24,144369,24921
Utah,0.237,2024-10-19,Adult,0.36,2387055,565732.035,203664,59295
Utah,0.237,2024-10-26,Adult,0.36,2387055,565732.035,203664,0
Utah,0.292,2024-11-02,Adult,0.36,2387055,697020.06,250927,47263
Utah,0.292,2024-11-09,Adult,0.36,2387055,697020.06,250927,0
Utah,0.38,2024-11-16,Adult,0.36,2387055,907080.9,326549,75622
Utah,0.38,2024-11-23,Adult,0.36,2387055,907080.9,326549,0
Utah,0.38,2024-11-30,Adult,0.36,2387055,907080.9,326549,0
Utah,0.38,2024-12-07,Adult,0.36,2387055,907080.9,326549,0
Utah,0.38,2024-12-14,Adult,0.36,2387055,907080.9,326549,0
Utah,0.382,2024-12-21,Adult,0.36,2387055,911855.01,328268,1719
Utah,0.382,2024-12-28,Adult,0.36,2387055,911855.01,328268,0
Utah,0.412,2025-01-04,Adult,0.36,2387055,983466.66,354048,25780
Utah,0.412,2025-01-11,Adult,0.36,2387055,983466.66,354048,0
Utah,0.412,2025-01-18,Adult,0.36,2387055,983466.66,354048,0
Utah,0.412,2025-01-25,Adult,0.36,2387055,983466.66,354048,0
Utah,0.425,2025-02-01,Adult,0.36,2387055,1014498.375,365219,11171
Utah,0.425,2025-02-08,Adult,0.36,2387055,1014498.375,365219,0
Utah,0.425,2025-02-15,Adult,0.36,2387055,1014498.375,365219,0
Utah,0.425,2025-02-22,Adult,0.36,2387055,1014498.375,365219,0
Utah,0.453,2025-03-01,Adult,0.36,2387055,1081335.915,389281,24062
Utah,0.453,2025-03-08,Adult,0.36,2387055,1081335.915,389281,0
Utah,0.453,2025-03-15,Adult,0.36,2387055,1081335.915,389281,0
Utah,0.453,2025-03-22,Adult,0.36,2387055,1081335.915,389281,0
Utah,0.453,2025-03-29,Adult,0.36,2387055,1081335.915,389281,0
Utah,0.454,2025-04-05,Adult,0.36,2387055,1083722.97,390140,859
Utah,0.454,2025-04-12,Adult,0.36,2387055,1083722.97,390140,0
Utah,0.454,2025-04-19,Adult,0.36,2387055,1083722.97,390140,0
Utah,0.454,2025-04-26,Adult,0.36,2387055,1083722.97,390140,0
Utah,0.178062,2024-10-05,Pediatric,0.51,944132,168114.032184,85738,85738
Utah,0.178062,2024-10-12,Pediatric,0.51,944132,168114.032184,85738,0
Utah,0.199977,2024-10-19,Pediatric,0.51,944132,188804.684964,96290,10552
Utah,0.199977,2024-10-26,Pediatric,0.51,944132,188804.684964,96290,0
Utah,0.338602,2024-11-02,Pediatric,0.51,944132,319684.983464,163039,66749
Utah,0.338602,2024-11-09,Pediatric,0.51,944132,319684.983464,163039,0
Utah,0.338602,2024-11-16,Pediatric,0.51,944132,319684.983464,163039,0
Utah,0.338602,2024-11-23,Pediatric,0.51,944132,319684.983464,163039,0
Utah,0.400145,2024-11-30,Pediatric,0.51,944132,377789.69914,192673,29634
Utah,0.403715,2024-12-07,Pediatric,0.51,944132,381160.25038,194392,1719
Utah,0.421448,2024-12-14,Pediatric,0.51,944132,397902.543136,202930,8538
Utah,0.421448,2024-12-21,Pediatric,0.51,944132,397902.543136,202930,0
Utah,0.421448,2024-12-28,Pediatric,0.51,944132,397902.543136,202930,0
Utah,0.443468,2025-01-04,Pediatric,0.51,944132,418692.329776,213533,10603
Utah,0.443468,2025-01-11,Pediatric,0.51,944132,418692.329776,213533,0
Utah,0.443468,2025-01-18,Pediatric,0.51,944132,418692.329776,213533,0
Utah,0.443468,2025-01-25,Pediatric,0.51,944132,418692.329776,213533,0
Utah,0.468335,2025-02-01,Pediatric,0.51,944132,442170.06022,225507,11974
Utah,0.468335,2025-02-08,Pediatric,0.51,944132,442170.06022,225507,0
Utah,0.468335,2025-02-15,Pediatric,0.51,944132,442170.06022,225507,0
Utah,0.468335,2025-02-22,Pediatric,0.51,944132,442170.06022,225507,0
Utah,0.478171,2025-03-01,Pediatric,0.51,944132,451456.542572,230243,4736
Utah,0.478171,2025-03-08,Pediatric,0.51,944132,451456.542572,230243,0
Utah,0.478171,2025-03-15,Pediatric,0.51,944132,451456.542572,230243,0
Utah,0.478171,2025-03-22,Pediatric,0.51,944132,451456.542572,230243,0
Utah,0.478171,2025-03-29,Pediatric,0.51,944132,451456.542572,230243,0
Utah,0.479671,2025-04-05,Pediatric,0.51,944132,452872.740572,230965,722
Utah,0.479671,2025-04-12,Pediatric,0.51,944132,452872.740572,230965,0
Utah,0.479671,2025-04-19,Pediatric,0.51,944132,452872.740572,230965,0
Utah,0.479671,2025-04-26,Pediatric,0.51,944132,452872.740572,230965,0
Vermont,0.021,2024-08-24,Adult,0.36,528077,11089.617,3992,3992
Vermont,0.021,2024-08-31,Adult,0.36,528077,11089.617,3992,0
Vermont,0.042,2024-09-07,Adult,0.36,528077,22179.234,7985,3993
Vermont,0.061,2024-09-14,Adult,0.36,528077,32212.697,11597,3612
Vermont,0.122,2024-09-21,Adult,0.36,528077,64425.394,23193,11596
Vermont,0.143,2024-09-28,Adult,0.36,528077,75515.011,27185,3992
Vermont,0.166,2024-10-05,Adult,0.36,528077,87660.782,31558,4373
Vermont,0.226,2024-10-12,Adult,0.36,528077,119345.402,42964,11406
Vermont,0.299,2024-10-19,Adult,0.36,528077,157895.023,56842,13878
Vermont,0.384,2024-10-26,Adult,0.36,528077,202781.568,73001,16159
Vermont,0.384,2024-11-02,Adult,0.36,528077,202781.568,73001,0
Vermont,0.41,2024-11-09,Adult,0.36,528077,216511.57,77944,4943
Vermont,0.43,2024-11-16,Adult,0.36,528077,227073.11,81746,3802
Vermont,0.437,2024-11-23,Adult,0.36,528077,230769.649,83077,1331
Vermont,0.437,2024-11-30,Adult,0.36,528077,230769.649,83077,0
Vermont,0.505,2024-12-07,Adult,0.36,528077,266678.885,96004,12927
Vermont,0.505,2024-12-14,Adult,0.36,528077,266678.885,96004,0
Vermont,0.505,2024-12-21,Adult,0.36,528077,266678.885,96004,0
Vermont,0.505,2024-12-28,Adult,0.36,528077,266678.885,96004,0
Vermont,0.55,2025-01-04,Adult,0.36,528077,290442.35,104559,8555
Vermont,0.55,2025-01-11,Adult,0.36,528077,290442.35,104559,0
Vermont,0.554,2025-01-18,Adult,0.36,528077,292554.658,105320,761
Vermont,0.554,2025-01-25,Adult,0.36,528077,292554.658,105320,0
Vermont,0.554,2025-02-01,Adult,0.36,528077,292554.658,105320,0
Vermont,0.554,2025-02-08,Adult,0.36,528077,292554.658,105320,0
Vermont,0.56,2025-02-15,Adult,0.36,528077,295723.12,106460,1140
Vermont,0.56,2025-02-22,Adult,0.36,528077,295723.12,106460,0
Vermont,0.566,2025-03-01,Adult,0.36,528077,298891.582,107601,1141
Vermont,0.566,2025-03-08,Adult,0.36,528077,298891.582,107601,0
Vermont,0.566,2025-03-15,Adult,0.36,528077,298891.582,107601,0
Vermont,0.568,2025-03-22,Adult,0.36,528077,299947.736,107981,380
Vermont,0.568,2025-03-29,Adult,0.36,528077,299947.736,107981,0
Vermont,0.572,2025-04-05,Adult,0.36,528077,302060.044,108742,761
Vermont,0.572,2025-04-12,Adult,0.36,528077,302060.044,108742,0
Vermont,0.572,2025-04-19,Adult,0.36,528077,302060.044,108742,0
Vermont,0.572,2025-04-26,Adult,0.36,528077,302060.044,108742,0
Vermont,0.193338,2024-10-05,Pediatric,0.51,117177,22654.766826,11554,11554
Vermont,0.193399,2024-10-12,Pediatric,0.51,117177,22661.914623,11558,4
Vermont,0.201703,2024-10-19,Pediatric,0.51,117177,23634.952431,12054,496
Vermont,0.356872,2024-10-26,Pediatric,0.51,117177,41817.190344,21327,9273
Vermont,0.417176,2024-11-02,Pediatric,0.51,117177,48883.432152,24931,3604
Vermont,0.426128,2024-11-09,Pediatric,0.51,117177,49932.400656,25466,535
Vermont,0.451237,2024-11-16,Pediatric,0.51,117177,52874.597949,26966,1500
Vermont,0.456664,2024-11-23,Pediatric,0.51,117177,53510.517528,27290,324
Vermont,0.456664,2024-11-30,Pediatric,0.51,117177,53510.517528,27290,0
Vermont,0.54769,2024-12-07,Pediatric,0.51,117177,64176.67113,32730,5440
Vermont,0.547795,2024-12-14,Pediatric,0.51,117177,64188.974715,32736,6
Vermont,0.547893,2024-12-21,Pediatric,0.51,117177,64200.458061,32742,6
Vermont,0.547893,2024-12-28,Pediatric,0.51,117177,64200.458061,32742,0
Vermont,0.596236,2025-01-04,Pediatric,0.51,117177,69865.145772,35631,2889
Vermont,0.596236,2025-01-11,Pediatric,0.51,117177,69865.145772,35631,0
Vermont,0.596236,2025-01-18,Pediatric,0.51,117177,69865.145772,35631,0
Vermont,0.596236,2025-01-25,Pediatric,0.51,117177,69865.145772,35631,0
Vermont,0.62474,2025-02-01,Pediatric,0.51,117177,73205.15898,37335,1704
Vermont,0.633685,2025-02-08,Pediatric,0.51,117177,74253.307245,37869,534
Vermont,0.633685,2025-02-15,Pediatric,0.51,117177,74253.307245,37869,0
Vermont,0.633685,2025-02-22,Pediatric,0.51,117177,74253.307245,37869,0
Vermont,0.670311,2025-03-01,Pediatric,0.51,117177,78545.032047,40058,2189
Vermont,0.670311,2025-03-08,Pediatric,0.51,117177,78545.032047,40058,0
Vermont,0.670311,2025-03-15,Pediatric,0.51,117177,78545.032047,40058,0
Vermont,0.670311,2025-03-22,Pediatric,0.51,117177,78545.032047,40058,0
Vermont,0.670311,2025-03-29,Pediatric,0.51,117177,78545.032047,40058,0
Vermont,0.691859,2025-04-05,Pediatric,0.51,117177,81069.962043,41346,1288
Vermont,0.691859,2025-04-12,Pediatric,0.51,117177,81069.962043,41346,0
Vermont,0.691859,2025-04-19,Pediatric,0.51,117177,81069.962043,41346,0
Vermont,0.691859,2025-04-26,Pediatric,0.51,117177,81069.962043,41346,0
Virginia,0.019,2024-08-24,Adult,0.36,6763514,128506.766,46262,46262
Virginia,0.021,2024-08-31,Adult,0.36,6763514,142033.794,51132,4870
Virginia,0.051,2024-09-07,Adult,0.36,6763514,344939.214,124178,73046
Virginia,0.086,2024-09-14,Adult,0.36,6763514,581662.204,209398,85220
Virginia,0.11,2024-09-21,Adult,0.36,6763514,743986.54,267835,58437
Virginia,0.169,2024-09-28,Adult,0.36,6763514,1143033.866,411492,143657
Virginia,0.191,2024-10-05,Adult,0.36,6763514,1291831.174,465059,53567
Virginia,0.226,2024-10-12,Adult,0.36,6763514,1528554.164,550279,85220
Virginia,0.278,2024-10-19,Adult,0.36,6763514,1880256.892,676892,126613
Virginia,0.299,2024-10-26,Adult,0.36,6763514,2022290.686,728025,51133
Virginia,0.339,2024-11-02,Adult,0.36,6763514,2292831.246,825419,97394
Virginia,0.362,2024-11-09,Adult,0.36,6763514,2448392.068,881421,56002
Virginia,0.381,2024-11-16,Adult,0.36,6763514,2576898.834,927684,46263
Virginia,0.381,2024-11-23,Adult,0.36,6763514,2576898.834,927684,0
Virginia,0.381,2024-11-30,Adult,0.36,6763514,2576898.834,927684,0
Virginia,0.421,2024-12-07,Adult,0.36,6763514,2847439.394,1025078,97394
Virginia,0.434,2024-12-14,Adult,0.36,6763514,2935365.076,1056731,31653
Virginia,0.436,2024-12-21,Adult,0.36,6763514,2948892.104,1061601,4870
Virginia,0.436,2024-12-28,Adult,0.36,6763514,2948892.104,1061601,0
Virginia,0.452,2025-01-04,Adult,0.36,6763514,3057108.328,1100559,38958
Virginia,0.455,2025-01-11,Adult,0.36,6763514,3077398.87,1107864,7305
Virginia,0.462,2025-01-18,Adult,0.36,6763514,3124743.468,1124908,17044
Virginia,0.464,2025-01-25,Adult,0.36,6763514,3138270.496,1129777,4869
Virginia,0.475,2025-02-01,Adult,0.36,6763514,3212669.15,1156561,26784
Virginia,0.475,2025-02-08,Adult,0.36,6763514,3212669.15,1156561,0
Virginia,0.486,2025-02-15,Adult,0.36,6763514,3287067.804,1183344,26783
Virginia,0.486,2025-02-22,Adult,0.36,6763514,3287067.804,1183344,0
Virginia,0.486,2025-03-01,Adult,0.36,6763514,3287067.804,1183344,0
Virginia,0.486,2025-03-08,Adult,0.36,6763514,3287067.804,1183344,0
Virginia,0.486,2025-03-15,Adult,0.36,6763514,3287067.804,1183344,0
Virginia,0.486,2025-03-22,Adult,0.36,6763514,3287067.804,1183344,0
Virginia,0.486,2025-03-29,Adult,0.36,6763514,3287067.804,1183344,0
Virginia,0.491,2025-04-05,Adult,0.36,6763514,3320885.374,1195519,12175
Virginia,0.491,2025-04-12,Adult,0.36,6763514,3320885.374,1195519,0
Virginia,0.491,2025-04-19,Adult,0.36,6763514,3320885.374,1195519,0
Virginia,0.491,2025-04-26,Adult,0.36,6763514,3320885.374,1195519,0
Virginia,0.255942,2024-10-05,Pediatric,0.51,1893985,484750.30887,247223,247223
Virginia,0.267375,2024-10-12,Pediatric,0.51,1893985,506404.239375,258266,11043
Virginia,0.267375,2024-10-19,Pediatric,0.51,1893985,506404.239375,258266,0
Virginia,0.291158,2024-10-26,Pediatric,0.51,1893985,551448.88463,281239,22973
Virginia,0.401008,2024-11-02,Pediatric,0.51,1893985,759503.13688,387347,106108
Virginia,0.401008,2024-11-09,Pediatric,0.51,1893985,759503.13688,387347,0
Virginia,0.432094,2024-11-16,Pediatric,0.51,1893985,818379.55459,417374,30027
Virginia,0.447378,2024-11-23,Pediatric,0.51,1893985,847327.22133,432137,14763
Virginia,0.447378,2024-11-30,Pediatric,0.51,1893985,847327.22133,432137,0
Virginia,0.499377,2024-12-07,Pediatric,0.51,1893985,945812.547345,482364,50227
Virginia,0.499377,2024-12-14,Pediatric,0.51,1893985,945812.547345,482364,0
Virginia,0.502011,2024-12-21,Pediatric,0.51,1893985,950801.303835,484909,2545
Virginia,0.502011,2024-12-28,Pediatric,0.51,1893985,950801.303835,484909,0
Virginia,0.507814,2025-01-04,Pediatric,0.51,1893985,961792.09879,490514,5605
Virginia,0.507814,2025-01-11,Pediatric,0.51,1893985,961792.09879,490514,0
Virginia,0.507814,2025-01-18,Pediatric,0.51,1893985,961792.09879,490514,0
Virginia,0.507814,2025-01-25,Pediatric,0.51,1893985,961792.09879,490514,0
Virginia,0.540922,2025-02-01,Pediatric,0.51,1893985,1024498.15417,522494,31980
Virginia,0.540922,2025-02-08,Pediatric,0.51,1893985,1024498.15417,522494,0
Virginia,0.540922,2025-02-15,Pediatric,0.51,1893985,1024498.15417,522494,0
Virginia,0.540922,2025-02-22,Pediatric,0.51,1893985,1024498.15417,522494,0
Virginia,0.551615,2025-03-01,Pediatric,0.51,1893985,1044750.535775,532823,10329
Virginia,0.551615,2025-03-08,Pediatric,0.51,1893985,1044750.535775,532823,0
Virginia,0.551615,2025-03-15,Pediatric,0.51,1893985,1044750.535775,532823,0
Virginia,0.55809,2025-03-22,Pediatric,0.51,1893985,1057014.08865,539077,6254
Virginia,0.55809,2025-03-29,Pediatric,0.51,1893985,1057014.08865,539077,0
Virginia,0.55809,2025-04-05,Pediatric,0.51,1893985,1057014.08865,539077,0
Virginia,0.55809,2025-04-12,Pediatric,0.51,1893985,1057014.08865,539077,0
Virginia,0.55809,2025-04-19,Pediatric,0.51,1893985,1057014.08865,539077,0
Virginia,0.55809,2025-04-26,Pediatric,0.51,1893985,1057014.08865,539077,0
Washington,0.017,2024-08-24,Adult,0.36,6065086,103106.462,37118,37118
Washington,0.017,2024-08-31,Adult,0.36,6065086,103106.462,37118,0
Washington,0.026,2024-09-07,Adult,0.36,6065086,157692.236,56769,19651
Washington,0.038,2024-09-14,Adult,0.36,6065086,230473.268,82970,26201
Washington,0.077,2024-09-21,Adult,0.36,6065086,467011.622,168124,85154
Washington,0.096,2024-09-28,Adult,0.36,6065086,582248.256,209609,41485
Washington,0.12,2024-10-05,Adult,0.36,6065086,727810.32,262012,52403
Washington,0.145,2024-10-12,Adult,0.36,6065086,879437.47,316597,54585
Washington,0.186,2024-10-19,Adult,0.36,6065086,1128105.996,406118,89521
Washington,0.186,2024-10-26,Adult,0.36,6065086,1128105.996,406118,0
Washington,0.298,2024-11-02,Adult,0.36,6065086,1807395.628,650662,244544
Washington,0.298,2024-11-09,Adult,0.36,6065086,1807395.628,650662,0
Washington,0.298,2024-11-16,Adult,0.36,6065086,1807395.628,650662,0
Washington,0.31,2024-11-23,Adult,0.36,6065086,1880176.66,676864,26202
Washington,0.353,2024-11-30,Adult,0.36,6065086,2140975.358,770751,93887
Washington,0.397,2024-12-07,Adult,0.36,6065086,2407839.142,866822,96071
Washington,0.4,2024-12-14,Adult,0.36,6065086,2426034.4,873372,6550
Washington,0.403,2024-12-21,Adult,0.36,6065086,2444229.658,879923,6551
Washington,0.403,2024-12-28,Adult,0.36,6065086,2444229.658,879923,0
Washington,0.442,2025-01-04,Adult,0.36,6065086,2680768.012,965076,85153
Washington,0.442,2025-01-11,Adult,0.36,6065086,2680768.012,965076,0
Washington,0.442,2025-01-18,Adult,0.36,6065086,2680768.012,965076,0
Washington,0.442,2025-01-25,Adult,0.36,6065086,2680768.012,965076,0
Washington,0.469,2025-02-01,Adult,0.36,6065086,2844525.334,1024029,58953
Washington,0.474,2025-02-08,Adult,0.36,6065086,2874850.764,1034946,10917
Washington,0.474,2025-02-15,Adult,0.36,6065086,2874850.764,1034946,0
Washington,0.482,2025-02-22,Adult,0.36,6065086,2923371.452,1052414,17468
Washington,0.497,2025-03-01,Adult,0.36,6065086,3014347.742,1085165,32751
Washington,0.498,2025-03-08,Adult,0.36,6065086,3020412.828,1087349,2184
Washington,0.498,2025-03-15,Adult,0.36,6065086,3020412.828,1087349,0
Washington,0.502,2025-03-22,Adult,0.36,6065086,3044673.172,1096082,8733
Washington,0.502,2025-03-29,Adult,0.36,6065086,3044673.172,1096082,0
Washington,0.528,2025-04-05,Adult,0.36,6065086,3202365.408,1152852,56770
Washington,0.528,2025-04-12,Adult,0.36,6065086,3202365.408,1152852,0
Washington,0.528,2025-04-19,Adult,0.36,6065086,3202365.408,1152852,0
Washington,0.528,2025-04-26,Adult,0.36,6065086,3202365.408,1152852,0
Washington,0.208821,2024-10-05,Pediatric,0.51,1675898,349962.696258,178481,178481
Washington,0.213628,2024-10-12,Pediatric,0.51,1675898,358018.737944,182590,4109
Washington,0.259692,2024-10-19,Pediatric,0.51,1675898,435217.303416,221961,39371
Washington,0.266105,2024-10-26,Pediatric,0.51,1675898,445964.83729,227442,5481
Washington,0.32168,2024-11-02,Pediatric,0.51,1675898,539102.86864,274942,47500
Washington,0.333031,2024-11-09,Pediatric,0.51,1675898,558125.986838,284644,9702
Washington,0.334634,2024-11-16,Pediatric,0.51,1675898,560812.451332,286014,1370
Washington,0.335777,2024-11-23,Pediatric,0.51,1675898,562728.002746,286991,977
Washington,0.368474,2024-11-30,Pediatric,0.51,1675898,617524.839652,314938,27947
Washington,0.453934,2024-12-07,Pediatric,0.51,1675898,760747.082732,387981,73043
Washington,0.457005,2024-12-14,Pediatric,0.51,1675898,765893.76549,390606,2625
Washington,0.458259,2024-12-21,Pediatric,0.51,1675898,767995.341582,391678,1072
Washington,0.458259,2024-12-28,Pediatric,0.51,1675898,767995.341582,391678,0
Washington,0.47177,2025-01-04,Pediatric,0.51,1675898,790638.39946,403226,11548
Washington,0.47177,2025-01-11,Pediatric,0.51,1675898,790638.39946,403226,0
Washington,0.497458,2025-01-18,Pediatric,0.51,1675898,833688.867284,425181,21955
Washington,0.497458,2025-01-25,Pediatric,0.51,1675898,833688.867284,425181,0
Washington,0.501644,2025-02-01,Pediatric,0.51,1675898,840704.176312,428759,3578
Washington,0.514676,2025-02-08,Pediatric,0.51,1675898,862544.479048,439898,11139
Washington,0.520283,2025-02-15,Pediatric,0.51,1675898,871941.239134,444690,4792
Washington,0.520283,2025-02-22,Pediatric,0.51,1675898,871941.239134,444690,0
Washington,0.524276,2025-03-01,Pediatric,0.51,1675898,878633.099848,448103,3413
Washington,0.533191,2025-03-08,Pediatric,0.51,1675898,893573.730518,455723,7620
Washington,0.533191,2025-03-15,Pediatric,0.51,1675898,893573.730518,455723,0
Washington,0.533191,2025-03-22,Pediatric,0.51,1675898,893573.730518,455723,0
Washington,0.533191,2025-03-29,Pediatric,0.51,1675898,893573.730518,455723,0
Washington,0.534428,2025-04-05,Pediatric,0.51,1675898,895646.816344,456780,1057
Washington,0.534428,2025-04-12,Pediatric,0.51,1675898,895646.816344,456780,0
Washington,0.535361,2025-04-19,Pediatric,0.51,1675898,897210.429178,457577,797
Washington,0.535361,2025-04-26,Pediatric,0.51,1675898,897210.429178,457577,0
West Virginia,0.013,2024-08-24,Adult,0.36,1425051,18525.663,6669,6669
West Virginia,0.013,2024-08-31,Adult,0.36,1425051,18525.663,6669,0
West Virginia,0.028,2024-09-07,Adult,0.36,1425051,39901.428,14365,7696
West Virginia,0.048,2024-09-14,Adult,0.36,1425051,68402.448,24625,10260
West Virginia,0.073,2024-09-21,Adult,0.36,1425051,104028.723,37450,12825
West Virginia,0.104,2024-09-28,Adult,0.36,1425051,148205.304,53354,15904
West Virginia,0.136,2024-10-05,Adult,0.36,1425051,193806.936,69770,16416
West Virginia,0.179,2024-10-12,Adult,0.36,1425051,255084.129,91830,22060
West Virginia,0.235,2024-10-19,Adult,0.36,1425051,334886.985,120559,28729
West Virginia,0.255,2024-10-26,Adult,0.36,1425051,363388.005,130820,10261
West Virginia,0.304,2024-11-02,Adult,0.36,1425051,433215.504,155958,25138
West Virginia,0.319,2024-11-09,Adult,0.36,1425051,454591.269,163653,7695
West Virginia,0.337,2024-11-16,Adult,0.36,1425051,480242.187,172887,9234
West Virginia,0.352,2024-11-23,Adult,0.36,1425051,501617.952,180582,7695
West Virginia,0.358,2024-11-30,Adult,0.36,1425051,510168.258,183661,3079
West Virginia,0.384,2024-12-07,Adult,0.36,1425051,547219.584,196999,13338
West Virginia,0.394,2024-12-14,Adult,0.36,1425051,561470.094,202129,5130
West Virginia,0.394,2024-12-21,Adult,0.36,1425051,561470.094,202129,0
West Virginia,0.394,2024-12-28,Adult,0.36,1425051,561470.094,202129,0
West Virginia,0.399,2025-01-04,Adult,0.36,1425051,568595.349,204694,2565
West Virginia,0.412,2025-01-11,Adult,0.36,1425051,587121.012,211364,6670
West Virginia,0.412,2025-01-18,Adult,0.36,1425051,587121.012,211364,0
West Virginia,0.412,2025-01-25,Adult,0.36,1425051,587121.012,211364,0
West Virginia,0.416,2025-02-01,Adult,0.36,1425051,592821.216,213416,2052
West Virginia,0.416,2025-02-08,Adult,0.36,1425051,592821.216,213416,0
West Virginia,0.423,2025-02-15,Adult,0.36,1425051,602796.573,217007,3591
West Virginia,0.424,2025-02-22,Adult,0.36,1425051,604221.624,217520,513
West Virginia,0.427,2025-03-01,Adult,0.36,1425051,608496.777,219059,1539
West Virginia,0.427,2025-03-08,Adult,0.36,1425051,608496.777,219059,0
West Virginia,0.429,2025-03-15,Adult,0.36,1425051,611346.879,220085,1026
West Virginia,0.429,2025-03-22,Adult,0.36,1425051,611346.879,220085,0
West Virginia,0.429,2025-03-29,Adult,0.36,1425051,611346.879,220085,0
West Virginia,0.43,2025-04-05,Adult,0.36,1425051,612771.93,220598,513
West Virginia,0.432,2025-04-12,Adult,0.36,1425051,615622.032,221624,1026
West Virginia,0.432,2025-04-19,Adult,0.36,1425051,615622.032,221624,0
West Virginia,0.432,2025-04-26,Adult,0.36,1425051,615622.032,221624,0
West Virginia,0.121249,2024-10-05,Pediatric,0.51,359411,43578.224339,22225,22225
West Virginia,0.156244,2024-10-12,Pediatric,0.51,359411,56155.812284,28639,6414
West Virginia,0.199718,2024-10-19,Pediatric,0.51,359411,71780.846098,36608,7969
West Virginia,0.199718,2024-10-26,Pediatric,0.51,359411,71780.846098,36608,0
West Virginia,0.284126,2024-11-02,Pediatric,0.51,359411,102118.009786,52080,15472
West Virginia,0.284126,2024-11-09,Pediatric,0.51,359411,102118.009786,52080,0
West Virginia,0.287149,2024-11-16,Pediatric,0.51,359411,103204.509239,52634,554
West Virginia,0.288633,2024-11-23,Pediatric,0.51,359411,103737.875163,52906,272
West Virginia,0.288633,2024-11-30,Pediatric,0.51,359411,103737.875163,52906,0
West Virginia,0.363697,2024-12-07,Pediatric,0.51,359411,130716.702467,66666,13760
West Virginia,0.363697,2024-12-14,Pediatric,0.51,359411,130716.702467,66666,0
West Virginia,0.363697,2024-12-21,Pediatric,0.51,359411,130716.702467,66666,0
West Virginia,0.363697,2024-12-28,Pediatric,0.51,359411,130716.702467,66666,0
West Virginia,0.373625,2025-01-04,Pediatric,0.51,359411,134284.934875,68485,1819
West Virginia,0.373625,2025-01-11,Pediatric,0.51,359411,134284.934875,68485,0
West Virginia,0.390876,2025-01-18,Pediatric,0.51,359411,140485.134036,71647,3162
West Virginia,0.390876,2025-01-25,Pediatric,0.51,359411,140485.134036,71647,0
West Virginia,0.391082,2025-02-01,Pediatric,0.51,359411,140559.172702,71685,38
West Virginia,0.400169,2025-02-08,Pediatric,0.51,359411,143825.140459,73351,1666
West Virginia,0.403977,2025-02-15,Pediatric,0.51,359411,145193.777547,74049,698
West Virginia,0.403977,2025-02-22,Pediatric,0.51,359411,145193.777547,74049,0
West Virginia,0.414179,2025-03-01,Pediatric,0.51,359411,148860.488569,75919,1870
West Virginia,0.414179,2025-03-08,Pediatric,0.51,359411,148860.488569,75919,0
West Virginia,0.414179,2025-03-15,Pediatric,0.51,359411,148860.488569,75919,0
West Virginia,0.414179,2025-03-22,Pediatric,0.51,359411,148860.488569,75919,0
West Virginia,0.414179,2025-03-29,Pediatric,0.51,359411,148860.488569,75919,0
West Virginia,0.414179,2025-04-05,Pediatric,0.51,359411,148860.488569,75919,0
West Virginia,0.414179,2025-04-12,Pediatric,0.51,359411,148860.488569,75919,0
West Virginia,0.414179,2025-04-19,Pediatric,0.51,359411,148860.488569,75919,0
West Virginia,0.414179,2025-04-26,Pediatric,0.51,359411,148860.488569,75919,0
Wisconsin,0.03,2024-08-24,Adult,0.36,4617713,138531.39,49871,49871
Wisconsin,0.031,2024-08-31,Adult,0.36,4617713,143149.103,51534,1663
Wisconsin,0.04,2024-09-07,Adult,0.36,4617713,184708.52,66495,14961
Wisconsin,0.061,2024-09-14,Adult,0.36,4617713,281680.493,101405,34910
Wisconsin,0.079,2024-09-21,Adult,0.36,4617713,364799.327,131328,29923
Wisconsin,0.089,2024-09-28,Adult,0.36,4617713,410976.457,147952,16624
Wisconsin,0.174,2024-10-05,Adult,0.36,4617713,803482.062,289254,141302
Wisconsin,0.202,2024-10-12,Adult,0.36,4617713,932778.026,335800,46546
Wisconsin,0.223,2024-10-19,Adult,0.36,4617713,1029749.999,370710,34910
Wisconsin,0.28,2024-10-26,Adult,0.36,4617713,1292959.64,465465,94755
Wisconsin,0.326,2024-11-02,Adult,0.36,4617713,1505374.438,541935,76470
Wisconsin,0.347,2024-11-09,Adult,0.36,4617713,1602346.411,576845,34910
Wisconsin,0.347,2024-11-16,Adult,0.36,4617713,1602346.411,576845,0
Wisconsin,0.357,2024-11-23,Adult,0.36,4617713,1648523.541,593468,16623
Wisconsin,0.357,2024-11-30,Adult,0.36,4617713,1648523.541,593468,0
Wisconsin,0.408,2024-12-07,Adult,0.36,4617713,1884026.904,678250,84782
Wisconsin,0.416,2024-12-14,Adult,0.36,4617713,1920968.608,691549,13299
Wisconsin,0.422,2024-12-21,Adult,0.36,4617713,1948674.886,701523,9974
Wisconsin,0.422,2024-12-28,Adult,0.36,4617713,1948674.886,701523,0
Wisconsin,0.436,2025-01-04,Adult,0.36,4617713,2013322.868,724796,23273
Wisconsin,0.436,2025-01-11,Adult,0.36,4617713,2013322.868,724796,0
Wisconsin,0.443,2025-01-18,Adult,0.36,4617713,2045646.859,736433,11637
Wisconsin,0.443,2025-01-25,Adult,0.36,4617713,2045646.859,736433,0
Wisconsin,0.456,2025-02-01,Adult,0.36,4617713,2105677.128,758044,21611
Wisconsin,0.463,2025-02-08,Adult,0.36,4617713,2138001.119,769680,11636
Wisconsin,0.463,2025-02-15,Adult,0.36,4617713,2138001.119,769680,0
Wisconsin,0.463,2025-02-22,Adult,0.36,4617713,2138001.119,769680,0
Wisconsin,0.469,2025-03-01,Adult,0.36,4617713,2165707.397,779655,9975
Wisconsin,0.469,2025-03-08,Adult,0.36,4617713,2165707.397,779655,0
Wisconsin,0.469,2025-03-15,Adult,0.36,4617713,2165707.397,779655,0
Wisconsin,0.471,2025-03-22,Adult,0.36,4617713,2174942.823,782979,3324
Wisconsin,0.471,2025-03-29,Adult,0.36,4617713,2174942.823,782979,0
Wisconsin,0.476,2025-04-05,Adult,0.36,4617713,2198031.388,791291,8312
Wisconsin,0.476,2025-04-12,Adult,0.36,4617713,2198031.388,791291,0
Wisconsin,0.476,2025-04-19,Adult,0.36,4617713,2198031.388,791291,0
Wisconsin,0.476,2025-04-26,Adult,0.36,4617713,2198031.388,791291,0
Wisconsin,0.129398,2024-10-05,Pediatric,0.51,1274310,164893.16538,84096,84096
Wisconsin,0.190111,2024-10-12,Pediatric,0.51,1274310,242260.34841,123553,39457
Wisconsin,0.307878,2024-10-19,Pediatric,0.51,1274310,392332.01418,200089,76536
Wisconsin,0.307878,2024-10-26,Pediatric,0.51,1274310,392332.01418,200089,0
Wisconsin,0.312069,2024-11-02,Pediatric,0.51,1274310,397672.64739,202813,2724
Wisconsin,0.332056,2024-11-09,Pediatric,0.51,1274310,423142.28136,215803,12990
Wisconsin,0.332056,2024-11-16,Pediatric,0.51,1274310,423142.28136,215803,0
Wisconsin,0.332056,2024-11-23,Pediatric,0.51,1274310,423142.28136,215803,0
Wisconsin,0.332056,2024-11-30,Pediatric,0.51,1274310,423142.28136,215803,0
Wisconsin,0.41544,2024-12-07,Pediatric,0.51,1274310,529399.3464,269994,54191
Wisconsin,0.417457,2024-12-14,Pediatric,0.51,1274310,531969.62967,271305,1311
Wisconsin,0.417707,2024-12-21,Pediatric,0.51,1274310,532288.20717,271467,162
Wisconsin,0.417707,2024-12-28,Pediatric,0.51,1274310,532288.20717,271467,0
Wisconsin,0.455706,2025-01-04,Pediatric,0.51,1274310,580710.71286,296162,24695
Wisconsin,0.455706,2025-01-11,Pediatric,0.51,1274310,580710.71286,296162,0
Wisconsin,0.455706,2025-01-18,Pediatric,0.51,1274310,580710.71286,296162,0
Wisconsin,0.455706,2025-01-25,Pediatric,0.51,1274310,580710.71286,296162,0
Wisconsin,0.472848,2025-02-01,Pediatric,0.51,1274310,602554.93488,307303,11141
Wisconsin,0.472848,2025-02-08,Pediatric,0.51,1274310,602554.93488,307303,0
Wisconsin,0.472848,2025-02-15,Pediatric,0.51,1274310,602554.93488,307303,0
Wisconsin,0.472848,2025-02-22,Pediatric,0.51,1274310,602554.93488,307303,0
Wisconsin,0.484245,2025-03-01,Pediatric,0.51,1274310,617078.24595,314710,7407
Wisconsin,0.484245,2025-03-08,Pediatric,0.51,1274310,617078.24595,314710,0
Wisconsin,0.484245,2025-03-15,Pediatric,0.51,1274310,617078.24595,314710,0
Wisconsin,0.48755,2025-03-22,Pediatric,0.51,1274310,621289.8405,316858,2148
Wisconsin,0.48755,2025-03-29,Pediatric,0.51,1274310,621289.8405,316858,0
Wisconsin,0.48755,2025-04-05,Pediatric,0.51,1274310,621289.8405,316858,0
Wisconsin,0.48755,2025-04-12,Pediatric,0.51,1274310,621289.8405,316858,0
Wisconsin,0.48755,2025-04-19,Pediatric,0.51,1274310,621289.8405,316858,0
Wisconsin,0.48755,2025-04-26,Pediatric,0.51,1274310,621289.8405,316858,0
Wyoming,0.022,2024-08-24,Adult,0.36,447402,9842.844,3543,3543
Wyoming,0.022,2024-08-31,Adult,0.36,447402,9842.844,3543,0
Wyoming,0.022,2024-09-07,Adult,0.36,447402,9842.844,3543,0
Wyoming,0.036,2024-09-14,Adult,0.36,447402,16106.472,5798,2255
Wyoming,0.04,2024-09-21,Adult,0.36,447402,17896.08,6443,645
Wyoming,0.053,2024-09-28,Adult,0.36,447402,23712.306,8536,2093
Wyoming,0.12,2024-10-05,Adult,0.36,447402,53688.24,19328,10792
Wyoming,0.142,2024-10-12,Adult,0.36,447402,63531.084,22871,3543
Wyoming,0.196,2024-10-19,Adult,0.36,447402,87690.792,31569,8698
Wyoming,0.223,2024-10-26,Adult,0.36,447402,99770.646,35917,4348
Wyoming,0.262,2024-11-02,Adult,0.36,447402,117219.324,42199,6282
Wyoming,0.277,2024-11-09,Adult,0.36,447402,123930.354,44615,2416
Wyoming,0.284,2024-11-16,Adult,0.36,447402,127062.168,45742,1127
Wyoming,0.308,2024-11-23,Adult,0.36,447402,137799.816,49608,3866
Wyoming,0.308,2024-11-30,Adult,0.36,447402,137799.816,49608,0
Wyoming,0.327,2024-12-07,Adult,0.36,447402,146300.454,52668,3060
Wyoming,0.33,2024-12-14,Adult,0.36,447402,147642.66,53151,483
Wyoming,0.334,2024-12-21,Adult,0.36,447402,149432.268,53796,645
Wyoming,0.334,2024-12-28,Adult,0.36,447402,149432.268,53796,0
Wyoming,0.336,2025-01-04,Adult,0.36,447402,150327.072,54118,322
Wyoming,0.339,2025-01-11,Adult,0.36,447402,151669.278,54601,483
Wyoming,0.339,2025-01-18,Adult,0.36,447402,151669.278,54601,0
Wyoming,0.339,2025-01-25,Adult,0.36,447402,151669.278,54601,0
Wyoming,0.348,2025-02-01,Adult,0.36,447402,155695.896,56051,1450
Wyoming,0.349,2025-02-08,Adult,0.36,447402,156143.298,56212,161
Wyoming,0.349,2025-02-15,Adult,0.36,447402,156143.298,56212,0
Wyoming,0.349,2025-02-22,Adult,0.36,447402,156143.298,56212,0
Wyoming,0.359,2025-03-01,Adult,0.36,447402,160617.318,57822,1610
Wyoming,0.359,2025-03-08,Adult,0.36,447402,160617.318,57822,0
Wyoming,0.359,2025-03-15,Adult,0.36,447402,160617.318,57822,0
Wyoming,0.359,2025-03-22,Adult,0.36,447402,160617.318,57822,0
Wyoming,0.359,2025-03-29,Adult,0.36,447402,160617.318,57822,0
Wyoming,0.369,2025-04-05,Adult,0.36,447402,165091.338,59433,1611
Wyoming,0.374,2025-04-12,Adult,0.36,447402,167328.348,60238,805
Wyoming,0.375,2025-04-19,Adult,0.36,447402,167775.75,60399,161
Wyoming,0.375,2025-04-26,Adult,0.36,447402,167775.75,60399,0
Wyoming,0.128512,2024-10-05,Pediatric,0.51,132359,17009.719808,8675,8675
Wyoming,0.128512,2024-10-12,Pediatric,0.51,132359,17009.719808,8675,0
Wyoming,0.134128,2024-10-19,Pediatric,0.51,132359,17753.047952,9054,379
Wyoming,0.173883,2024-10-26,Pediatric,0.51,132359,23014.979997,11738,2684
Wyoming,0.248402,2024-11-02,Pediatric,0.51,132359,32878.240318,16768,5030
Wyoming,0.248402,2024-11-09,Pediatric,0.51,132359,32878.240318,16768,0
Wyoming,0.248402,2024-11-16,Pediatric,0.51,132359,32878.240318,16768,0
Wyoming,0.248402,2024-11-23,Pediatric,0.51,132359,32878.240318,16768,0
Wyoming,0.248402,2024-11-30,Pediatric,0.51,132359,32878.240318,16768,0
Wyoming,0.318052,2024-12-07,Pediatric,0.51,132359,42097.044668,21469,4701
Wyoming,0.325135,2024-12-14,Pediatric,0.51,132359,43034.543465,21948,479
Wyoming,0.325135,2024-12-21,Pediatric,0.51,132359,43034.543465,21948,0
Wyoming,0.325135,2024-12-28,Pediatric,0.51,132359,43034.543465,21948,0
Wyoming,0.331927,2025-01-04,Pediatric,0.51,132359,43933.525793,22406,458
Wyoming,0.338719,2025-01-11,Pediatric,0.51,132359,44832.508121,22865,459
Wyoming,0.338719,2025-01-18,Pediatric,0.51,132359,44832.508121,22865,0
Wyoming,0.342836,2025-01-25,Pediatric,0.51,132359,45377.430124,23142,277
Wyoming,0.342836,2025-02-01,Pediatric,0.51,132359,45377.430124,23142,0
Wyoming,0.342836,2025-02-08,Pediatric,0.51,132359,45377.430124,23142,0
Wyoming,0.350215,2025-02-15,Pediatric,0.51,132359,46354.107185,23641,499
Wyoming,0.350215,2025-02-22,Pediatric,0.51,132359,46354.107185,23641,0
Wyoming,0.352411,2025-03-01,Pediatric,0.51,132359,46644.767549,23789,148
Wyoming,0.353565,2025-03-08,Pediatric,0.51,132359,46797.509835,23867,78
Wyoming,0.353565,2025-03-15,Pediatric,0.51,132359,46797.509835,23867,0
Wyoming,0.353565,2025-03-22,Pediatric,0.51,132359,46797.509835,23867,0
Wyoming,0.353565,2025-03-29,Pediatric,0.51,132359,46797.509835,23867,0
Wyoming,0.356885,2025-04-05,Pediatric,0.51,132359,47236.941715,24091,224
Wyoming,0.356885,2025-04-12,Pediatric,0.51,132359,47236.941715,24091,0
Wyoming,0.356885,2025-04-19,Pediatric,0.51,132359,47236.941715,24091,0
Wyoming,0.356885,2025-04-26,Pediatric,0.51,132359,47236.941715,24091,0
