STATE_NAME,STATE_FIPS,age_group,frac_high_risk,frac_high_risk_low,frac_high_risk_upp,n_unw
Minnesota,27,0-4,0.0414769127629145,0.0178200159182604,0.0651338096075686,644
Minnesota,27,5-17,0.323081967565279,0.293938032874818,0.352225902255739,1755
Minnesota,27,18-49,0.512603640300626,0.495373474979922,0.529833805621331,5814
Minnesota,27,50-64,0.518567690933305,0.496071685077598,0.541063696789013,4225
Minnesota,27,65+,0.590603222272374,0.570299493564814,0.610906950979935,6125
