STATE_NAME,STATE_FIPS,age_group,frac_high_risk,frac_high_risk_low,frac_high_risk_upp,n_unw
Louisiana,22,0-4,0.0613587776630335,0.0365217700867916,0.0861957852392755,592
Louisiana,22,5-17,0.387678033648332,0.354819871937977,0.420536195358687,1501
Louisiana,22,18-49,0.495462938130774,0.468165167015822,0.522760709245726,2063
Louisiana,22,50-64,0.480317733095902,0.448473017544571,0.512162448647234,1489
Louisiana,22,65+,0.573045596972577,0.543401755568905,0.60268943837625,1835
