STATE_NAME,STATE_FIPS,age_group,frac_high_risk,frac_high_risk_low,frac_high_risk_upp,n_unw
Wisconsin,55,0-4,0.053460606013276,0.0259649205887173,0.0809562914378347,415
Wisconsin,55,5-17,0.357259972232287,0.318650628651945,0.395869315812629,1035
Wisconsin,55,18-49,0.510077042204874,0.488960456376091,0.531193628033657,3416
Wisconsin,55,50-64,0.536893601188668,0.515915828007425,0.55787137436991,3344
Wisconsin,55,65+,0.619904842270918,0.604285812937571,0.635523871604266,6055
