STATE_NAME,STATE_FIPS,age_group,frac_high_risk,frac_high_risk_low,frac_high_risk_upp,n_unw
New York,36,0-4,0.029981983602063,0.00389262986729055,0.0560713373368355,288
New York,36,5-17,0.330210978924123,0.276587713556589,0.383834244291658,597
New York,36,18-49,0.49468527347124,0.478492188192772,0.510878358749709,7495
New York,36,50-64,0.479251958172555,0.455850030212622,0.502653886132489,4463
New York,36,65+,0.549388371685698,0.526484475420009,0.572292267951387,5386
