STATE_NAME,STATE_FIPS,age_group,frac_high_risk,frac_high_risk_low,frac_high_risk_upp,n_unw
Wyoming,56,0-4,0.0452400688719964,0.0198415825444193,0.0706385551995735,400
Wyoming,56,5-17,0.351257793635064,0.310849798874403,0.391665788395725,908
Wyoming,56,18-49,0.52402200200954,0.49234749440135,0.555696509617729,1210
Wyoming,56,50-64,0.529611064165416,0.494487180997545,0.564734947333288,1002
Wyoming,56,65+,0.624549479363965,0.600971304375351,0.648127654352579,2271
