STATE_NAME,STATE_FIPS,age_group,frac_high_risk,frac_high_risk_low,frac_high_risk_upp,n_unw
Utah,49,0-4,0.0444178743579662,0.0223335056515289,0.0665022430644035,302
Utah,49,5-17,0.313438027964442,0.260171333958795,0.366704721970089,536
Utah,49,18-49,0.494344524348953,0.477190653337564,0.511498395360342,5355
Utah,49,50-64,0.430399611622908,0.404458850025636,0.45634037322018,2296
Utah,49,65+,0.516792923419093,0.493268892241805,0.540316954596381,3500
