STATE_NAME,STATE_FIPS,age_group,frac_high_risk,frac_high_risk_low,frac_high_risk_upp,n_unw
Michigan,26,0-4,0.0951310297481482,0.0399008113493842,0.150361248146912,296
Michigan,26,5-17,0.369274139288602,0.31683791338356,0.421710365193644,553
Michigan,26,18-49,0.545621704485653,0.523348941315838,0.567894467655467,3177
Michigan,26,50-64,0.570527421662652,0.545668843118854,0.59538600020645,2544
Michigan,26,65+,0.647955148579501,0.628565227857385,0.667345069301617,4254
