STATE_NAME,STATE_FIPS,age_group,frac_high_risk,frac_high_risk_low,frac_high_risk_upp,n_unw
Hawaii,15,0-4,0.0429076728310408,0.00754248031285651,0.078272865349225,285
Hawaii,15,5-17,0.305247577795624,0.247072481215405,0.363422674375843,553
Hawaii,15,18-49,0.515812159918267,0.490571604465666,0.541052715370869,2865
Hawaii,15,50-64,0.514733007318941,0.481825740174788,0.547640274463093,1791
Hawaii,15,65+,0.621157812137144,0.593376904935121,0.648938719339166,3176
