STATE_NAME,STATE_FIPS,age_group,frac_high_risk,frac_high_risk_low,frac_high_risk_upp,n_unw
West Virginia,54,0-4,0.0852312524843442,0.0437151313775033,0.126747373591185,254
West Virginia,54,5-17,0.436917752335413,0.380779588199448,0.493055916471378,540
West Virginia,54,18-49,0.54901976822091,0.518661054303462,0.579378482138359,1369
West Virginia,54,50-64,0.555803495892464,0.5230965949393,0.588510396845629,1128
West Virginia,54,65+,0.633656527039243,0.608756581652422,0.658556472426065,1842
