STATE_NAME,STATE_FIPS,age_group,frac_high_risk,frac_high_risk_low,frac_high_risk_upp,n_unw
Arizona,04,0-4,0.0546945490071761,0.0162893691313834,0.0930997288829687,262
Arizona,04,5-17,0.346780258818917,0.288253692690602,0.405306824947231,540
Arizona,04,18-49,0.4930280369462,0.470771880805394,0.515284193087007,3555
Arizona,04,50-64,0.444507394061888,0.417321000765866,0.47169378735791,2808
Arizona,04,65+,0.574746042892247,0.554005129882051,0.595486955902443,5670
