STATE_NAME,STATE_FIPS,age_group,frac_high_risk,frac_high_risk_low,frac_high_risk_upp,n_unw
Massachusetts,25,0-4,0.0407751249845429,0.0193513776935409,0.0621988722755448,260
Massachusetts,25,5-17,0.293519878109543,0.241052406099726,0.34598735011936,488
Massachusetts,25,18-49,0.535385401625337,0.513168080849241,0.557602722401432,3932
Massachusetts,25,50-64,0.49741780781709,0.467530952196871,0.527304663437308,2393
Massachusetts,25,65+,0.549175756931705,0.520916835059635,0.577434678803774,3199
