STATE_NAME,STATE_FIPS,age_group,frac_high_risk,frac_high_risk_low,frac_high_risk_upp,n_unw
Montana,30,0-4,0.065279528931487,0.017254507868524,0.11330454999445,286
Montana,30,5-17,0.3386721662596,0.280496902821124,0.396847429698076,513
Montana,30,18-49,0.562699894409781,0.538465760985083,0.586934027834478,2270
Montana,30,50-64,0.557728710365785,0.52857017951631,0.58688724121526,1682
Montana,30,65+,0.624650299274154,0.603342009065706,0.645958589482602,3191
