STATE_NAME,STATE_FIPS,age_group,frac_high_risk,frac_high_risk_low,frac_high_risk_upp,n_unw
Alaska,02,0-4,0.0397117211808419,0.00961925137572339,0.0698041909859605,283
Alaska,02,5-17,0.335870924454621,0.278154148153048,0.393587700756195,533
Alaska,02,18-49,0.531234329659125,0.504042105670255,0.558426553647994,2126
Alaska,02,50-64,0.534264683050374,0.498276485884068,0.57025288021668,1425
Alaska,02,65+,0.601994398926178,0.570273416644336,0.633715381208021,1972
