STATE_NAME,STATE_FIPS,age_group,frac_high_risk,frac_high_risk_low,frac_high_risk_upp,n_unw
Nebraska,31,0-4,0.0480354528741568,0.00771110865365856,0.088359797094655,336
Nebraska,31,5-17,0.331916198488482,0.289882168822309,0.373950228154655,814
Nebraska,31,18-49,0.472884631923081,0.455059171665324,0.490710092180837,5163
Nebraska,31,50-64,0.423400702083937,0.400442949798425,0.44635845436945,3075
Nebraska,31,65+,0.505048465632669,0.485257426598873,0.524839504666464,4648
