STATE_NAME,STATE_FIPS,age_group,frac_high_risk,frac_high_risk_low,frac_high_risk_upp,n_unw
Idaho,16,0-4,0.0302739717309134,0.00935184513954055,0.0511960983222863,281
Idaho,16,5-17,0.302111113951674,0.249934474332012,0.354287753571336,521
Idaho,16,18-49,0.487794233076652,0.464383147057537,0.511205319095767,3078
Idaho,16,50-64,0.45982541157307,0.425013600790222,0.494637222355918,1440
Idaho,16,65+,0.575774716751638,0.547846973238201,0.603702460265076,2376
